# SYNTHETIC MODEL OUTPUT (Python reduced-order models in figures/), NOT Simulink results. Generated by export_data.py.
# IEEE 118-bus Bus 44, line trip + wind variability at 0.50 s, pre-disturbance 0.942 p.u.
# noise-free curves; dt = 2 ms
time_s,V_SG_only_pu,V_50RES_NC_pu,V_50RES_PF_Tcomm0_pu,V_50RES_PF_Tcomm200ms_pu
0,0.942,0.942,0.942,0.942
0.002,0.942,0.942,0.942,0.942
0.004,0.942,0.942,0.942,0.942
0.006,0.942,0.942,0.942,0.942
0.008,0.942,0.942,0.942,0.942
0.01,0.942,0.942,0.942,0.942
0.012,0.942,0.942,0.942,0.942
0.014,0.942,0.942,0.942,0.942
0.016,0.942,0.942,0.942,0.942
0.018,0.942,0.942,0.942,0.942
0.02,0.942,0.942,0.942,0.942
0.022,0.942,0.942,0.942,0.942
0.024,0.942,0.942,0.942,0.942
0.026,0.942,0.942,0.942,0.942
0.028,0.942,0.942,0.942,0.942
0.03,0.942,0.942,0.942,0.942
0.032,0.942,0.942,0.942,0.942
0.034,0.942,0.942,0.942,0.942
0.036,0.942,0.942,0.942,0.942
0.038,0.942,0.942,0.942,0.942
0.04,0.942,0.942,0.942,0.942
0.042,0.942,0.942,0.942,0.942
0.044,0.942,0.942,0.942,0.942
0.046,0.942,0.942,0.942,0.942
0.048,0.942,0.942,0.942,0.942
0.05,0.942,0.942,0.942,0.942
0.052,0.942,0.942,0.942,0.942
0.054,0.942,0.942,0.942,0.942
0.056,0.942,0.942,0.942,0.942
0.058,0.942,0.942,0.942,0.942
0.06,0.942,0.942,0.942,0.942
0.062,0.942,0.942,0.942,0.942
0.064,0.942,0.942,0.942,0.942
0.066,0.942,0.942,0.942,0.942
0.068,0.942,0.942,0.942,0.942
0.07,0.942,0.942,0.942,0.942
0.072,0.942,0.942,0.942,0.942
0.074,0.942,0.942,0.942,0.942
0.076,0.942,0.942,0.942,0.942
0.078,0.942,0.942,0.942,0.942
0.08,0.942,0.942,0.942,0.942
0.082,0.942,0.942,0.942,0.942
0.084,0.942,0.942,0.942,0.942
0.086,0.942,0.942,0.942,0.942
0.088,0.942,0.942,0.942,0.942
0.09,0.942,0.942,0.942,0.942
0.092,0.942,0.942,0.942,0.942
0.094,0.942,0.942,0.942,0.942
0.096,0.942,0.942,0.942,0.942
0.098,0.942,0.942,0.942,0.942
0.1,0.942,0.942,0.942,0.942
0.102,0.942,0.942,0.942,0.942
0.104,0.942,0.942,0.942,0.942
0.106,0.942,0.942,0.942,0.942
0.108,0.942,0.942,0.942,0.942
0.11,0.942,0.942,0.942,0.942
0.112,0.942,0.942,0.942,0.942
0.114,0.942,0.942,0.942,0.942
0.116,0.942,0.942,0.942,0.942
0.118,0.942,0.942,0.942,0.942
0.12,0.942,0.942,0.942,0.942
0.122,0.942,0.942,0.942,0.942
0.124,0.942,0.942,0.942,0.942
0.126,0.942,0.942,0.942,0.942
0.128,0.942,0.942,0.942,0.942
0.13,0.942,0.942,0.942,0.942
0.132,0.942,0.942,0.942,0.942
0.134,0.942,0.942,0.942,0.942
0.136,0.942,0.942,0.942,0.942
0.138,0.942,0.942,0.942,0.942
0.14,0.942,0.942,0.942,0.942
0.142,0.942,0.942,0.942,0.942
0.144,0.942,0.942,0.942,0.942
0.146,0.942,0.942,0.942,0.942
0.148,0.942,0.942,0.942,0.942
0.15,0.942,0.942,0.942,0.942
0.152,0.942,0.942,0.942,0.942
0.154,0.942,0.942,0.942,0.942
0.156,0.942,0.942,0.942,0.942
0.158,0.942,0.942,0.942,0.942
0.16,0.942,0.942,0.942,0.942
0.162,0.942,0.942,0.942,0.942
0.164,0.942,0.942,0.942,0.942
0.166,0.942,0.942,0.942,0.942
0.168,0.942,0.942,0.942,0.942
0.17,0.942,0.942,0.942,0.942
0.172,0.942,0.942,0.942,0.942
0.174,0.942,0.942,0.942,0.942
0.176,0.942,0.942,0.942,0.942
0.178,0.942,0.942,0.942,0.942
0.18,0.942,0.942,0.942,0.942
0.182,0.942,0.942,0.942,0.942
0.184,0.942,0.942,0.942,0.942
0.186,0.942,0.942,0.942,0.942
0.188,0.942,0.942,0.942,0.942
0.19,0.942,0.942,0.942,0.942
0.192,0.942,0.942,0.942,0.942
0.194,0.942,0.942,0.942,0.942
0.196,0.942,0.942,0.942,0.942
0.198,0.942,0.942,0.942,0.942
0.2,0.942,0.942,0.942,0.942
0.202,0.942,0.942,0.942,0.942
0.204,0.942,0.942,0.942,0.942
0.206,0.942,0.942,0.942,0.942
0.208,0.942,0.942,0.942,0.942
0.21,0.942,0.942,0.942,0.942
0.212,0.942,0.942,0.942,0.942
0.214,0.942,0.942,0.942,0.942
0.216,0.942,0.942,0.942,0.942
0.218,0.942,0.942,0.942,0.942
0.22,0.942,0.942,0.942,0.942
0.222,0.942,0.942,0.942,0.942
0.224,0.942,0.942,0.942,0.942
0.226,0.942,0.942,0.942,0.942
0.228,0.942,0.942,0.942,0.942
0.23,0.942,0.942,0.942,0.942
0.232,0.942,0.942,0.942,0.942
0.234,0.942,0.942,0.942,0.942
0.236,0.942,0.942,0.942,0.942
0.238,0.942,0.942,0.942,0.942
0.24,0.942,0.942,0.942,0.942
0.242,0.942,0.942,0.942,0.942
0.244,0.942,0.942,0.942,0.942
0.246,0.942,0.942,0.942,0.942
0.248,0.942,0.942,0.942,0.942
0.25,0.942,0.942,0.942,0.942
0.252,0.942,0.942,0.942,0.942
0.254,0.942,0.942,0.942,0.942
0.256,0.942,0.942,0.942,0.942
0.258,0.942,0.942,0.942,0.942
0.26,0.942,0.942,0.942,0.942
0.262,0.942,0.942,0.942,0.942
0.264,0.942,0.942,0.942,0.942
0.266,0.942,0.942,0.942,0.942
0.268,0.942,0.942,0.942,0.942
0.27,0.942,0.942,0.942,0.942
0.272,0.942,0.942,0.942,0.942
0.274,0.942,0.942,0.942,0.942
0.276,0.942,0.942,0.942,0.942
0.278,0.942,0.942,0.942,0.942
0.28,0.942,0.942,0.942,0.942
0.282,0.942,0.942,0.942,0.942
0.284,0.942,0.942,0.942,0.942
0.286,0.942,0.942,0.942,0.942
0.288,0.942,0.942,0.942,0.942
0.29,0.942,0.942,0.942,0.942
0.292,0.942,0.942,0.942,0.942
0.294,0.942,0.942,0.942,0.942
0.296,0.942,0.942,0.942,0.942
0.298,0.942,0.942,0.942,0.942
0.3,0.942,0.942,0.942,0.942
0.302,0.942,0.942,0.942,0.942
0.304,0.942,0.942,0.942,0.942
0.306,0.942,0.942,0.942,0.942
0.308,0.942,0.942,0.942,0.942
0.31,0.942,0.942,0.942,0.942
0.312,0.942,0.942,0.942,0.942
0.314,0.942,0.942,0.942,0.942
0.316,0.942,0.942,0.942,0.942
0.318,0.942,0.942,0.942,0.942
0.32,0.942,0.942,0.942,0.942
0.322,0.942,0.942,0.942,0.942
0.324,0.942,0.942,0.942,0.942
0.326,0.942,0.942,0.942,0.942
0.328,0.942,0.942,0.942,0.942
0.33,0.942,0.942,0.942,0.942
0.332,0.942,0.942,0.942,0.942
0.334,0.942,0.942,0.942,0.942
0.336,0.942,0.942,0.942,0.942
0.338,0.942,0.942,0.942,0.942
0.34,0.942,0.942,0.942,0.942
0.342,0.942,0.942,0.942,0.942
0.344,0.942,0.942,0.942,0.942
0.346,0.942,0.942,0.942,0.942
0.348,0.942,0.942,0.942,0.942
0.35,0.942,0.942,0.942,0.942
0.352,0.942,0.942,0.942,0.942
0.354,0.942,0.942,0.942,0.942
0.356,0.942,0.942,0.942,0.942
0.358,0.942,0.942,0.942,0.942
0.36,0.942,0.942,0.942,0.942
0.362,0.942,0.942,0.942,0.942
0.364,0.942,0.942,0.942,0.942
0.366,0.942,0.942,0.942,0.942
0.368,0.942,0.942,0.942,0.942
0.37,0.942,0.942,0.942,0.942
0.372,0.942,0.942,0.942,0.942
0.374,0.942,0.942,0.942,0.942
0.376,0.942,0.942,0.942,0.942
0.378,0.942,0.942,0.942,0.942
0.38,0.942,0.942,0.942,0.942
0.382,0.942,0.942,0.942,0.942
0.384,0.942,0.942,0.942,0.942
0.386,0.942,0.942,0.942,0.942
0.388,0.942,0.942,0.942,0.942
0.39,0.942,0.942,0.942,0.942
0.392,0.942,0.942,0.942,0.942
0.394,0.942,0.942,0.942,0.942
0.396,0.942,0.942,0.942,0.942
0.398,0.942,0.942,0.942,0.942
0.4,0.942,0.942,0.942,0.942
0.402,0.942,0.942,0.942,0.942
0.404,0.942,0.942,0.942,0.942
0.406,0.942,0.942,0.942,0.942
0.408,0.942,0.942,0.942,0.942
0.41,0.942,0.942,0.942,0.942
0.412,0.942,0.942,0.942,0.942
0.414,0.942,0.942,0.942,0.942
0.416,0.942,0.942,0.942,0.942
0.418,0.942,0.942,0.942,0.942
0.42,0.942,0.942,0.942,0.942
0.422,0.942,0.942,0.942,0.942
0.424,0.942,0.942,0.942,0.942
0.426,0.942,0.942,0.942,0.942
0.428,0.942,0.942,0.942,0.942
0.43,0.942,0.942,0.942,0.942
0.432,0.942,0.942,0.942,0.942
0.434,0.942,0.942,0.942,0.942
0.436,0.942,0.942,0.942,0.942
0.438,0.942,0.942,0.942,0.942
0.44,0.942,0.942,0.942,0.942
0.442,0.942,0.942,0.942,0.942
0.444,0.942,0.942,0.942,0.942
0.446,0.942,0.942,0.942,0.942
0.448,0.942,0.942,0.942,0.942
0.45,0.942,0.942,0.942,0.942
0.452,0.942,0.942,0.942,0.942
0.454,0.942,0.942,0.942,0.942
0.456,0.942,0.942,0.942,0.942
0.458,0.942,0.942,0.942,0.942
0.46,0.942,0.942,0.942,0.942
0.462,0.942,0.942,0.942,0.942
0.464,0.942,0.942,0.942,0.942
0.466,0.942,0.942,0.942,0.942
0.468,0.942,0.942,0.942,0.942
0.47,0.942,0.942,0.942,0.942
0.472,0.942,0.942,0.942,0.942
0.474,0.942,0.942,0.942,0.942
0.476,0.942,0.942,0.942,0.942
0.478,0.942,0.942,0.942,0.942
0.48,0.942,0.942,0.942,0.942
0.482,0.942,0.942,0.942,0.942
0.484,0.942,0.942,0.942,0.942
0.486,0.942,0.942,0.942,0.942
0.488,0.942,0.942,0.942,0.942
0.49,0.942,0.942,0.942,0.942
0.492,0.942,0.942,0.942,0.942
0.494,0.942,0.942,0.942,0.942
0.496,0.942,0.942,0.942,0.942
0.498,0.942,0.942,0.942,0.942
0.5,0.942,0.942,0.942,0.942
0.502,0.941552,0.94145,0.94145,0.94145
0.504,0.941107,0.940902,0.940902,0.940902
0.506,0.940664,0.940356,0.940356,0.940356
0.508,0.940223,0.939812,0.939812,0.939812
0.51,0.939785,0.939269,0.939269,0.939269
0.512,0.939348,0.938729,0.938729,0.938729
0.514,0.938915,0.93819,0.93819,0.93819
0.516,0.938483,0.937653,0.937653,0.937653
0.518,0.938054,0.937119,0.937119,0.937119
0.52,0.937627,0.936586,0.936586,0.936586
0.522,0.937202,0.936055,0.936055,0.936055
0.524,0.936779,0.935525,0.935525,0.935525
0.526,0.936359,0.934998,0.934998,0.934998
0.528,0.935941,0.934472,0.934472,0.934472
0.53,0.935525,0.933949,0.933949,0.933949
0.532,0.935111,0.933427,0.933427,0.933427
0.534,0.9347,0.932907,0.932907,0.932907
0.536,0.934291,0.932389,0.932389,0.932389
0.538,0.933884,0.931873,0.931873,0.931873
0.54,0.933479,0.931358,0.931358,0.931358
0.542,0.933076,0.930845,0.930845,0.930845
0.544,0.932676,0.930335,0.930335,0.930335
0.546,0.932277,0.929826,0.929826,0.929826
0.548,0.931881,0.929318,0.929318,0.929318
0.55,0.931487,0.928813,0.928813,0.928813
0.552,0.931095,0.928309,0.928309,0.928309
0.554,0.930705,0.927807,0.927807,0.927807
0.556,0.930317,0.927307,0.927307,0.927307
0.558,0.929931,0.926809,0.926809,0.926809
0.56,0.929548,0.926312,0.926312,0.926312
0.562,0.929166,0.925818,0.925818,0.925818
0.564,0.928787,0.925325,0.925325,0.925325
0.566,0.928409,0.924833,0.924833,0.924833
0.568,0.928034,0.924344,0.924344,0.924344
0.57,0.927661,0.923856,0.923856,0.923856
0.572,0.92729,0.92337,0.92337,0.92337
0.574,0.92692,0.922886,0.922886,0.922886
0.576,0.926553,0.922403,0.922403,0.922403
0.578,0.926188,0.921923,0.921923,0.921923
0.58,0.925825,0.921444,0.921444,0.921444
0.582,0.925464,0.920966,0.920966,0.920966
0.584,0.925105,0.920491,0.920491,0.920491
0.586,0.924747,0.920017,0.920017,0.920017
0.588,0.924392,0.919544,0.919544,0.919544
0.59,0.924039,0.919074,0.919074,0.919074
0.592,0.923688,0.918605,0.918605,0.918605
0.594,0.923338,0.918138,0.918138,0.918138
0.596,0.922991,0.917673,0.917673,0.917673
0.598,0.922646,0.917209,0.917209,0.917209
0.6,0.922302,0.916747,0.916747,0.916747
0.602,0.921961,0.916287,0.916287,0.916287
0.604,0.921621,0.915828,0.915828,0.915828
0.606,0.921283,0.915371,0.915371,0.915371
0.608,0.920947,0.914915,0.914915,0.914915
0.61,0.920613,0.914462,0.914462,0.914462
0.612,0.920281,0.91401,0.91401,0.91401
0.614,0.919951,0.913559,0.913559,0.913559
0.616,0.919622,0.91311,0.91311,0.91311
0.618,0.919296,0.912663,0.912663,0.912663
0.62,0.918971,0.912218,0.912218,0.912218
0.622,0.918649,0.911774,0.911774,0.911774
0.624,0.918328,0.911332,0.911332,0.911332
0.626,0.918008,0.910891,0.910891,0.910891
0.628,0.917691,0.910452,0.910452,0.910452
0.63,0.917376,0.910015,0.910015,0.910015
0.632,0.917062,0.909579,0.909579,0.909579
0.634,0.91675,0.909145,0.909145,0.909145
0.636,0.91644,0.908712,0.908712,0.908712
0.638,0.916131,0.908281,0.908281,0.908281
0.64,0.915825,0.907852,0.907852,0.907852
0.642,0.91552,0.907424,0.907424,0.907424
0.644,0.915217,0.906998,0.906998,0.906998
0.646,0.914916,0.906573,0.906573,0.906573
0.648,0.914616,0.90615,0.90615,0.90615
0.65,0.914318,0.905728,0.905728,0.905728
0.652,0.914022,0.905308,0.905308,0.905308
0.654,0.913728,0.90489,0.90489,0.90489
0.656,0.913435,0.904473,0.904473,0.904473
0.658,0.913145,0.904058,0.904058,0.904058
0.66,0.912855,0.903644,0.903644,0.903644
0.662,0.912568,0.903232,0.903232,0.903232
0.664,0.912282,0.902821,0.902821,0.902821
0.666,0.911998,0.902412,0.902412,0.902412
0.668,0.911716,0.902005,0.902005,0.902005
0.67,0.911435,0.901598,0.901598,0.901598
0.672,0.911156,0.901194,0.901194,0.901194
0.674,0.910878,0.900791,0.900791,0.900791
0.676,0.910602,0.900389,0.900389,0.900389
0.678,0.910328,0.899989,0.899989,0.899989
0.68,0.910056,0.899591,0.899591,0.899591
0.682,0.909785,0.899194,0.899194,0.899194
0.684,0.909516,0.898798,0.898798,0.898798
0.686,0.909248,0.898404,0.898404,0.898404
0.688,0.908982,0.898012,0.898012,0.898012
0.69,0.908717,0.897621,0.897621,0.897621
0.692,0.908455,0.897231,0.897231,0.897231
0.694,0.908193,0.896843,0.896843,0.896843
0.696,0.907934,0.896456,0.896456,0.896456
0.698,0.907676,0.896071,0.896071,0.896071
0.7,0.907419,0.895688,0.895688,0.895688
0.702,0.907164,0.895305,0.895305,0.895305
0.704,0.906911,0.894925,0.894925,0.894925
0.706,0.906659,0.894545,0.894545,0.894545
0.708,0.906408,0.894167,0.894167,0.894167
0.71,0.90616,0.893791,0.893791,0.893791
0.712,0.905912,0.893416,0.893416,0.893416
0.714,0.905667,0.893042,0.893042,0.893042
0.716,0.905422,0.89267,0.89267,0.89267
0.718,0.90518,0.8923,0.8923,0.8923
0.72,0.904939,0.89193,0.89193,0.89193
0.722,0.904699,0.891562,0.891562,0.891562
0.724,0.904461,0.891196,0.891196,0.891196
0.726,0.904224,0.890831,0.890831,0.890831
0.728,0.903989,0.890467,0.890467,0.890467
0.73,0.903755,0.890105,0.890105,0.890105
0.732,0.903523,0.889744,0.889744,0.889744
0.734,0.903292,0.889385,0.889385,0.889385
0.736,0.903062,0.889027,0.889027,0.889027
0.738,0.902834,0.88867,0.88867,0.88867
0.74,0.902608,0.888315,0.888315,0.888315
0.742,0.902383,0.887961,0.887961,0.887961
0.744,0.902159,0.887609,0.887609,0.887609
0.746,0.901937,0.887257,0.887257,0.887257
0.748,0.901716,0.886908,0.886908,0.886908
0.75,0.901497,0.886559,0.886559,0.886559
0.752,0.901279,0.886212,0.886212,0.886212
0.754,0.901062,0.885867,0.885867,0.885867
0.756,0.900847,0.885522,0.885522,0.885522
0.758,0.900633,0.885179,0.885179,0.885179
0.76,0.900421,0.884838,0.884838,0.884838
0.762,0.90021,0.884497,0.884497,0.884497
0.764,0.9,0.884158,0.884158,0.884158
0.766,0.899792,0.883821,0.883821,0.883821
0.768,0.899585,0.883484,0.883484,0.883484
0.77,0.89938,0.883149,0.883149,0.883149
0.772,0.899175,0.882816,0.882816,0.882816
0.774,0.898973,0.882484,0.882484,0.882484
0.776,0.898771,0.882153,0.882153,0.882153
0.778,0.898571,0.881823,0.881823,0.881823
0.78,0.898372,0.881494,0.881494,0.881494
0.782,0.898174,0.881167,0.881167,0.881167
0.784,0.897978,0.880842,0.880842,0.880842
0.786,0.897783,0.880517,0.880517,0.880517
0.788,0.89759,0.880194,0.880194,0.880194
0.79,0.897397,0.879872,0.879872,0.879872
0.792,0.897206,0.879551,0.879551,0.879551
0.794,0.897016,0.879232,0.879232,0.879232
0.796,0.896828,0.878914,0.878914,0.878914
0.798,0.896641,0.878597,0.878597,0.878597
0.8,0.896455,0.878282,0.878282,0.878282
0.802,0.89627,0.877967,0.877967,0.877967
0.804,0.896087,0.877655,0.877655,0.877655
0.806,0.895905,0.877343,0.877343,0.877343
0.808,0.895724,0.877032,0.877032,0.877032
0.81,0.895544,0.876723,0.876723,0.876723
0.812,0.895366,0.876415,0.876415,0.876415
0.814,0.895188,0.876109,0.876109,0.876109
0.816,0.895013,0.875803,0.875803,0.875803
0.818,0.894838,0.875499,0.875499,0.875499
0.82,0.894664,0.875196,0.875196,0.875196
0.822,0.894492,0.874894,0.874894,0.874894
0.824,0.894321,0.874594,0.874594,0.874594
0.826,0.894151,0.874294,0.874294,0.874294
0.828,0.893982,0.873996,0.873996,0.873996
0.83,0.893815,0.873699,0.873699,0.873699
0.832,0.893648,0.873404,0.873404,0.873404
0.834,0.893483,0.873109,0.873109,0.873109
0.836,0.893319,0.872816,0.872816,0.872816
0.838,0.893156,0.872524,0.872524,0.872524
0.84,0.892995,0.872233,0.872233,0.872233
0.842,0.892834,0.871944,0.871944,0.871944
0.844,0.892675,0.871655,0.871655,0.871655
0.846,0.892517,0.871368,0.871368,0.871368
0.848,0.89236,0.871082,0.871082,0.871082
0.85,0.892204,0.870797,0.870797,0.870797
0.852,0.892049,0.870513,0.870513,0.870513
0.854,0.891895,0.870231,0.870231,0.870231
0.856,0.891743,0.86995,0.86995,0.86995
0.858,0.891592,0.86967,0.86967,0.86967
0.86,0.891441,0.869391,0.869391,0.869391
0.862,0.891292,0.869113,0.869113,0.869113
0.864,0.891144,0.868836,0.868836,0.868836
0.866,0.890997,0.868561,0.868561,0.868561
0.868,0.890851,0.868286,0.868286,0.868286
0.87,0.890707,0.868013,0.868013,0.868013
0.872,0.890563,0.867741,0.867741,0.867741
0.874,0.89042,0.86747,0.86747,0.86747
0.876,0.890279,0.8672,0.8672,0.8672
0.878,0.890138,0.866932,0.866932,0.866932
0.88,0.889999,0.866664,0.866664,0.866664
0.882,0.889861,0.866398,0.866398,0.866398
0.884,0.889723,0.866133,0.866133,0.866133
0.886,0.889587,0.865869,0.865869,0.865869
0.888,0.889452,0.865606,0.865606,0.865606
0.89,0.889318,0.865344,0.865344,0.865344
0.892,0.889185,0.865083,0.865083,0.865083
0.894,0.889053,0.864823,0.864823,0.864823
0.896,0.888922,0.864565,0.864565,0.864565
0.898,0.888792,0.864307,0.864307,0.864307
0.9,0.888663,0.864051,0.864051,0.864051
0.902,0.888535,0.863796,0.863796,0.863796
0.904,0.888408,0.863542,0.863542,0.863542
0.906,0.888282,0.863289,0.863289,0.863289
0.908,0.888157,0.863037,0.863037,0.863037
0.91,0.888033,0.862786,0.862786,0.862786
0.912,0.88791,0.862536,0.862536,0.862536
0.914,0.887788,0.862288,0.862288,0.862288
0.916,0.887667,0.86204,0.86204,0.86204
0.918,0.887547,0.861793,0.861793,0.861793
0.92,0.887428,0.861548,0.861548,0.861548
0.922,0.88731,0.861304,0.861304,0.861304
0.924,0.887193,0.86106,0.86106,0.86106
0.926,0.887077,0.860818,0.860818,0.860818
0.928,0.886962,0.860577,0.860577,0.860577
0.93,0.886848,0.860337,0.860337,0.860337
0.932,0.886735,0.860098,0.860098,0.860098
0.934,0.886622,0.859859,0.859859,0.859859
0.936,0.886511,0.859622,0.859622,0.859622
0.938,0.886401,0.859387,0.859387,0.859387
0.94,0.886291,0.859152,0.859152,0.859152
0.942,0.886183,0.858918,0.858918,0.858918
0.944,0.886075,0.858685,0.858685,0.858685
0.946,0.885968,0.858453,0.858453,0.858453
0.948,0.885863,0.858222,0.858222,0.858222
0.95,0.885758,0.857993,0.857993,0.857993
0.952,0.885654,0.857764,0.857764,0.857764
0.954,0.885551,0.857536,0.857536,0.857536
0.956,0.885449,0.857309,0.857309,0.857309
0.958,0.885347,0.857084,0.857084,0.857084
0.96,0.885247,0.856859,0.856859,0.856859
0.962,0.885148,0.856635,0.856635,0.856635
0.964,0.885049,0.856413,0.856413,0.856413
0.966,0.884951,0.856191,0.856191,0.856191
0.968,0.884854,0.85597,0.85597,0.85597
0.97,0.884758,0.855751,0.855751,0.855751
0.972,0.884663,0.855532,0.855532,0.855532
0.974,0.884569,0.855314,0.855314,0.855314
0.976,0.884476,0.855098,0.855098,0.855098
0.978,0.884383,0.854882,0.854882,0.854882
0.98,0.884292,0.854667,0.854667,0.854667
0.982,0.884201,0.854453,0.854453,0.854453
0.984,0.884111,0.854241,0.854241,0.854241
0.986,0.884022,0.854029,0.854029,0.854029
0.988,0.883933,0.853818,0.853818,0.853818
0.99,0.883846,0.853608,0.853608,0.853608
0.992,0.883759,0.853399,0.853399,0.853399
0.994,0.883674,0.853191,0.853191,0.853191
0.996,0.883589,0.852984,0.852984,0.852984
0.998,0.883505,0.852778,0.852778,0.852778
1,0.883421,0.852573,0.852573,0.852573
1.002,0.883339,0.852369,0.852369,0.852369
1.004,0.883257,0.852166,0.852166,0.852166
1.006,0.883176,0.851964,0.851964,0.851964
1.008,0.883096,0.851763,0.851763,0.851763
1.01,0.883017,0.851562,0.851562,0.851562
1.012,0.882938,0.851363,0.851363,0.851363
1.014,0.88286,0.851164,0.851164,0.851164
1.016,0.882783,0.850967,0.850967,0.850967
1.018,0.882707,0.85077,0.85077,0.85077
1.02,0.882632,0.850575,0.850575,0.850575
1.022,0.882557,0.85038,0.85038,0.85038
1.024,0.882483,0.850186,0.850186,0.850186
1.026,0.88241,0.849993,0.849993,0.849993
1.028,0.882338,0.849801,0.849801,0.849801
1.03,0.882267,0.84961,0.84961,0.84961
1.032,0.882196,0.84942,0.84942,0.84942
1.034,0.882126,0.84923,0.84923,0.84923
1.036,0.882056,0.849042,0.849042,0.849042
1.038,0.881988,0.848855,0.848855,0.848855
1.04,0.88192,0.848668,0.848668,0.848668
1.042,0.881853,0.848482,0.848482,0.848482
1.044,0.881787,0.848297,0.848297,0.848297
1.046,0.881721,0.848114,0.848114,0.848114
1.048,0.881656,0.847931,0.847931,0.847931
1.05,0.881592,0.847748,0.847748,0.847748
1.052,0.881529,0.847567,0.847567,0.847567
1.054,0.881466,0.847387,0.847387,0.847387
1.056,0.881404,0.847207,0.847207,0.847207
1.058,0.881343,0.847029,0.847029,0.847029
1.06,0.881282,0.846851,0.846851,0.846851
1.062,0.881222,0.846674,0.846674,0.846674
1.064,0.881163,0.846498,0.846498,0.846498
1.066,0.881105,0.846323,0.846323,0.846323
1.068,0.881047,0.846149,0.846149,0.846149
1.07,0.88099,0.845975,0.845975,0.845975
1.072,0.880933,0.845803,0.845803,0.845803
1.074,0.880878,0.845631,0.845631,0.845631
1.076,0.880823,0.84546,0.84546,0.84546
1.078,0.880768,0.84529,0.84529,0.84529
1.08,0.880715,0.845121,0.845121,0.845121
1.082,0.880662,0.844953,0.844953,0.844953
1.084,0.880609,0.844785,0.844785,0.844785
1.086,0.880558,0.844619,0.844619,0.844619
1.088,0.880507,0.844453,0.844453,0.844453
1.09,0.880456,0.844288,0.844288,0.844288
1.092,0.880407,0.844124,0.844124,0.844124
1.094,0.880358,0.84396,0.84396,0.84396
1.096,0.880309,0.843798,0.843798,0.843798
1.098,0.880261,0.843636,0.843636,0.843636
1.1,0.880214,0.843475,0.843475,0.843475
1.102,0.880168,0.843315,0.843315,0.843315
1.104,0.880122,0.843156,0.843156,0.843156
1.106,0.880077,0.842998,0.842998,0.842998
1.108,0.880032,0.84284,0.84284,0.84284
1.11,0.879988,0.842684,0.842684,0.842684
1.112,0.879945,0.842528,0.842528,0.842528
1.114,0.879902,0.842372,0.842372,0.842372
1.116,0.87986,0.842218,0.842218,0.842218
1.118,0.879819,0.842065,0.842065,0.842065
1.12,0.879778,0.841912,0.841912,0.841912
1.122,0.879738,0.84176,0.84176,0.84176
1.124,0.879698,0.841609,0.841609,0.841609
1.126,0.879659,0.841458,0.841458,0.841458
1.128,0.879621,0.841309,0.841309,0.841309
1.13,0.879583,0.84116,0.84116,0.84116
1.132,0.879546,0.841012,0.841012,0.841012
1.134,0.879509,0.840865,0.840865,0.840865
1.136,0.879473,0.840718,0.840718,0.840718
1.138,0.879438,0.840573,0.840573,0.840573
1.14,0.879403,0.840428,0.840428,0.840428
1.142,0.879369,0.840284,0.840284,0.840284
1.144,0.879335,0.84014,0.84014,0.84014
1.146,0.879302,0.839998,0.839998,0.839998
1.148,0.879269,0.839856,0.839856,0.839856
1.15,0.879238,0.839715,0.839715,0.839715
1.152,0.879206,0.839574,0.839574,0.839574
1.154,0.879175,0.839435,0.839435,0.839435
1.156,0.879145,0.839296,0.839296,0.839296
1.158,0.879115,0.839158,0.839158,0.839158
1.16,0.879086,0.839021,0.839021,0.839021
1.162,0.879058,0.838884,0.838884,0.838884
1.164,0.879029,0.838748,0.838748,0.838748
1.166,0.879002,0.838613,0.838613,0.838613
1.168,0.878975,0.838479,0.838479,0.838479
1.17,0.878949,0.838345,0.838926,0.838345
1.172,0.878923,0.838212,0.840212,0.838212
1.174,0.878897,0.83808,0.84145,0.83808
1.176,0.878873,0.837949,0.842644,0.837949
1.178,0.878848,0.837818,0.843794,0.837818
1.18,0.878824,0.837688,0.844903,0.837688
1.182,0.878801,0.837559,0.845971,0.837559
1.184,0.878779,0.837431,0.847,0.837431
1.186,0.878756,0.837303,0.847991,0.837303
1.188,0.878735,0.837176,0.848947,0.837176
1.19,0.878714,0.83705,0.849867,0.83705
1.192,0.878693,0.836924,0.850754,0.836924
1.194,0.878673,0.836799,0.851609,0.836799
1.196,0.878653,0.836675,0.852433,0.836675
1.198,0.878634,0.836551,0.853226,0.836551
1.2,0.878616,0.836429,0.853991,0.836429
1.202,0.878597,0.836307,0.854727,0.836307
1.204,0.87858,0.836185,0.855437,0.836185
1.206,0.878563,0.836065,0.856121,0.836065
1.208,0.878546,0.835945,0.85678,0.835945
1.21,0.87853,0.835825,0.857415,0.835825
1.212,0.878514,0.835707,0.858027,0.835707
1.214,0.878499,0.835589,0.858616,0.835589
1.216,0.878484,0.835472,0.859184,0.835472
1.218,0.87847,0.835355,0.859731,0.835355
1.22,0.878457,0.835239,0.860258,0.835239
1.222,0.878443,0.835124,0.860766,0.835124
1.224,0.878431,0.83501,0.861256,0.83501
1.226,0.878418,0.834896,0.861728,0.834896
1.228,0.878406,0.834783,0.862182,0.834783
1.23,0.878395,0.83467,0.86262,0.83467
1.232,0.878384,0.834559,0.863042,0.834559
1.234,0.878374,0.834447,0.863449,0.834447
1.236,0.878364,0.834337,0.863841,0.834337
1.238,0.878354,0.834227,0.864219,0.834227
1.24,0.878345,0.834118,0.864583,0.834118
1.242,0.878337,0.83401,0.864934,0.83401
1.244,0.878328,0.833902,0.865272,0.833902
1.246,0.878321,0.833795,0.865598,0.833795
1.248,0.878313,0.833688,0.865912,0.833688
1.25,0.878307,0.833583,0.866215,0.833583
1.252,0.8783,0.833477,0.866507,0.833477
1.254,0.878294,0.833373,0.866789,0.833373
1.256,0.878289,0.833269,0.86706,0.833269
1.258,0.878284,0.833166,0.867322,0.833166
1.26,0.878279,0.833063,0.867574,0.833063
1.262,0.878275,0.832961,0.867818,0.832961
1.264,0.878271,0.83286,0.868052,0.83286
1.266,0.878268,0.832759,0.868279,0.832759
1.268,0.878265,0.832659,0.868497,0.832659
1.27,0.878262,0.83256,0.868708,0.83256
1.272,0.87826,0.832461,0.868911,0.832461
1.274,0.878258,0.832363,0.869107,0.832363
1.276,0.878257,0.832265,0.869297,0.832265
1.278,0.878256,0.832168,0.869479,0.832168
1.28,0.878256,0.832072,0.869656,0.832072
1.282,0.878256,0.831977,0.869826,0.831977
1.284,0.878256,0.831882,0.86999,0.831882
1.286,0.878257,0.831787,0.870149,0.831787
1.288,0.878258,0.831693,0.870303,0.831693
1.29,0.878259,0.8316,0.870451,0.8316
1.292,0.878261,0.831508,0.870594,0.831508
1.294,0.878264,0.831416,0.870732,0.831416
1.296,0.878266,0.831324,0.870866,0.831324
1.298,0.878269,0.831234,0.870995,0.831234
1.3,0.878273,0.831143,0.87112,0.831143
1.302,0.878277,0.831054,0.871241,0.831054
1.304,0.878281,0.830965,0.871358,0.830965
1.306,0.878286,0.830877,0.871471,0.830877
1.308,0.878291,0.830789,0.871581,0.830789
1.31,0.878296,0.830702,0.871687,0.830702
1.312,0.878302,0.830615,0.87179,0.830615
1.314,0.878308,0.830529,0.871889,0.830529
1.316,0.878315,0.830444,0.871986,0.830444
1.318,0.878321,0.830359,0.872079,0.830359
1.32,0.878329,0.830275,0.87217,0.830275
1.322,0.878336,0.830191,0.872258,0.830191
1.324,0.878344,0.830108,0.872343,0.830108
1.326,0.878353,0.830026,0.872426,0.830026
1.328,0.878361,0.829944,0.872507,0.829944
1.33,0.87837,0.829862,0.872585,0.829862
1.332,0.87838,0.829782,0.872661,0.829782
1.334,0.87839,0.829702,0.872735,0.829702
1.336,0.8784,0.829622,0.872806,0.829622
1.338,0.87841,0.829543,0.872876,0.829543
1.34,0.878421,0.829464,0.872944,0.829464
1.342,0.878432,0.829387,0.873011,0.829387
1.344,0.878444,0.829309,0.873075,0.829309
1.346,0.878455,0.829232,0.873138,0.829232
1.348,0.878468,0.829156,0.873199,0.829156
1.35,0.87848,0.829081,0.873259,0.829081
1.352,0.878493,0.829005,0.873318,0.829005
1.354,0.878506,0.828931,0.873375,0.828931
1.356,0.87852,0.828857,0.873431,0.828857
1.358,0.878534,0.828783,0.873485,0.828783
1.36,0.878548,0.828711,0.873539,0.828711
1.362,0.878562,0.828638,0.873591,0.828638
1.364,0.878577,0.828566,0.873642,0.828566
1.366,0.878592,0.828495,0.873692,0.828495
1.368,0.878608,0.828424,0.873741,0.828424
1.37,0.878623,0.828354,0.873789,0.829089
1.372,0.87864,0.828285,0.873837,0.830809
1.374,0.878656,0.828215,0.873883,0.832466
1.376,0.878673,0.828147,0.873929,0.834063
1.378,0.87869,0.828079,0.873974,0.835601
1.38,0.878707,0.828011,0.874018,0.837083
1.382,0.878725,0.827944,0.874061,0.83851
1.384,0.878743,0.827878,0.874104,0.839885
1.386,0.878761,0.827812,0.874147,0.84121
1.388,0.87878,0.827747,0.874188,0.842487
1.39,0.878799,0.827682,0.874229,0.843716
1.392,0.878818,0.827617,0.87427,0.844901
1.394,0.878837,0.827553,0.87431,0.846043
1.396,0.878857,0.82749,0.874349,0.847143
1.398,0.878877,0.827427,0.874388,0.848204
1.4,0.878897,0.827365,0.874427,0.849225
1.402,0.878918,0.827303,0.874465,0.85021
1.404,0.878939,0.827242,0.874503,0.851158
1.406,0.87896,0.827181,0.874541,0.852073
1.408,0.878982,0.827121,0.874578,0.852954
1.41,0.879004,0.827061,0.874615,0.853804
1.412,0.879026,0.827002,0.874652,0.854622
1.414,0.879048,0.826943,0.874688,0.855412
1.416,0.879071,0.826885,0.874724,0.856173
1.418,0.879094,0.826827,0.87476,0.856906
1.42,0.879117,0.82677,0.874796,0.857613
1.422,0.87914,0.826713,0.874832,0.858295
1.424,0.879164,0.826657,0.874867,0.858953
1.426,0.879188,0.826601,0.874902,0.859587
1.428,0.879212,0.826546,0.874937,0.860198
1.43,0.879237,0.826491,0.874972,0.860788
1.432,0.879262,0.826437,0.875007,0.861357
1.434,0.879287,0.826383,0.875042,0.861905
1.436,0.879312,0.82633,0.875076,0.862435
1.438,0.879338,0.826277,0.875111,0.862946
1.44,0.879363,0.826225,0.875145,0.863438
1.442,0.87939,0.826173,0.875179,0.863914
1.444,0.879416,0.826121,0.875214,0.864373
1.446,0.879443,0.82607,0.875248,0.864816
1.448,0.879469,0.82602,0.875282,0.865243
1.45,0.879497,0.82597,0.875316,0.865656
1.452,0.879524,0.825921,0.875351,0.866055
1.454,0.879552,0.825871,0.875385,0.86644
1.456,0.87958,0.825823,0.875419,0.866811
1.458,0.879608,0.825775,0.875453,0.86717
1.46,0.879636,0.825727,0.875487,0.867517
1.462,0.879665,0.82568,0.875522,0.867852
1.464,0.879694,0.825633,0.875556,0.868176
1.466,0.879723,0.825587,0.87559,0.868489
1.468,0.879752,0.825541,0.875624,0.868792
1.47,0.879782,0.825496,0.875659,0.869084
1.472,0.879811,0.825451,0.875693,0.869367
1.474,0.879841,0.825407,0.875728,0.869641
1.476,0.879872,0.825363,0.875762,0.869905
1.478,0.879902,0.825319,0.875797,0.870161
1.48,0.879933,0.825276,0.875832,0.870409
1.482,0.879964,0.825234,0.875867,0.870649
1.484,0.879995,0.825191,0.875901,0.870881
1.486,0.880027,0.82515,0.875936,0.871106
1.488,0.880058,0.825108,0.875971,0.871324
1.49,0.88009,0.825068,0.876007,0.871535
1.492,0.880122,0.825027,0.876042,0.871739
1.494,0.880154,0.824987,0.876077,0.871938
1.496,0.880187,0.824948,0.876113,0.87213
1.498,0.88022,0.824909,0.876148,0.872316
1.5,0.880253,0.82487,0.876184,0.872497
1.502,0.880286,0.824832,0.87622,0.872672
1.504,0.880319,0.824794,0.876256,0.872843
1.506,0.880353,0.824757,0.876292,0.873008
1.508,0.880387,0.82472,0.876328,0.873168
1.51,0.880421,0.824683,0.876364,0.873324
1.512,0.880455,0.824647,0.8764,0.873476
1.514,0.880489,0.824612,0.876437,0.873623
1.516,0.880524,0.824577,0.876473,0.873767
1.518,0.880559,0.824542,0.87651,0.873906
1.52,0.880594,0.824507,0.876547,0.874042
1.522,0.880629,0.824473,0.876584,0.874174
1.524,0.880664,0.82444,0.876621,0.874302
1.526,0.8807,0.824407,0.876658,0.874428
1.528,0.880736,0.824374,0.876696,0.87455
1.53,0.880772,0.824342,0.876733,0.874669
1.532,0.880808,0.82431,0.876771,0.874785
1.534,0.880845,0.824279,0.876809,0.874898
1.536,0.880881,0.824248,0.876847,0.875009
1.538,0.880918,0.824217,0.876885,0.875116
1.54,0.880955,0.824187,0.876923,0.875222
1.542,0.880992,0.824157,0.876962,0.875325
1.544,0.881029,0.824127,0.877,0.875426
1.546,0.881067,0.824098,0.877039,0.875524
1.548,0.881105,0.82407,0.877078,0.87562
1.55,0.881143,0.824042,0.877117,0.875715
1.552,0.881181,0.824014,0.877156,0.875807
1.554,0.881219,0.823986,0.877195,0.875898
1.556,0.881257,0.823959,0.877234,0.875986
1.558,0.881296,0.823933,0.877274,0.876073
1.56,0.881335,0.823906,0.877313,0.876159
1.562,0.881374,0.823881,0.877353,0.876242
1.564,0.881413,0.823855,0.877393,0.876325
1.566,0.881452,0.82383,0.877433,0.876405
1.568,0.881492,0.823805,0.877473,0.876485
1.57,0.881532,0.823781,0.877514,0.876563
1.572,0.881571,0.823757,0.877554,0.876639
1.574,0.881611,0.823734,0.877595,0.876715
1.576,0.881652,0.823711,0.877636,0.876789
1.578,0.881692,0.823688,0.877677,0.876862
1.58,0.881732,0.823666,0.877718,0.876935
1.582,0.881773,0.823644,0.877759,0.877006
1.584,0.881814,0.823622,0.8778,0.877076
1.586,0.881855,0.823601,0.877842,0.877145
1.588,0.881896,0.82358,0.877884,0.877213
1.59,0.881937,0.823559,0.877925,0.87728
1.592,0.881979,0.823539,0.877967,0.877347
1.594,0.88202,0.823519,0.878009,0.877413
1.596,0.882062,0.8235,0.878052,0.877478
1.598,0.882104,0.823481,0.878094,0.877542
1.6,0.882146,0.823462,0.878136,0.877605
1.602,0.882188,0.823444,0.878179,0.877668
1.604,0.882231,0.823426,0.878222,0.87773
1.606,0.882273,0.823409,0.878265,0.877792
1.608,0.882316,0.823391,0.878308,0.877853
1.61,0.882359,0.823375,0.878351,0.877914
1.612,0.882402,0.823358,0.878394,0.877974
1.614,0.882445,0.823342,0.878438,0.878033
1.616,0.882488,0.823326,0.878481,0.878092
1.618,0.882532,0.823311,0.878525,0.878151
1.62,0.882575,0.823296,0.878569,0.878209
1.622,0.882619,0.823281,0.878613,0.878266
1.624,0.882663,0.823267,0.878657,0.878324
1.626,0.882707,0.823253,0.878701,0.878381
1.628,0.882751,0.823239,0.878745,0.878437
1.63,0.882795,0.823226,0.87879,0.878493
1.632,0.88284,0.823213,0.878834,0.878549
1.634,0.882884,0.8232,0.878879,0.878605
1.636,0.882929,0.823188,0.878924,0.87866
1.638,0.882974,0.823176,0.878969,0.878715
1.64,0.883018,0.823165,0.879014,0.87877
1.642,0.883064,0.823153,0.879059,0.878825
1.644,0.883109,0.823142,0.879104,0.878879
1.646,0.883154,0.823132,0.87915,0.878933
1.648,0.883199,0.823122,0.879196,0.878987
1.65,0.883245,0.823112,0.879241,0.879041
1.652,0.883291,0.823102,0.879287,0.879094
1.654,0.883337,0.823093,0.879333,0.879148
1.656,0.883382,0.823084,0.879379,0.879201
1.658,0.883429,0.823076,0.879425,0.879254
1.66,0.883475,0.823067,0.879472,0.879307
1.662,0.883521,0.823059,0.879518,0.879359
1.664,0.883567,0.823052,0.879565,0.879412
1.666,0.883614,0.823045,0.879611,0.879464
1.668,0.883661,0.823038,0.879658,0.879517
1.67,0.883707,0.823031,0.879705,0.879569
1.672,0.883754,0.823025,0.879752,0.879621
1.674,0.883801,0.823019,0.879799,0.879673
1.676,0.883848,0.823013,0.879846,0.879725
1.678,0.883896,0.823008,0.879893,0.879777
1.68,0.883943,0.823003,0.879941,0.879829
1.682,0.88399,0.822998,0.879988,0.879881
1.684,0.884038,0.822994,0.880036,0.879933
1.686,0.884086,0.82299,0.880084,0.879985
1.688,0.884133,0.822986,0.880132,0.880036
1.69,0.884181,0.822983,0.88018,0.880088
1.692,0.884229,0.82298,0.880228,0.880139
1.694,0.884277,0.822977,0.880276,0.880191
1.696,0.884326,0.822974,0.880324,0.880243
1.698,0.884374,0.822972,0.880373,0.880294
1.7,0.884422,0.82297,0.880421,0.880346
1.702,0.884471,0.822969,0.88047,0.880397
1.704,0.88452,0.822968,0.880518,0.880448
1.706,0.884568,0.822967,0.880567,0.8805
1.708,0.884617,0.822966,0.880616,0.880551
1.71,0.884666,0.822966,0.880665,0.880603
1.712,0.884715,0.822966,0.880714,0.880654
1.714,0.884764,0.822966,0.880763,0.880706
1.716,0.884813,0.822966,0.880812,0.880757
1.718,0.884863,0.822967,0.880862,0.880809
1.72,0.884912,0.822968,0.880911,0.88086
1.722,0.884962,0.82297,0.880961,0.880912
1.724,0.885011,0.822972,0.88101,0.880963
1.726,0.885061,0.822974,0.88106,0.881015
1.728,0.885111,0.822976,0.88111,0.881066
1.73,0.88516,0.822978,0.88116,0.881118
1.732,0.88521,0.822981,0.88121,0.881169
1.734,0.88526,0.822985,0.88126,0.881221
1.736,0.885311,0.822988,0.88131,0.881273
1.738,0.885361,0.822992,0.88136,0.881324
1.74,0.885411,0.822996,0.88141,0.881376
1.742,0.885461,0.823,0.881461,0.881428
1.744,0.885512,0.823005,0.881511,0.881479
1.746,0.885562,0.82301,0.881562,0.881531
1.748,0.885613,0.823015,0.881613,0.881583
1.75,0.885664,0.82302,0.881663,0.881635
1.752,0.885715,0.823026,0.881714,0.881687
1.754,0.885765,0.823032,0.881765,0.881739
1.756,0.885816,0.823038,0.881816,0.881791
1.758,0.885867,0.823045,0.881867,0.881843
1.76,0.885919,0.823052,0.881918,0.881895
1.762,0.88597,0.823059,0.881969,0.881947
1.764,0.886021,0.823066,0.882021,0.881999
1.766,0.886072,0.823074,0.882072,0.882051
1.768,0.886124,0.823082,0.882123,0.882104
1.77,0.886175,0.82309,0.882175,0.882156
1.772,0.886227,0.823098,0.882226,0.882208
1.774,0.886278,0.823107,0.882278,0.88226
1.776,0.88633,0.823116,0.88233,0.882313
1.778,0.886382,0.823125,0.882382,0.882365
1.78,0.886434,0.823135,0.882434,0.882418
1.782,0.886486,0.823145,0.882485,0.88247
1.784,0.886538,0.823155,0.882537,0.882523
1.786,0.88659,0.823165,0.882589,0.882576
1.788,0.886642,0.823175,0.882642,0.882628
1.79,0.886694,0.823186,0.882694,0.882681
1.792,0.886746,0.823197,0.882746,0.882734
1.794,0.886799,0.823209,0.882798,0.882786
1.796,0.886851,0.82322,0.882851,0.882839
1.798,0.886903,0.823232,0.882903,0.882892
1.8,0.886956,0.823244,0.882956,0.882945
1.802,0.887009,0.823257,0.883008,0.882998
1.804,0.887061,0.823269,0.883061,0.883051
1.806,0.887114,0.823282,0.883114,0.883104
1.808,0.887167,0.823295,0.883166,0.883157
1.81,0.887219,0.823309,0.883219,0.883211
1.812,0.887272,0.823322,0.883272,0.883264
1.814,0.887325,0.823336,0.883325,0.883317
1.816,0.887378,0.82335,0.883378,0.88337
1.818,0.887431,0.823365,0.883431,0.883424
1.82,0.887484,0.823379,0.883484,0.883477
1.822,0.887538,0.823394,0.883537,0.883531
1.824,0.887591,0.823409,0.883591,0.883584
1.826,0.887644,0.823424,0.883644,0.883638
1.828,0.887697,0.82344,0.883697,0.883691
1.83,0.887751,0.823456,0.883751,0.883745
1.832,0.887804,0.823472,0.883804,0.883798
1.834,0.887858,0.823488,0.883857,0.883852
1.836,0.887911,0.823505,0.883911,0.883906
1.838,0.887965,0.823521,0.883965,0.88396
1.84,0.888018,0.823538,0.884018,0.884013
1.842,0.888072,0.823556,0.884072,0.884067
1.844,0.888126,0.823573,0.884126,0.884121
1.846,0.888179,0.823591,0.884179,0.884175
1.848,0.888233,0.823609,0.884233,0.884229
1.85,0.888287,0.823627,0.884287,0.884283
1.852,0.888341,0.823645,0.884341,0.884337
1.854,0.888395,0.823664,0.884395,0.884391
1.856,0.888449,0.823683,0.884449,0.884445
1.858,0.888503,0.823702,0.884503,0.8845
1.86,0.888557,0.823721,0.884557,0.884554
1.862,0.888611,0.823741,0.884611,0.884608
1.864,0.888665,0.82376,0.884665,0.884662
1.866,0.88872,0.82378,0.88472,0.884717
1.868,0.888774,0.823801,0.884774,0.884771
1.87,0.888828,0.823821,0.884828,0.884825
1.872,0.888883,0.823842,0.884882,0.88488
1.874,0.888937,0.823862,0.884937,0.884934
1.876,0.888991,0.823884,0.884991,0.884989
1.878,0.889046,0.823905,0.885046,0.885043
1.88,0.8891,0.823926,0.8851,0.885098
1.882,0.889155,0.823948,0.885155,0.885153
1.884,0.889209,0.82397,0.885209,0.885207
1.886,0.889264,0.823992,0.885264,0.885262
1.888,0.889318,0.824015,0.885318,0.885317
1.89,0.889373,0.824037,0.885373,0.885371
1.892,0.889428,0.82406,0.885428,0.885426
1.894,0.889483,0.824083,0.885483,0.885481
1.896,0.889537,0.824106,0.885537,0.885536
1.898,0.889592,0.82413,0.885592,0.885591
1.9,0.889647,0.824153,0.885647,0.885645
1.902,0.889702,0.824177,0.885702,0.8857
1.904,0.889757,0.824201,0.885757,0.885755
1.906,0.889812,0.824225,0.885812,0.88581
1.908,0.889867,0.82425,0.885866,0.885865
1.91,0.889921,0.824275,0.885921,0.88592
1.912,0.889976,0.8243,0.885976,0.885975
1.914,0.890032,0.824325,0.886031,0.88603
1.916,0.890087,0.82435,0.886087,0.886085
1.918,0.890142,0.824375,0.886142,0.886141
1.92,0.890197,0.824401,0.886197,0.886196
1.922,0.890252,0.824427,0.886252,0.886251
1.924,0.890307,0.824453,0.886307,0.886306
1.926,0.890362,0.824479,0.886362,0.886361
1.928,0.890417,0.824506,0.886417,0.886417
1.93,0.890473,0.824532,0.886473,0.886472
1.932,0.890528,0.824559,0.886528,0.886527
1.934,0.890583,0.824586,0.886583,0.886582
1.936,0.890638,0.824614,0.886638,0.886638
1.938,0.890694,0.824641,0.886694,0.886693
1.94,0.890749,0.824669,0.886749,0.886748
1.942,0.890804,0.824697,0.886804,0.886804
1.944,0.89086,0.824725,0.88686,0.886859
1.946,0.890915,0.824753,0.886915,0.886915
1.948,0.890971,0.824781,0.886971,0.88697
1.95,0.891026,0.82481,0.887026,0.887026
1.952,0.891082,0.824839,0.887082,0.887081
1.954,0.891137,0.824868,0.887137,0.887136
1.956,0.891192,0.824897,0.887192,0.887192
1.958,0.891248,0.824926,0.887248,0.887247
1.96,0.891303,0.824956,0.887303,0.887303
1.962,0.891359,0.824985,0.887359,0.887359
1.964,0.891415,0.825015,0.887415,0.887414
1.966,0.89147,0.825045,0.88747,0.88747
1.968,0.891526,0.825076,0.887526,0.887525
1.97,0.891581,0.825106,0.887581,0.887581
1.972,0.891637,0.825137,0.887637,0.887637
1.974,0.891692,0.825167,0.887692,0.887692
1.976,0.891748,0.825198,0.887748,0.887748
1.978,0.891804,0.82523,0.887804,0.887803
1.98,0.891859,0.825261,0.887859,0.887859
1.982,0.891915,0.825292,0.887915,0.887915
1.984,0.891971,0.825324,0.887971,0.88797
1.986,0.892026,0.825356,0.888026,0.888026
1.988,0.892082,0.825388,0.888082,0.888082
1.99,0.892138,0.82542,0.888138,0.888138
1.992,0.892193,0.825453,0.888193,0.888193
1.994,0.892249,0.825485,0.888249,0.888249
1.996,0.892305,0.825518,0.888305,0.888305
1.998,0.892361,0.825551,0.888361,0.88836
2,0.892416,0.825584,0.888416,0.888416
2.002,0.892472,0.825617,0.888472,0.888472
2.004,0.892528,0.82565,0.888528,0.888528
2.006,0.892584,0.825684,0.888584,0.888583
2.008,0.892639,0.825718,0.888639,0.888639
2.01,0.892695,0.825752,0.888695,0.888695
2.012,0.892751,0.825786,0.888751,0.888751
2.014,0.892807,0.82582,0.888807,0.888807
2.016,0.892862,0.825854,0.888862,0.888862
2.018,0.892918,0.825889,0.888918,0.888918
2.02,0.892974,0.825923,0.888974,0.888974
2.022,0.89303,0.825958,0.88903,0.88903
2.024,0.893086,0.825993,0.889086,0.889085
2.026,0.893141,0.826029,0.889141,0.889141
2.028,0.893197,0.826064,0.889197,0.889197
2.03,0.893253,0.826099,0.889253,0.889253
2.032,0.893309,0.826135,0.889309,0.889309
2.034,0.893364,0.826171,0.889364,0.889364
2.036,0.89342,0.826207,0.88942,0.88942
2.038,0.893476,0.826243,0.889476,0.889476
2.04,0.893532,0.826279,0.889532,0.889532
2.042,0.893588,0.826316,0.889588,0.889587
2.044,0.893643,0.826352,0.889643,0.889643
2.046,0.893699,0.826389,0.889699,0.889699
2.048,0.893755,0.826426,0.889755,0.889755
2.05,0.893811,0.826463,0.889811,0.889811
2.052,0.893866,0.8265,0.889866,0.889866
2.054,0.893922,0.826538,0.889922,0.889922
2.056,0.893978,0.826575,0.889978,0.889978
2.058,0.894034,0.826613,0.890034,0.890034
2.06,0.894089,0.826651,0.890089,0.890089
2.062,0.894145,0.826689,0.890145,0.890145
2.064,0.894201,0.826727,0.890201,0.890201
2.066,0.894257,0.826765,0.890257,0.890257
2.068,0.894312,0.826803,0.890312,0.890312
2.07,0.894368,0.826842,0.890368,0.890368
2.072,0.894424,0.826881,0.890424,0.890424
2.074,0.894479,0.826919,0.890479,0.890479
2.076,0.894535,0.826958,0.890535,0.890535
2.078,0.894591,0.826998,0.890591,0.890591
2.08,0.894646,0.827037,0.890646,0.890646
2.082,0.894702,0.827076,0.890702,0.890702
2.084,0.894758,0.827116,0.890758,0.890758
2.086,0.894813,0.827155,0.890813,0.890813
2.088,0.894869,0.827195,0.890869,0.890869
2.09,0.894925,0.827235,0.890925,0.890925
2.092,0.89498,0.827275,0.89098,0.89098
2.094,0.895036,0.827315,0.891036,0.891036
2.096,0.895091,0.827356,0.891091,0.891091
2.098,0.895147,0.827396,0.891147,0.891147
2.1,0.895203,0.827437,0.891203,0.891203
2.102,0.895258,0.827478,0.891258,0.891258
2.104,0.895314,0.827519,0.891314,0.891314
2.106,0.895369,0.82756,0.891369,0.891369
2.108,0.895425,0.827601,0.891425,0.891425
2.11,0.89548,0.827642,0.89148,0.89148
2.112,0.895536,0.827684,0.891536,0.891536
2.114,0.895591,0.827725,0.891591,0.891591
2.116,0.895647,0.827767,0.891647,0.891647
2.118,0.895702,0.827809,0.891702,0.891702
2.12,0.895757,0.827851,0.891757,0.891757
2.122,0.895813,0.827893,0.891813,0.891813
2.124,0.895868,0.827935,0.891868,0.891868
2.126,0.895924,0.827977,0.891924,0.891924
2.128,0.895979,0.82802,0.891979,0.891979
2.13,0.896034,0.828062,0.892034,0.892034
2.132,0.89609,0.828105,0.89209,0.89209
2.134,0.896145,0.828148,0.892145,0.892145
2.136,0.8962,0.828191,0.8922,0.8922
2.138,0.896256,0.828234,0.892256,0.892256
2.14,0.896311,0.828277,0.892311,0.892311
2.142,0.896366,0.82832,0.892366,0.892366
2.144,0.896421,0.828364,0.892421,0.892421
2.146,0.896476,0.828407,0.892476,0.892476
2.148,0.896532,0.828451,0.892532,0.892532
2.15,0.896587,0.828495,0.892587,0.892587
2.152,0.896642,0.828539,0.892642,0.892642
2.154,0.896697,0.828583,0.892697,0.892697
2.156,0.896752,0.828627,0.892752,0.892752
2.158,0.896807,0.828671,0.892807,0.892807
2.16,0.896862,0.828716,0.892862,0.892862
2.162,0.896917,0.82876,0.892917,0.892917
2.164,0.896972,0.828805,0.892972,0.892972
2.166,0.897027,0.82885,0.893027,0.893027
2.168,0.897082,0.828895,0.893082,0.893082
2.17,0.897137,0.82894,0.893137,0.893137
2.172,0.897192,0.828985,0.893192,0.893192
2.174,0.897247,0.82903,0.893247,0.893247
2.176,0.897302,0.829075,0.893302,0.893302
2.178,0.897357,0.829121,0.893357,0.893357
2.18,0.897411,0.829166,0.893411,0.893411
2.182,0.897466,0.829212,0.893466,0.893466
2.184,0.897521,0.829258,0.893521,0.893521
2.186,0.897576,0.829303,0.893576,0.893576
2.188,0.89763,0.829349,0.89363,0.89363
2.19,0.897685,0.829395,0.893685,0.893685
2.192,0.89774,0.829442,0.89374,0.89374
2.194,0.897794,0.829488,0.893794,0.893794
2.196,0.897849,0.829534,0.893849,0.893849
2.198,0.897904,0.829581,0.893904,0.893904
2.2,0.897958,0.829628,0.893958,0.893958
2.202,0.898013,0.829674,0.894013,0.894013
2.204,0.898067,0.829721,0.894067,0.894067
2.206,0.898122,0.829768,0.894122,0.894122
2.208,0.898176,0.829815,0.894176,0.894176
2.21,0.898231,0.829862,0.894231,0.894231
2.212,0.898285,0.829909,0.894285,0.894285
2.214,0.898339,0.829957,0.894339,0.894339
2.216,0.898394,0.830004,0.894394,0.894394
2.218,0.898448,0.830052,0.894448,0.894448
2.22,0.898502,0.830099,0.894502,0.894502
2.222,0.898557,0.830147,0.894557,0.894556
2.224,0.898611,0.830195,0.894611,0.894611
2.226,0.898665,0.830243,0.894665,0.894665
2.228,0.898719,0.830291,0.894719,0.894719
2.23,0.898773,0.830339,0.894773,0.894773
2.232,0.898827,0.830387,0.894827,0.894827
2.234,0.898881,0.830436,0.894881,0.894881
2.236,0.898935,0.830484,0.894935,0.894935
2.238,0.898989,0.830533,0.894989,0.894989
2.24,0.899043,0.830581,0.895043,0.895043
2.242,0.899097,0.83063,0.895097,0.895097
2.244,0.899151,0.830679,0.895151,0.895151
2.246,0.899205,0.830728,0.895205,0.895205
2.248,0.899259,0.830777,0.895259,0.895259
2.25,0.899313,0.830826,0.895313,0.895313
2.252,0.899367,0.830875,0.895367,0.895367
2.254,0.89942,0.830924,0.89542,0.89542
2.256,0.899474,0.830974,0.895474,0.895474
2.258,0.899528,0.831023,0.895528,0.895528
2.26,0.899581,0.831073,0.895581,0.895581
2.262,0.899635,0.831122,0.895635,0.895635
2.264,0.899689,0.831172,0.895689,0.895689
2.266,0.899742,0.831222,0.895742,0.895742
2.268,0.899796,0.831272,0.895796,0.895796
2.27,0.899849,0.831322,0.895849,0.895849
2.272,0.899903,0.831372,0.895903,0.895903
2.274,0.899956,0.831422,0.895956,0.895956
2.276,0.900009,0.831472,0.896009,0.896009
2.278,0.900063,0.831523,0.896063,0.896063
2.28,0.900116,0.831573,0.896116,0.896116
2.282,0.900169,0.831624,0.896169,0.896169
2.284,0.900223,0.831674,0.896223,0.896223
2.286,0.900276,0.831725,0.896276,0.896276
2.288,0.900329,0.831776,0.896329,0.896329
2.29,0.900382,0.831826,0.896382,0.896382
2.292,0.900435,0.831877,0.896435,0.896435
2.294,0.900488,0.831928,0.896488,0.896488
2.296,0.900541,0.831979,0.896541,0.896541
2.298,0.900594,0.832031,0.896594,0.896594
2.3,0.900647,0.832082,0.896647,0.896647
2.302,0.9007,0.832133,0.8967,0.8967
2.304,0.900753,0.832184,0.896753,0.896753
2.306,0.900806,0.832236,0.896806,0.896806
2.308,0.900859,0.832288,0.896859,0.896859
2.31,0.900911,0.832339,0.896911,0.896911
2.312,0.900964,0.832391,0.896964,0.896964
2.314,0.901017,0.832443,0.897017,0.897017
2.316,0.901069,0.832495,0.897069,0.897069
2.318,0.901122,0.832546,0.897122,0.897122
2.32,0.901174,0.832598,0.897174,0.897174
2.322,0.901227,0.832651,0.897227,0.897227
2.324,0.901279,0.832703,0.897279,0.897279
2.326,0.901332,0.832755,0.897332,0.897332
2.328,0.901384,0.832807,0.897384,0.897384
2.33,0.901437,0.83286,0.897437,0.897437
2.332,0.901489,0.832912,0.897489,0.897489
2.334,0.901541,0.832965,0.897541,0.897541
2.336,0.901594,0.833017,0.897594,0.897594
2.338,0.901646,0.83307,0.897646,0.897646
2.34,0.901698,0.833123,0.897698,0.897698
2.342,0.90175,0.833176,0.89775,0.89775
2.344,0.901802,0.833228,0.897802,0.897802
2.346,0.901854,0.833281,0.897854,0.897854
2.348,0.901906,0.833334,0.897906,0.897906
2.35,0.901958,0.833388,0.897958,0.897958
2.352,0.90201,0.833441,0.89801,0.89801
2.354,0.902062,0.833494,0.898062,0.898062
2.356,0.902114,0.833547,0.898114,0.898114
2.358,0.902165,0.833601,0.898165,0.898165
2.36,0.902217,0.833654,0.898217,0.898217
2.362,0.902269,0.833708,0.898269,0.898269
2.364,0.902321,0.833761,0.898321,0.898321
2.366,0.902372,0.833815,0.898372,0.898372
2.368,0.902424,0.833869,0.898424,0.898424
2.37,0.902475,0.833922,0.898475,0.898475
2.372,0.902527,0.833976,0.898527,0.898527
2.374,0.902578,0.83403,0.898578,0.898578
2.376,0.90263,0.834084,0.89863,0.89863
2.378,0.902681,0.834138,0.898681,0.898681
2.38,0.902732,0.834192,0.898732,0.898732
2.382,0.902784,0.834246,0.898784,0.898784
2.384,0.902835,0.8343,0.898835,0.898835
2.386,0.902886,0.834355,0.898886,0.898886
2.388,0.902937,0.834409,0.898937,0.898937
2.39,0.902988,0.834463,0.898988,0.898988
2.392,0.903039,0.834518,0.899039,0.899039
2.394,0.90309,0.834572,0.89909,0.89909
2.396,0.903141,0.834627,0.899141,0.899141
2.398,0.903192,0.834682,0.899192,0.899192
2.4,0.903243,0.834736,0.899243,0.899243
2.402,0.903294,0.834791,0.899294,0.899294
2.404,0.903345,0.834846,0.899345,0.899345
2.406,0.903395,0.834901,0.899395,0.899395
2.408,0.903446,0.834956,0.899446,0.899446
2.41,0.903497,0.835011,0.899497,0.899497
2.412,0.903547,0.835066,0.899547,0.899547
2.414,0.903598,0.835121,0.899598,0.899598
2.416,0.903648,0.835176,0.899648,0.899648
2.418,0.903699,0.835231,0.899699,0.899699
2.42,0.903749,0.835286,0.899749,0.899749
2.422,0.9038,0.835342,0.8998,0.8998
2.424,0.90385,0.835397,0.89985,0.89985
2.426,0.9039,0.835452,0.8999,0.8999
2.428,0.903951,0.835508,0.899951,0.899951
2.43,0.904001,0.835563,0.900001,0.900001
2.432,0.904051,0.835619,0.900051,0.900051
2.434,0.904101,0.835675,0.900101,0.900101
2.436,0.904151,0.83573,0.900151,0.900151
2.438,0.904201,0.835786,0.900201,0.900201
2.44,0.904251,0.835842,0.900251,0.900251
2.442,0.904301,0.835898,0.900301,0.900301
2.444,0.904351,0.835953,0.900351,0.900351
2.446,0.904401,0.836009,0.900401,0.900401
2.448,0.90445,0.836065,0.90045,0.90045
2.45,0.9045,0.836121,0.9005,0.9005
2.452,0.90455,0.836177,0.90055,0.90055
2.454,0.904599,0.836234,0.900599,0.900599
2.456,0.904649,0.83629,0.900649,0.900649
2.458,0.904698,0.836346,0.900698,0.900698
2.46,0.904748,0.836402,0.900748,0.900748
2.462,0.904797,0.836458,0.900797,0.900797
2.464,0.904847,0.836515,0.900847,0.900847
2.466,0.904896,0.836571,0.900896,0.900896
2.468,0.904945,0.836628,0.900945,0.900945
2.47,0.904995,0.836684,0.900995,0.900995
2.472,0.905044,0.836741,0.901044,0.901044
2.474,0.905093,0.836797,0.901093,0.901093
2.476,0.905142,0.836854,0.901142,0.901142
2.478,0.905191,0.836911,0.901191,0.901191
2.48,0.90524,0.836967,0.90124,0.90124
2.482,0.905289,0.837024,0.901289,0.901289
2.484,0.905338,0.837081,0.901338,0.901338
2.486,0.905387,0.837138,0.901387,0.901387
2.488,0.905436,0.837195,0.901436,0.901436
2.49,0.905484,0.837251,0.901484,0.901484
2.492,0.905533,0.837308,0.901533,0.901533
2.494,0.905582,0.837365,0.901582,0.901582
2.496,0.90563,0.837423,0.90163,0.90163
2.498,0.905679,0.83748,0.901679,0.901679
2.5,0.905727,0.837537,0.901727,0.901727
2.502,0.905776,0.837594,0.901776,0.901776
2.504,0.905824,0.837651,0.901824,0.901824
2.506,0.905872,0.837708,0.901872,0.901872
2.508,0.905921,0.837766,0.901921,0.901921
2.51,0.905969,0.837823,0.901969,0.901969
2.512,0.906017,0.83788,0.902017,0.902017
2.514,0.906065,0.837938,0.902065,0.902065
2.516,0.906113,0.837995,0.902113,0.902113
2.518,0.906161,0.838053,0.902161,0.902161
2.52,0.906209,0.83811,0.902209,0.902209
2.522,0.906257,0.838168,0.902257,0.902257
2.524,0.906305,0.838225,0.902305,0.902305
2.526,0.906353,0.838283,0.902353,0.902353
2.528,0.906401,0.838341,0.902401,0.902401
2.53,0.906449,0.838398,0.902449,0.902449
2.532,0.906496,0.838456,0.902496,0.902496
2.534,0.906544,0.838514,0.902544,0.902544
2.536,0.906592,0.838571,0.902592,0.902592
2.538,0.906639,0.838629,0.902639,0.902639
2.54,0.906687,0.838687,0.902687,0.902687
2.542,0.906734,0.838745,0.902734,0.902734
2.544,0.906781,0.838803,0.902781,0.902781
2.546,0.906829,0.838861,0.902829,0.902829
2.548,0.906876,0.838919,0.902876,0.902876
2.55,0.906923,0.838977,0.902923,0.902923
2.552,0.90697,0.839035,0.90297,0.90297
2.554,0.907018,0.839093,0.903018,0.903018
2.556,0.907065,0.839151,0.903065,0.903065
2.558,0.907112,0.839209,0.903112,0.903112
2.56,0.907159,0.839267,0.903159,0.903159
2.562,0.907206,0.839326,0.903206,0.903206
2.564,0.907252,0.839384,0.903252,0.903252
2.566,0.907299,0.839442,0.903299,0.903299
2.568,0.907346,0.8395,0.903346,0.903346
2.57,0.907393,0.839559,0.903393,0.903393
2.572,0.907439,0.839617,0.903439,0.903439
2.574,0.907486,0.839676,0.903486,0.903486
2.576,0.907532,0.839734,0.903532,0.903532
2.578,0.907579,0.839792,0.903579,0.903579
2.58,0.907625,0.839851,0.903625,0.903625
2.582,0.907672,0.839909,0.903672,0.903672
2.584,0.907718,0.839968,0.903718,0.903718
2.586,0.907764,0.840026,0.903764,0.903764
2.588,0.907811,0.840085,0.903811,0.903811
2.59,0.907857,0.840143,0.903857,0.903857
2.592,0.907903,0.840202,0.903903,0.903903
2.594,0.907949,0.840261,0.903949,0.903949
2.596,0.907995,0.840319,0.903995,0.903995
2.598,0.908041,0.840378,0.904041,0.904041
2.6,0.908087,0.840437,0.904087,0.904087
2.602,0.908133,0.840496,0.904133,0.904133
2.604,0.908179,0.840554,0.904179,0.904179
2.606,0.908224,0.840613,0.904224,0.904224
2.608,0.90827,0.840672,0.90427,0.90427
2.61,0.908316,0.840731,0.904316,0.904316
2.612,0.908361,0.84079,0.904361,0.904361
2.614,0.908407,0.840848,0.904407,0.904407
2.616,0.908452,0.840907,0.904452,0.904452
2.618,0.908498,0.840966,0.904498,0.904498
2.62,0.908543,0.841025,0.904543,0.904543
2.622,0.908589,0.841084,0.904589,0.904589
2.624,0.908634,0.841143,0.904634,0.904634
2.626,0.908679,0.841202,0.904679,0.904679
2.628,0.908724,0.841261,0.904724,0.904724
2.63,0.908769,0.84132,0.904769,0.904769
2.632,0.908814,0.841379,0.904814,0.904814
2.634,0.908859,0.841438,0.904859,0.904859
2.636,0.908904,0.841497,0.904904,0.904904
2.638,0.908949,0.841557,0.904949,0.904949
2.64,0.908994,0.841616,0.904994,0.904994
2.642,0.909039,0.841675,0.905039,0.905039
2.644,0.909084,0.841734,0.905084,0.905084
2.646,0.909128,0.841793,0.905128,0.905128
2.648,0.909173,0.841852,0.905173,0.905173
2.65,0.909218,0.841912,0.905218,0.905218
2.652,0.909262,0.841971,0.905262,0.905262
2.654,0.909307,0.84203,0.905307,0.905307
2.656,0.909351,0.842089,0.905351,0.905351
2.658,0.909395,0.842149,0.905395,0.905395
2.66,0.90944,0.842208,0.90544,0.90544
2.662,0.909484,0.842267,0.905484,0.905484
2.664,0.909528,0.842327,0.905528,0.905528
2.666,0.909572,0.842386,0.905572,0.905572
2.668,0.909616,0.842445,0.905616,0.905616
2.67,0.90966,0.842505,0.90566,0.90566
2.672,0.909704,0.842564,0.905704,0.905704
2.674,0.909748,0.842624,0.905748,0.905748
2.676,0.909792,0.842683,0.905792,0.905792
2.678,0.909836,0.842743,0.905836,0.905836
2.68,0.90988,0.842802,0.90588,0.90588
2.682,0.909924,0.842861,0.905924,0.905924
2.684,0.909967,0.842921,0.905967,0.905967
2.686,0.910011,0.84298,0.906011,0.906011
2.688,0.910054,0.84304,0.906054,0.906054
2.69,0.910098,0.843099,0.906098,0.906098
2.692,0.910141,0.843159,0.906141,0.906141
2.694,0.910185,0.843219,0.906185,0.906185
2.696,0.910228,0.843278,0.906228,0.906228
2.698,0.910271,0.843338,0.906271,0.906271
2.7,0.910315,0.843397,0.906315,0.906315
2.702,0.910358,0.843457,0.906358,0.906358
2.704,0.910401,0.843516,0.906401,0.906401
2.706,0.910444,0.843576,0.906444,0.906444
2.708,0.910487,0.843636,0.906487,0.906487
2.71,0.91053,0.843695,0.90653,0.90653
2.712,0.910573,0.843755,0.906573,0.906573
2.714,0.910616,0.843814,0.906616,0.906616
2.716,0.910658,0.843874,0.906658,0.906658
2.718,0.910701,0.843934,0.906701,0.906701
2.72,0.910744,0.843993,0.906744,0.906744
2.722,0.910786,0.844053,0.906786,0.906786
2.724,0.910829,0.844113,0.906829,0.906829
2.726,0.910872,0.844173,0.906872,0.906872
2.728,0.910914,0.844232,0.906914,0.906914
2.73,0.910956,0.844292,0.906956,0.906956
2.732,0.910999,0.844352,0.906999,0.906999
2.734,0.911041,0.844411,0.907041,0.907041
2.736,0.911083,0.844471,0.907083,0.907083
2.738,0.911125,0.844531,0.907125,0.907125
2.74,0.911168,0.844591,0.907168,0.907168
2.742,0.91121,0.84465,0.90721,0.90721
2.744,0.911252,0.84471,0.907252,0.907252
2.746,0.911294,0.84477,0.907294,0.907294
2.748,0.911336,0.84483,0.907336,0.907336
2.75,0.911377,0.844889,0.907377,0.907377
2.752,0.911419,0.844949,0.907419,0.907419
2.754,0.911461,0.845009,0.907461,0.907461
2.756,0.911503,0.845069,0.907503,0.907503
2.758,0.911544,0.845129,0.907544,0.907544
2.76,0.911586,0.845188,0.907586,0.907586
2.762,0.911627,0.845248,0.907627,0.907627
2.764,0.911669,0.845308,0.907669,0.907669
2.766,0.91171,0.845368,0.90771,0.90771
2.768,0.911752,0.845428,0.907752,0.907752
2.77,0.911793,0.845487,0.907793,0.907793
2.772,0.911834,0.845547,0.907834,0.907834
2.774,0.911875,0.845607,0.907875,0.907875
2.776,0.911917,0.845667,0.907917,0.907917
2.778,0.911958,0.845727,0.907958,0.907958
2.78,0.911999,0.845786,0.907999,0.907999
2.782,0.91204,0.845846,0.90804,0.90804
2.784,0.912081,0.845906,0.908081,0.908081
2.786,0.912122,0.845966,0.908122,0.908122
2.788,0.912162,0.846026,0.908162,0.908162
2.79,0.912203,0.846086,0.908203,0.908203
2.792,0.912244,0.846145,0.908244,0.908244
2.794,0.912284,0.846205,0.908284,0.908284
2.796,0.912325,0.846265,0.908325,0.908325
2.798,0.912366,0.846325,0.908366,0.908366
2.8,0.912406,0.846385,0.908406,0.908406
2.802,0.912447,0.846444,0.908447,0.908447
2.804,0.912487,0.846504,0.908487,0.908487
2.806,0.912527,0.846564,0.908527,0.908527
2.808,0.912568,0.846624,0.908568,0.908568
2.81,0.912608,0.846684,0.908608,0.908608
2.812,0.912648,0.846744,0.908648,0.908648
2.814,0.912688,0.846803,0.908688,0.908688
2.816,0.912728,0.846863,0.908728,0.908728
2.818,0.912768,0.846923,0.908768,0.908768
2.82,0.912808,0.846983,0.908808,0.908808
2.822,0.912848,0.847043,0.908848,0.908848
2.824,0.912888,0.847102,0.908888,0.908888
2.826,0.912927,0.847162,0.908927,0.908927
2.828,0.912967,0.847222,0.908967,0.908967
2.83,0.913007,0.847282,0.909007,0.909007
2.832,0.913046,0.847342,0.909046,0.909046
2.834,0.913086,0.847401,0.909086,0.909086
2.836,0.913126,0.847461,0.909126,0.909126
2.838,0.913165,0.847521,0.909165,0.909165
2.84,0.913204,0.847581,0.909204,0.909204
2.842,0.913244,0.847641,0.909244,0.909244
2.844,0.913283,0.8477,0.909283,0.909283
2.846,0.913322,0.84776,0.909322,0.909322
2.848,0.913361,0.84782,0.909361,0.909361
2.85,0.913401,0.84788,0.909401,0.909401
2.852,0.91344,0.847939,0.90944,0.90944
2.854,0.913479,0.847999,0.909479,0.909479
2.856,0.913518,0.848059,0.909518,0.909518
2.858,0.913556,0.848119,0.909556,0.909556
2.86,0.913595,0.848178,0.909595,0.909595
2.862,0.913634,0.848238,0.909634,0.909634
2.864,0.913673,0.848298,0.909673,0.909673
2.866,0.913712,0.848357,0.909712,0.909712
2.868,0.91375,0.848417,0.90975,0.90975
2.87,0.913789,0.848477,0.909789,0.909789
2.872,0.913827,0.848537,0.909827,0.909827
2.874,0.913866,0.848596,0.909866,0.909866
2.876,0.913904,0.848656,0.909904,0.909904
2.878,0.913942,0.848716,0.909942,0.909942
2.88,0.913981,0.848775,0.909981,0.909981
2.882,0.914019,0.848835,0.910019,0.910019
2.884,0.914057,0.848895,0.910057,0.910057
2.886,0.914095,0.848954,0.910095,0.910095
2.888,0.914133,0.849014,0.910133,0.910133
2.89,0.914171,0.849073,0.910171,0.910171
2.892,0.914209,0.849133,0.910209,0.910209
2.894,0.914247,0.849193,0.910247,0.910247
2.896,0.914285,0.849252,0.910285,0.910285
2.898,0.914323,0.849312,0.910323,0.910323
2.9,0.914361,0.849371,0.910361,0.910361
2.902,0.914399,0.849431,0.910399,0.910399
2.904,0.914436,0.84949,0.910436,0.910436
2.906,0.914474,0.84955,0.910474,0.910474
2.908,0.914511,0.849609,0.910511,0.910511
2.91,0.914549,0.849669,0.910549,0.910549
2.912,0.914586,0.849729,0.910586,0.910586
2.914,0.914624,0.849788,0.910624,0.910624
2.916,0.914661,0.849848,0.910661,0.910661
2.918,0.914698,0.849907,0.910698,0.910698
2.92,0.914735,0.849966,0.910735,0.910735
2.922,0.914773,0.850026,0.910773,0.910773
2.924,0.91481,0.850085,0.91081,0.91081
2.926,0.914847,0.850145,0.910847,0.910847
2.928,0.914884,0.850204,0.910884,0.910884
2.93,0.914921,0.850264,0.910921,0.910921
2.932,0.914958,0.850323,0.910958,0.910958
2.934,0.914994,0.850382,0.910994,0.910994
2.936,0.915031,0.850442,0.911031,0.911031
2.938,0.915068,0.850501,0.911068,0.911068
2.94,0.915105,0.85056,0.911105,0.911105
2.942,0.915141,0.85062,0.911141,0.911141
2.944,0.915178,0.850679,0.911178,0.911178
2.946,0.915214,0.850738,0.911214,0.911214
2.948,0.915251,0.850798,0.911251,0.911251
2.95,0.915287,0.850857,0.911287,0.911287
2.952,0.915324,0.850916,0.911324,0.911324
2.954,0.91536,0.850975,0.91136,0.91136
2.956,0.915396,0.851035,0.911396,0.911396
2.958,0.915432,0.851094,0.911432,0.911432
2.96,0.915469,0.851153,0.911469,0.911469
2.962,0.915505,0.851212,0.911505,0.911505
2.964,0.915541,0.851272,0.911541,0.911541
2.966,0.915577,0.851331,0.911577,0.911577
2.968,0.915613,0.85139,0.911613,0.911613
2.97,0.915648,0.851449,0.911648,0.911648
2.972,0.915684,0.851508,0.911684,0.911684
2.974,0.91572,0.851567,0.91172,0.91172
2.976,0.915756,0.851626,0.911756,0.911756
2.978,0.915791,0.851685,0.911791,0.911791
2.98,0.915827,0.851744,0.911827,0.911827
2.982,0.915863,0.851803,0.911863,0.911863
2.984,0.915898,0.851862,0.911898,0.911898
2.986,0.915934,0.851921,0.911934,0.911934
2.988,0.915969,0.85198,0.911969,0.911969
2.99,0.916004,0.852039,0.912004,0.912004
2.992,0.91604,0.852098,0.91204,0.91204
2.994,0.916075,0.852157,0.912075,0.912075
2.996,0.91611,0.852216,0.91211,0.91211
2.998,0.916145,0.852275,0.912145,0.912145
3,0.91618,0.852334,0.91218,0.91218
3.002,0.916215,0.852393,0.912215,0.912215
3.004,0.91625,0.852452,0.91225,0.91225
3.006,0.916285,0.852511,0.912285,0.912285
3.008,0.91632,0.852569,0.91232,0.91232
3.01,0.916355,0.852628,0.912355,0.912355
3.012,0.91639,0.852687,0.91239,0.91239
3.014,0.916424,0.852746,0.912424,0.912424
3.016,0.916459,0.852805,0.912459,0.912459
3.018,0.916494,0.852863,0.912494,0.912494
3.02,0.916528,0.852922,0.912528,0.912528
3.022,0.916563,0.852981,0.912563,0.912563
3.024,0.916597,0.853039,0.912597,0.912597
3.026,0.916631,0.853098,0.912631,0.912631
3.028,0.916666,0.853157,0.912666,0.912666
3.03,0.9167,0.853215,0.9127,0.9127
3.032,0.916734,0.853274,0.912734,0.912734
3.034,0.916769,0.853332,0.912769,0.912769
3.036,0.916803,0.853391,0.912803,0.912803
3.038,0.916837,0.853449,0.912837,0.912837
3.04,0.916871,0.853508,0.912871,0.912871
3.042,0.916905,0.853567,0.912905,0.912905
3.044,0.916939,0.853625,0.912939,0.912939
3.046,0.916973,0.853683,0.912973,0.912973
3.048,0.917006,0.853742,0.913006,0.913006
3.05,0.91704,0.8538,0.91304,0.91304
3.052,0.917074,0.853859,0.913074,0.913074
3.054,0.917107,0.853917,0.913107,0.913107
3.056,0.917141,0.853975,0.913141,0.913141
3.058,0.917175,0.854034,0.913175,0.913175
3.06,0.917208,0.854092,0.913208,0.913208
3.062,0.917242,0.85415,0.913242,0.913242
3.064,0.917275,0.854209,0.913275,0.913275
3.066,0.917308,0.854267,0.913308,0.913308
3.068,0.917342,0.854325,0.913342,0.913342
3.07,0.917375,0.854383,0.913375,0.913375
3.072,0.917408,0.854441,0.913408,0.913408
3.074,0.917441,0.8545,0.913441,0.913441
3.076,0.917474,0.854558,0.913474,0.913474
3.078,0.917507,0.854616,0.913507,0.913507
3.08,0.91754,0.854674,0.91354,0.91354
3.082,0.917573,0.854732,0.913573,0.913573
3.084,0.917606,0.85479,0.913606,0.913606
3.086,0.917639,0.854848,0.913639,0.913639
3.088,0.917672,0.854906,0.913672,0.913672
3.09,0.917705,0.854964,0.913705,0.913705
3.092,0.917737,0.855022,0.913737,0.913737
3.094,0.91777,0.85508,0.91377,0.91377
3.096,0.917803,0.855138,0.913803,0.913803
3.098,0.917835,0.855196,0.913835,0.913835
3.1,0.917868,0.855254,0.913868,0.913868
3.102,0.9179,0.855312,0.9139,0.9139
3.104,0.917932,0.855369,0.913932,0.913932
3.106,0.917965,0.855427,0.913965,0.913965
3.108,0.917997,0.855485,0.913997,0.913997
3.11,0.918029,0.855543,0.914029,0.914029
3.112,0.918061,0.8556,0.914061,0.914061
3.114,0.918093,0.855658,0.914093,0.914093
3.116,0.918126,0.855716,0.914126,0.914126
3.118,0.918158,0.855773,0.914158,0.914158
3.12,0.91819,0.855831,0.91419,0.91419
3.122,0.918221,0.855889,0.914221,0.914221
3.124,0.918253,0.855946,0.914253,0.914253
3.126,0.918285,0.856004,0.914285,0.914285
3.128,0.918317,0.856061,0.914317,0.914317
3.13,0.918349,0.856119,0.914349,0.914349
3.132,0.91838,0.856176,0.91438,0.91438
3.134,0.918412,0.856234,0.914412,0.914412
3.136,0.918443,0.856291,0.914443,0.914443
3.138,0.918475,0.856349,0.914475,0.914475
3.14,0.918506,0.856406,0.914506,0.914506
3.142,0.918538,0.856463,0.914538,0.914538
3.144,0.918569,0.856521,0.914569,0.914569
3.146,0.918601,0.856578,0.914601,0.914601
3.148,0.918632,0.856635,0.914632,0.914632
3.15,0.918663,0.856692,0.914663,0.914663
3.152,0.918694,0.85675,0.914694,0.914694
3.154,0.918725,0.856807,0.914725,0.914725
3.156,0.918756,0.856864,0.914756,0.914756
3.158,0.918787,0.856921,0.914787,0.914787
3.16,0.918818,0.856978,0.914818,0.914818
3.162,0.918849,0.857035,0.914849,0.914849
3.164,0.91888,0.857092,0.91488,0.91488
3.166,0.918911,0.857149,0.914911,0.914911
3.168,0.918942,0.857206,0.914942,0.914942
3.17,0.918972,0.857263,0.914972,0.914972
3.172,0.919003,0.85732,0.915003,0.915003
3.174,0.919034,0.857377,0.915034,0.915034
3.176,0.919064,0.857434,0.915064,0.915064
3.178,0.919095,0.857491,0.915095,0.915095
3.18,0.919125,0.857548,0.915125,0.915125
3.182,0.919156,0.857605,0.915156,0.915156
3.184,0.919186,0.857661,0.915186,0.915186
3.186,0.919216,0.857718,0.915216,0.915216
3.188,0.919247,0.857775,0.915247,0.915247
3.19,0.919277,0.857832,0.915277,0.915277
3.192,0.919307,0.857888,0.915307,0.915307
3.194,0.919337,0.857945,0.915337,0.915337
3.196,0.919367,0.858002,0.915367,0.915367
3.198,0.919397,0.858058,0.915397,0.915397
3.2,0.919427,0.858115,0.915427,0.915427
3.202,0.919457,0.858171,0.915457,0.915457
3.204,0.919487,0.858228,0.915487,0.915487
3.206,0.919517,0.858284,0.915517,0.915517
3.208,0.919547,0.858341,0.915547,0.915547
3.21,0.919577,0.858397,0.915577,0.915577
3.212,0.919606,0.858453,0.915606,0.915606
3.214,0.919636,0.85851,0.915636,0.915636
3.216,0.919665,0.858566,0.915665,0.915665
3.218,0.919695,0.858622,0.915695,0.915695
3.22,0.919724,0.858679,0.915724,0.915724
3.222,0.919754,0.858735,0.915754,0.915754
3.224,0.919783,0.858791,0.915783,0.915783
3.226,0.919813,0.858847,0.915813,0.915813
3.228,0.919842,0.858904,0.915842,0.915842
3.23,0.919871,0.85896,0.915871,0.915871
3.232,0.9199,0.859016,0.9159,0.9159
3.234,0.91993,0.859072,0.91593,0.91593
3.236,0.919959,0.859128,0.915959,0.915959
3.238,0.919988,0.859184,0.915988,0.915988
3.24,0.920017,0.85924,0.916017,0.916017
3.242,0.920046,0.859296,0.916046,0.916046
3.244,0.920075,0.859352,0.916075,0.916075
3.246,0.920104,0.859408,0.916104,0.916104
3.248,0.920132,0.859463,0.916132,0.916132
3.25,0.920161,0.859519,0.916161,0.916161
3.252,0.92019,0.859575,0.91619,0.91619
3.254,0.920219,0.859631,0.916219,0.916219
3.256,0.920247,0.859686,0.916247,0.916247
3.258,0.920276,0.859742,0.916276,0.916276
3.26,0.920304,0.859798,0.916304,0.916304
3.262,0.920333,0.859853,0.916333,0.916333
3.264,0.920361,0.859909,0.916361,0.916361
3.266,0.92039,0.859965,0.91639,0.91639
3.268,0.920418,0.86002,0.916418,0.916418
3.27,0.920446,0.860076,0.916446,0.916446
3.272,0.920475,0.860131,0.916475,0.916475
3.274,0.920503,0.860187,0.916503,0.916503
3.276,0.920531,0.860242,0.916531,0.916531
3.278,0.920559,0.860297,0.916559,0.916559
3.28,0.920587,0.860353,0.916587,0.916587
3.282,0.920615,0.860408,0.916615,0.916615
3.284,0.920643,0.860463,0.916643,0.916643
3.286,0.920671,0.860519,0.916671,0.916671
3.288,0.920699,0.860574,0.916699,0.916699
3.29,0.920727,0.860629,0.916727,0.916727
3.292,0.920754,0.860684,0.916754,0.916754
3.294,0.920782,0.860739,0.916782,0.916782
3.296,0.92081,0.860794,0.91681,0.91681
3.298,0.920838,0.86085,0.916838,0.916838
3.3,0.920865,0.860905,0.916865,0.916865
3.302,0.920893,0.86096,0.916893,0.916893
3.304,0.92092,0.861015,0.91692,0.91692
3.306,0.920948,0.861069,0.916948,0.916948
3.308,0.920975,0.861124,0.916975,0.916975
3.31,0.921002,0.861179,0.917002,0.917002
3.312,0.92103,0.861234,0.91703,0.91703
3.314,0.921057,0.861289,0.917057,0.917057
3.316,0.921084,0.861344,0.917084,0.917084
3.318,0.921111,0.861398,0.917111,0.917111
3.32,0.921139,0.861453,0.917139,0.917139
3.322,0.921166,0.861508,0.917166,0.917166
3.324,0.921193,0.861562,0.917193,0.917193
3.326,0.92122,0.861617,0.91722,0.91722
3.328,0.921247,0.861672,0.917247,0.917247
3.33,0.921274,0.861726,0.917274,0.917274
3.332,0.9213,0.861781,0.9173,0.9173
3.334,0.921327,0.861835,0.917327,0.917327
3.336,0.921354,0.86189,0.917354,0.917354
3.338,0.921381,0.861944,0.917381,0.917381
3.34,0.921407,0.861998,0.917407,0.917407
3.342,0.921434,0.862053,0.917434,0.917434
3.344,0.921461,0.862107,0.917461,0.917461
3.346,0.921487,0.862161,0.917487,0.917487
3.348,0.921514,0.862215,0.917514,0.917514
3.35,0.92154,0.86227,0.91754,0.91754
3.352,0.921567,0.862324,0.917567,0.917567
3.354,0.921593,0.862378,0.917593,0.917593
3.356,0.921619,0.862432,0.917619,0.917619
3.358,0.921646,0.862486,0.917646,0.917646
3.36,0.921672,0.86254,0.917672,0.917672
3.362,0.921698,0.862594,0.917698,0.917698
3.364,0.921724,0.862648,0.917724,0.917724
3.366,0.92175,0.862702,0.91775,0.91775
3.368,0.921776,0.862756,0.917776,0.917776
3.37,0.921802,0.86281,0.917802,0.917802
3.372,0.921828,0.862864,0.917828,0.917828
3.374,0.921854,0.862917,0.917854,0.917854
3.376,0.92188,0.862971,0.91788,0.91788
3.378,0.921906,0.863025,0.917906,0.917906
3.38,0.921932,0.863079,0.917932,0.917932
3.382,0.921957,0.863132,0.917957,0.917957
3.384,0.921983,0.863186,0.917983,0.917983
3.386,0.922009,0.863239,0.918009,0.918009
3.388,0.922034,0.863293,0.918034,0.918034
3.39,0.92206,0.863346,0.91806,0.91806
3.392,0.922085,0.8634,0.918085,0.918085
3.394,0.922111,0.863453,0.918111,0.918111
3.396,0.922136,0.863507,0.918136,0.918136
3.398,0.922162,0.86356,0.918162,0.918162
3.4,0.922187,0.863613,0.918187,0.918187
3.402,0.922212,0.863667,0.918212,0.918212
3.404,0.922238,0.86372,0.918238,0.918238
3.406,0.922263,0.863773,0.918263,0.918263
3.408,0.922288,0.863826,0.918288,0.918288
3.41,0.922313,0.86388,0.918313,0.918313
3.412,0.922338,0.863933,0.918338,0.918338
3.414,0.922363,0.863986,0.918363,0.918363
3.416,0.922388,0.864039,0.918388,0.918388
3.418,0.922413,0.864092,0.918413,0.918413
3.42,0.922438,0.864145,0.918438,0.918438
3.422,0.922463,0.864198,0.918463,0.918463
3.424,0.922488,0.864251,0.918488,0.918488
3.426,0.922513,0.864303,0.918513,0.918513
3.428,0.922537,0.864356,0.918537,0.918537
3.43,0.922562,0.864409,0.918562,0.918562
3.432,0.922587,0.864462,0.918587,0.918587
3.434,0.922611,0.864515,0.918611,0.918611
3.436,0.922636,0.864567,0.918636,0.918636
3.438,0.92266,0.86462,0.91866,0.91866
3.44,0.922685,0.864673,0.918685,0.918685
3.442,0.922709,0.864725,0.918709,0.918709
3.444,0.922734,0.864778,0.918734,0.918734
3.446,0.922758,0.86483,0.918758,0.918758
3.448,0.922782,0.864883,0.918782,0.918782
3.45,0.922807,0.864935,0.918807,0.918807
3.452,0.922831,0.864987,0.918831,0.918831
3.454,0.922855,0.86504,0.918855,0.918855
3.456,0.922879,0.865092,0.918879,0.918879
3.458,0.922903,0.865144,0.918903,0.918903
3.46,0.922927,0.865197,0.918927,0.918927
3.462,0.922951,0.865249,0.918951,0.918951
3.464,0.922975,0.865301,0.918975,0.918975
3.466,0.922999,0.865353,0.918999,0.918999
3.468,0.923023,0.865405,0.919023,0.919023
3.47,0.923047,0.865457,0.919047,0.919047
3.472,0.923071,0.865509,0.919071,0.919071
3.474,0.923095,0.865561,0.919095,0.919095
3.476,0.923118,0.865613,0.919118,0.919118
3.478,0.923142,0.865665,0.919142,0.919142
3.48,0.923166,0.865717,0.919166,0.919166
3.482,0.923189,0.865769,0.919189,0.919189
3.484,0.923213,0.865821,0.919213,0.919213
3.486,0.923236,0.865872,0.919236,0.919236
3.488,0.92326,0.865924,0.91926,0.91926
3.49,0.923283,0.865976,0.919283,0.919283
3.492,0.923306,0.866027,0.919306,0.919306
3.494,0.92333,0.866079,0.91933,0.91933
3.496,0.923353,0.866131,0.919353,0.919353
3.498,0.923376,0.866182,0.919376,0.919376
3.5,0.9234,0.866234,0.9194,0.9194
3.502,0.923423,0.866285,0.919423,0.919423
3.504,0.923446,0.866337,0.919446,0.919446
3.506,0.923469,0.866388,0.919469,0.919469
3.508,0.923492,0.866439,0.919492,0.919492
3.51,0.923515,0.866491,0.919515,0.919515
3.512,0.923538,0.866542,0.919538,0.919538
3.514,0.923561,0.866593,0.919561,0.919561
3.516,0.923584,0.866644,0.919584,0.919584
3.518,0.923607,0.866695,0.919607,0.919607
3.52,0.92363,0.866747,0.91963,0.91963
3.522,0.923652,0.866798,0.919652,0.919652
3.524,0.923675,0.866849,0.919675,0.919675
3.526,0.923698,0.8669,0.919698,0.919698
3.528,0.92372,0.866951,0.91972,0.91972
3.53,0.923743,0.867002,0.919743,0.919743
3.532,0.923766,0.867053,0.919766,0.919766
3.534,0.923788,0.867103,0.919788,0.919788
3.536,0.923811,0.867154,0.919811,0.919811
3.538,0.923833,0.867205,0.919833,0.919833
3.54,0.923855,0.867256,0.919855,0.919855
3.542,0.923878,0.867306,0.919878,0.919878
3.544,0.9239,0.867357,0.9199,0.9199
3.546,0.923922,0.867408,0.919922,0.919922
3.548,0.923945,0.867458,0.919945,0.919945
3.55,0.923967,0.867509,0.919967,0.919967
3.552,0.923989,0.867559,0.919989,0.919989
3.554,0.924011,0.86761,0.920011,0.920011
3.556,0.924033,0.86766,0.920033,0.920033
3.558,0.924055,0.867711,0.920055,0.920055
3.56,0.924077,0.867761,0.920077,0.920077
3.562,0.924099,0.867811,0.920099,0.920099
3.564,0.924121,0.867862,0.920121,0.920121
3.566,0.924143,0.867912,0.920143,0.920143
3.568,0.924165,0.867962,0.920165,0.920165
3.57,0.924187,0.868012,0.920187,0.920187
3.572,0.924209,0.868062,0.920209,0.920209
3.574,0.92423,0.868112,0.92023,0.92023
3.576,0.924252,0.868162,0.920252,0.920252
3.578,0.924274,0.868212,0.920274,0.920274
3.58,0.924295,0.868262,0.920295,0.920295
3.582,0.924317,0.868312,0.920317,0.920317
3.584,0.924338,0.868362,0.920338,0.920338
3.586,0.92436,0.868412,0.92036,0.92036
3.588,0.924381,0.868462,0.920381,0.920381
3.59,0.924403,0.868512,0.920403,0.920403
3.592,0.924424,0.868561,0.920424,0.920424
3.594,0.924446,0.868611,0.920446,0.920446
3.596,0.924467,0.868661,0.920467,0.920467
3.598,0.924488,0.86871,0.920488,0.920488
3.6,0.924509,0.86876,0.920509,0.920509
3.602,0.924531,0.868809,0.920531,0.920531
3.604,0.924552,0.868859,0.920552,0.920552
3.606,0.924573,0.868908,0.920573,0.920573
3.608,0.924594,0.868958,0.920594,0.920594
3.61,0.924615,0.869007,0.920615,0.920615
3.612,0.924636,0.869056,0.920636,0.920636
3.614,0.924657,0.869106,0.920657,0.920657
3.616,0.924678,0.869155,0.920678,0.920678
3.618,0.924699,0.869204,0.920699,0.920699
3.62,0.92472,0.869253,0.92072,0.92072
3.622,0.92474,0.869302,0.92074,0.92074
3.624,0.924761,0.869352,0.920761,0.920761
3.626,0.924782,0.869401,0.920782,0.920782
3.628,0.924803,0.86945,0.920803,0.920803
3.63,0.924823,0.869499,0.920823,0.920823
3.632,0.924844,0.869548,0.920844,0.920844
3.634,0.924865,0.869596,0.920865,0.920865
3.636,0.924885,0.869645,0.920885,0.920885
3.638,0.924906,0.869694,0.920906,0.920906
3.64,0.924926,0.869743,0.920926,0.920926
3.642,0.924947,0.869792,0.920947,0.920947
3.644,0.924967,0.86984,0.920967,0.920967
3.646,0.924987,0.869889,0.920987,0.920987
3.648,0.925008,0.869938,0.921008,0.921008
3.65,0.925028,0.869986,0.921028,0.921028
3.652,0.925048,0.870035,0.921048,0.921048
3.654,0.925068,0.870083,0.921068,0.921068
3.656,0.925089,0.870132,0.921089,0.921089
3.658,0.925109,0.87018,0.921109,0.921109
3.66,0.925129,0.870229,0.921129,0.921129
3.662,0.925149,0.870277,0.921149,0.921149
3.664,0.925169,0.870325,0.921169,0.921169
3.666,0.925189,0.870373,0.921189,0.921189
3.668,0.925209,0.870422,0.921209,0.921209
3.67,0.925229,0.87047,0.921229,0.921229
3.672,0.925249,0.870518,0.921249,0.921249
3.674,0.925268,0.870566,0.921268,0.921268
3.676,0.925288,0.870614,0.921288,0.921288
3.678,0.925308,0.870662,0.921308,0.921308
3.68,0.925328,0.87071,0.921328,0.921328
3.682,0.925348,0.870758,0.921348,0.921348
3.684,0.925367,0.870806,0.921367,0.921367
3.686,0.925387,0.870854,0.921387,0.921387
3.688,0.925406,0.870902,0.921406,0.921406
3.69,0.925426,0.870949,0.921426,0.921426
3.692,0.925445,0.870997,0.921445,0.921445
3.694,0.925465,0.871045,0.921465,0.921465
3.696,0.925484,0.871093,0.921484,0.921484
3.698,0.925504,0.87114,0.921504,0.921504
3.7,0.925523,0.871188,0.921523,0.921523
3.702,0.925543,0.871235,0.921543,0.921543
3.704,0.925562,0.871283,0.921562,0.921562
3.706,0.925581,0.87133,0.921581,0.921581
3.708,0.9256,0.871378,0.9216,0.9216
3.71,0.92562,0.871425,0.92162,0.92162
3.712,0.925639,0.871472,0.921639,0.921639
3.714,0.925658,0.87152,0.921658,0.921658
3.716,0.925677,0.871567,0.921677,0.921677
3.718,0.925696,0.871614,0.921696,0.921696
3.72,0.925715,0.871661,0.921715,0.921715
3.722,0.925734,0.871708,0.921734,0.921734
3.724,0.925753,0.871756,0.921753,0.921753
3.726,0.925772,0.871803,0.921772,0.921772
3.728,0.925791,0.87185,0.921791,0.921791
3.73,0.92581,0.871897,0.92181,0.92181
3.732,0.925828,0.871943,0.921828,0.921828
3.734,0.925847,0.87199,0.921847,0.921847
3.736,0.925866,0.872037,0.921866,0.921866
3.738,0.925885,0.872084,0.921885,0.921885
3.74,0.925903,0.872131,0.921903,0.921903
3.742,0.925922,0.872178,0.921922,0.921922
3.744,0.925941,0.872224,0.921941,0.921941
3.746,0.925959,0.872271,0.921959,0.921959
3.748,0.925978,0.872317,0.921978,0.921978
3.75,0.925996,0.872364,0.921996,0.921996
3.752,0.926015,0.872411,0.922015,0.922015
3.754,0.926033,0.872457,0.922033,0.922033
3.756,0.926051,0.872504,0.922051,0.922051
3.758,0.92607,0.87255,0.92207,0.92207
3.76,0.926088,0.872596,0.922088,0.922088
3.762,0.926106,0.872643,0.922106,0.922106
3.764,0.926125,0.872689,0.922125,0.922125
3.766,0.926143,0.872735,0.922143,0.922143
3.768,0.926161,0.872781,0.922161,0.922161
3.77,0.926179,0.872827,0.922179,0.922179
3.772,0.926197,0.872874,0.922197,0.922197
3.774,0.926216,0.87292,0.922216,0.922216
3.776,0.926234,0.872966,0.922234,0.922234
3.778,0.926252,0.873012,0.922252,0.922252
3.78,0.92627,0.873058,0.92227,0.92227
3.782,0.926288,0.873104,0.922288,0.922288
3.784,0.926305,0.873149,0.922305,0.922305
3.786,0.926323,0.873195,0.922323,0.922323
3.788,0.926341,0.873241,0.922341,0.922341
3.79,0.926359,0.873287,0.922359,0.922359
3.792,0.926377,0.873333,0.922377,0.922377
3.794,0.926395,0.873378,0.922395,0.922395
3.796,0.926412,0.873424,0.922412,0.922412
3.798,0.92643,0.873469,0.92243,0.92243
3.8,0.926448,0.873515,0.922448,0.922448
3.802,0.926465,0.87356,0.922465,0.922465
3.804,0.926483,0.873606,0.922483,0.922483
3.806,0.9265,0.873651,0.9225,0.9225
3.808,0.926518,0.873697,0.922518,0.922518
3.81,0.926535,0.873742,0.922535,0.922535
3.812,0.926553,0.873787,0.922553,0.922553
3.814,0.92657,0.873833,0.92257,0.92257
3.816,0.926588,0.873878,0.922588,0.922588
3.818,0.926605,0.873923,0.922605,0.922605
3.82,0.926622,0.873968,0.922622,0.922622
3.822,0.92664,0.874013,0.92264,0.92264
3.824,0.926657,0.874058,0.922657,0.922657
3.826,0.926674,0.874103,0.922674,0.922674
3.828,0.926691,0.874148,0.922691,0.922691
3.83,0.926709,0.874193,0.922709,0.922709
3.832,0.926726,0.874238,0.922726,0.922726
3.834,0.926743,0.874283,0.922743,0.922743
3.836,0.92676,0.874328,0.92276,0.92276
3.838,0.926777,0.874373,0.922777,0.922777
3.84,0.926794,0.874417,0.922794,0.922794
3.842,0.926811,0.874462,0.922811,0.922811
3.844,0.926828,0.874507,0.922828,0.922828
3.846,0.926845,0.874551,0.922845,0.922845
3.848,0.926862,0.874596,0.922862,0.922862
3.85,0.926878,0.87464,0.922878,0.922878
3.852,0.926895,0.874685,0.922895,0.922895
3.854,0.926912,0.874729,0.922912,0.922912
3.856,0.926929,0.874774,0.922929,0.922929
3.858,0.926945,0.874818,0.922945,0.922945
3.86,0.926962,0.874862,0.922962,0.922962
3.862,0.926979,0.874907,0.922979,0.922979
3.864,0.926995,0.874951,0.922995,0.922995
3.866,0.927012,0.874995,0.923012,0.923012
3.868,0.927029,0.875039,0.923029,0.923029
3.87,0.927045,0.875083,0.923045,0.923045
3.872,0.927062,0.875127,0.923062,0.923062
3.874,0.927078,0.875172,0.923078,0.923078
3.876,0.927094,0.875216,0.923094,0.923094
3.878,0.927111,0.875259,0.923111,0.923111
3.88,0.927127,0.875303,0.923127,0.923127
3.882,0.927144,0.875347,0.923144,0.923144
3.884,0.92716,0.875391,0.92316,0.92316
3.886,0.927176,0.875435,0.923176,0.923176
3.888,0.927192,0.875479,0.923192,0.923192
3.89,0.927209,0.875522,0.923209,0.923209
3.892,0.927225,0.875566,0.923225,0.923225
3.894,0.927241,0.87561,0.923241,0.923241
3.896,0.927257,0.875653,0.923257,0.923257
3.898,0.927273,0.875697,0.923273,0.923273
3.9,0.927289,0.87574,0.923289,0.923289
3.902,0.927305,0.875784,0.923305,0.923305
3.904,0.927321,0.875827,0.923321,0.923321
3.906,0.927337,0.875871,0.923337,0.923337
3.908,0.927353,0.875914,0.923353,0.923353
3.91,0.927369,0.875957,0.923369,0.923369
3.912,0.927385,0.876,0.923385,0.923385
3.914,0.927401,0.876044,0.923401,0.923401
3.916,0.927417,0.876087,0.923417,0.923417
3.918,0.927432,0.87613,0.923432,0.923432
3.92,0.927448,0.876173,0.923448,0.923448
3.922,0.927464,0.876216,0.923464,0.923464
3.924,0.92748,0.876259,0.92348,0.92348
3.926,0.927495,0.876302,0.923495,0.923495
3.928,0.927511,0.876345,0.923511,0.923511
3.93,0.927526,0.876388,0.923526,0.923526
3.932,0.927542,0.876431,0.923542,0.923542
3.934,0.927558,0.876474,0.923558,0.923558
3.936,0.927573,0.876516,0.923573,0.923573
3.938,0.927589,0.876559,0.923589,0.923589
3.94,0.927604,0.876602,0.923604,0.923604
3.942,0.927619,0.876644,0.923619,0.923619
3.944,0.927635,0.876687,0.923635,0.923635
3.946,0.92765,0.87673,0.92365,0.92365
3.948,0.927666,0.876772,0.923666,0.923666
3.95,0.927681,0.876815,0.923681,0.923681
3.952,0.927696,0.876857,0.923696,0.923696
3.954,0.927711,0.876899,0.923711,0.923711
3.956,0.927727,0.876942,0.923727,0.923727
3.958,0.927742,0.876984,0.923742,0.923742
3.96,0.927757,0.877026,0.923757,0.923757
3.962,0.927772,0.877069,0.923772,0.923772
3.964,0.927787,0.877111,0.923787,0.923787
3.966,0.927802,0.877153,0.923802,0.923802
3.968,0.927817,0.877195,0.923817,0.923817
3.97,0.927832,0.877237,0.923832,0.923832
3.972,0.927847,0.877279,0.923847,0.923847
3.974,0.927862,0.877321,0.923862,0.923862
3.976,0.927877,0.877363,0.923877,0.923877
3.978,0.927892,0.877405,0.923892,0.923892
3.98,0.927907,0.877447,0.923907,0.923907
3.982,0.927922,0.877489,0.923922,0.923922
3.984,0.927937,0.87753,0.923937,0.923937
3.986,0.927951,0.877572,0.923951,0.923951
3.988,0.927966,0.877614,0.923966,0.923966
3.99,0.927981,0.877656,0.923981,0.923981
3.992,0.927996,0.877697,0.923996,0.923996
3.994,0.92801,0.877739,0.92401,0.92401
3.996,0.928025,0.87778,0.924025,0.924025
3.998,0.92804,0.877822,0.92404,0.92404
4,0.928054,0.877863,0.924054,0.924054
4.002,0.928069,0.877905,0.924069,0.924069
4.004,0.928083,0.877946,0.924083,0.924083
4.006,0.928098,0.877987,0.924098,0.924098
4.008,0.928112,0.878029,0.924112,0.924112
4.01,0.928127,0.87807,0.924127,0.924127
4.012,0.928141,0.878111,0.924141,0.924141
4.014,0.928155,0.878152,0.924155,0.924155
4.016,0.92817,0.878193,0.92417,0.92417
4.018,0.928184,0.878235,0.924184,0.924184
4.02,0.928198,0.878276,0.924198,0.924198
4.022,0.928213,0.878317,0.924213,0.924213
4.024,0.928227,0.878358,0.924227,0.924227
4.026,0.928241,0.878398,0.924241,0.924241
4.028,0.928255,0.878439,0.924255,0.924255
4.03,0.92827,0.87848,0.92427,0.92427
4.032,0.928284,0.878521,0.924284,0.924284
4.034,0.928298,0.878562,0.924298,0.924298
4.036,0.928312,0.878603,0.924312,0.924312
4.038,0.928326,0.878643,0.924326,0.924326
4.04,0.92834,0.878684,0.92434,0.92434
4.042,0.928354,0.878724,0.924354,0.924354
4.044,0.928368,0.878765,0.924368,0.924368
4.046,0.928382,0.878806,0.924382,0.924382
4.048,0.928396,0.878846,0.924396,0.924396
4.05,0.92841,0.878886,0.92441,0.92441
4.052,0.928424,0.878927,0.924424,0.924424
4.054,0.928437,0.878967,0.924437,0.924437
4.056,0.928451,0.879008,0.924451,0.924451
4.058,0.928465,0.879048,0.924465,0.924465
4.06,0.928479,0.879088,0.924479,0.924479
4.062,0.928493,0.879128,0.924493,0.924493
4.064,0.928506,0.879168,0.924506,0.924506
4.066,0.92852,0.879209,0.92452,0.92452
4.068,0.928534,0.879249,0.924534,0.924534
4.07,0.928547,0.879289,0.924547,0.924547
4.072,0.928561,0.879329,0.924561,0.924561
4.074,0.928574,0.879369,0.924574,0.924574
4.076,0.928588,0.879409,0.924588,0.924588
4.078,0.928601,0.879448,0.924601,0.924601
4.08,0.928615,0.879488,0.924615,0.924615
4.082,0.928628,0.879528,0.924628,0.924628
4.084,0.928642,0.879568,0.924642,0.924642
4.086,0.928655,0.879608,0.924655,0.924655
4.088,0.928669,0.879647,0.924669,0.924669
4.09,0.928682,0.879687,0.924682,0.924682
4.092,0.928695,0.879726,0.924695,0.924695
4.094,0.928709,0.879766,0.924709,0.924709
4.096,0.928722,0.879806,0.924722,0.924722
4.098,0.928735,0.879845,0.924735,0.924735
4.1,0.928748,0.879884,0.924748,0.924748
4.102,0.928762,0.879924,0.924762,0.924762
4.104,0.928775,0.879963,0.924775,0.924775
4.106,0.928788,0.880002,0.924788,0.924788
4.108,0.928801,0.880042,0.924801,0.924801
4.11,0.928814,0.880081,0.924814,0.924814
4.112,0.928827,0.88012,0.924827,0.924827
4.114,0.92884,0.880159,0.92484,0.92484
4.116,0.928853,0.880198,0.924853,0.924853
4.118,0.928866,0.880238,0.924866,0.924866
4.12,0.928879,0.880277,0.924879,0.924879
4.122,0.928892,0.880316,0.924892,0.924892
4.124,0.928905,0.880355,0.924905,0.924905
4.126,0.928918,0.880393,0.924918,0.924918
4.128,0.928931,0.880432,0.924931,0.924931
4.13,0.928944,0.880471,0.924944,0.924944
4.132,0.928957,0.88051,0.924957,0.924957
4.134,0.928969,0.880549,0.924969,0.924969
4.136,0.928982,0.880587,0.924982,0.924982
4.138,0.928995,0.880626,0.924995,0.924995
4.14,0.929008,0.880665,0.925008,0.925008
4.142,0.92902,0.880703,0.92502,0.92502
4.144,0.929033,0.880742,0.925033,0.925033
4.146,0.929046,0.88078,0.925046,0.925046
4.148,0.929058,0.880819,0.925058,0.925058
4.15,0.929071,0.880857,0.925071,0.925071
4.152,0.929084,0.880896,0.925084,0.925084
4.154,0.929096,0.880934,0.925096,0.925096
4.156,0.929109,0.880972,0.925109,0.925109
4.158,0.929121,0.881011,0.925121,0.925121
4.16,0.929134,0.881049,0.925134,0.925134
4.162,0.929146,0.881087,0.925146,0.925146
4.164,0.929158,0.881125,0.925158,0.925158
4.166,0.929171,0.881163,0.925171,0.925171
4.168,0.929183,0.881201,0.925183,0.925183
4.17,0.929196,0.881239,0.925196,0.925196
4.172,0.929208,0.881277,0.925208,0.925208
4.174,0.92922,0.881315,0.92522,0.92522
4.176,0.929232,0.881353,0.925232,0.925232
4.178,0.929245,0.881391,0.925245,0.925245
4.18,0.929257,0.881429,0.925257,0.925257
4.182,0.929269,0.881467,0.925269,0.925269
4.184,0.929281,0.881505,0.925281,0.925281
4.186,0.929293,0.881542,0.925293,0.925293
4.188,0.929306,0.88158,0.925306,0.925306
4.19,0.929318,0.881618,0.925318,0.925318
4.192,0.92933,0.881655,0.92533,0.92533
4.194,0.929342,0.881693,0.925342,0.925342
4.196,0.929354,0.88173,0.925354,0.925354
4.198,0.929366,0.881768,0.925366,0.925366
4.2,0.929378,0.881805,0.925378,0.925378
4.202,0.92939,0.881843,0.92539,0.92539
4.204,0.929402,0.88188,0.925402,0.925402
4.206,0.929414,0.881917,0.925414,0.925414
4.208,0.929426,0.881954,0.925426,0.925426
4.21,0.929437,0.881992,0.925437,0.925437
4.212,0.929449,0.882029,0.925449,0.925449
4.214,0.929461,0.882066,0.925461,0.925461
4.216,0.929473,0.882103,0.925473,0.925473
4.218,0.929485,0.88214,0.925485,0.925485
4.22,0.929496,0.882177,0.925496,0.925496
4.222,0.929508,0.882214,0.925508,0.925508
4.224,0.92952,0.882251,0.92552,0.92552
4.226,0.929532,0.882288,0.925532,0.925532
4.228,0.929543,0.882325,0.925543,0.925543
4.23,0.929555,0.882362,0.925555,0.925555
4.232,0.929566,0.882399,0.925566,0.925566
4.234,0.929578,0.882436,0.925578,0.925578
4.236,0.92959,0.882472,0.92559,0.92559
4.238,0.929601,0.882509,0.925601,0.925601
4.24,0.929613,0.882546,0.925613,0.925613
4.242,0.929624,0.882582,0.925624,0.925624
4.244,0.929636,0.882619,0.925636,0.925636
4.246,0.929647,0.882655,0.925647,0.925647
4.248,0.929659,0.882692,0.925659,0.925659
4.25,0.92967,0.882728,0.92567,0.92567
4.252,0.929681,0.882765,0.925681,0.925681
4.254,0.929693,0.882801,0.925693,0.925693
4.256,0.929704,0.882837,0.925704,0.925704
4.258,0.929715,0.882874,0.925715,0.925715
4.26,0.929727,0.88291,0.925727,0.925727
4.262,0.929738,0.882946,0.925738,0.925738
4.264,0.929749,0.882982,0.925749,0.925749
4.266,0.92976,0.883019,0.92576,0.92576
4.268,0.929772,0.883055,0.925772,0.925772
4.27,0.929783,0.883091,0.925783,0.925783
4.272,0.929794,0.883127,0.925794,0.925794
4.274,0.929805,0.883163,0.925805,0.925805
4.276,0.929816,0.883199,0.925816,0.925816
4.278,0.929827,0.883235,0.925827,0.925827
4.28,0.929838,0.883271,0.925838,0.925838
4.282,0.929849,0.883306,0.925849,0.925849
4.284,0.92986,0.883342,0.92586,0.92586
4.286,0.929871,0.883378,0.925871,0.925871
4.288,0.929882,0.883414,0.925882,0.925882
4.29,0.929893,0.883449,0.925893,0.925893
4.292,0.929904,0.883485,0.925904,0.925904
4.294,0.929915,0.883521,0.925915,0.925915
4.296,0.929926,0.883556,0.925926,0.925926
4.298,0.929937,0.883592,0.925937,0.925937
4.3,0.929948,0.883627,0.925948,0.925948
4.302,0.929959,0.883663,0.925959,0.925959
4.304,0.929969,0.883698,0.925969,0.925969
4.306,0.92998,0.883733,0.92598,0.92598
4.308,0.929991,0.883769,0.925991,0.925991
4.31,0.930002,0.883804,0.926002,0.926002
4.312,0.930012,0.883839,0.926012,0.926012
4.314,0.930023,0.883874,0.926023,0.926023
4.316,0.930034,0.88391,0.926034,0.926034
4.318,0.930044,0.883945,0.926044,0.926044
4.32,0.930055,0.88398,0.926055,0.926055
4.322,0.930066,0.884015,0.926066,0.926066
4.324,0.930076,0.88405,0.926076,0.926076
4.326,0.930087,0.884085,0.926087,0.926087
4.328,0.930097,0.88412,0.926097,0.926097
4.33,0.930108,0.884155,0.926108,0.926108
4.332,0.930118,0.88419,0.926118,0.926118
4.334,0.930129,0.884224,0.926129,0.926129
4.336,0.930139,0.884259,0.926139,0.926139
4.338,0.93015,0.884294,0.92615,0.92615
4.34,0.93016,0.884329,0.92616,0.92616
4.342,0.930171,0.884363,0.926171,0.926171
4.344,0.930181,0.884398,0.926181,0.926181
4.346,0.930191,0.884433,0.926191,0.926191
4.348,0.930202,0.884467,0.926202,0.926202
4.35,0.930212,0.884502,0.926212,0.926212
4.352,0.930222,0.884536,0.926222,0.926222
4.354,0.930232,0.884571,0.926232,0.926232
4.356,0.930243,0.884605,0.926243,0.926243
4.358,0.930253,0.88464,0.926253,0.926253
4.36,0.930263,0.884674,0.926263,0.926263
4.362,0.930273,0.884708,0.926273,0.926273
4.364,0.930284,0.884742,0.926284,0.926284
4.366,0.930294,0.884777,0.926294,0.926294
4.368,0.930304,0.884811,0.926304,0.926304
4.37,0.930314,0.884845,0.926314,0.926314
4.372,0.930324,0.884879,0.926324,0.926324
4.374,0.930334,0.884913,0.926334,0.926334
4.376,0.930344,0.884947,0.926344,0.926344
4.378,0.930354,0.884981,0.926354,0.926354
4.38,0.930364,0.885015,0.926364,0.926364
4.382,0.930374,0.885049,0.926374,0.926374
4.384,0.930384,0.885083,0.926384,0.926384
4.386,0.930394,0.885117,0.926394,0.926394
4.388,0.930404,0.885151,0.926404,0.926404
4.39,0.930414,0.885184,0.926414,0.926414
4.392,0.930424,0.885218,0.926424,0.926424
4.394,0.930434,0.885252,0.926434,0.926434
4.396,0.930443,0.885285,0.926443,0.926443
4.398,0.930453,0.885319,0.926453,0.926453
4.4,0.930463,0.885353,0.926463,0.926463
4.402,0.930473,0.885386,0.926473,0.926473
4.404,0.930483,0.88542,0.926483,0.926483
4.406,0.930492,0.885453,0.926492,0.926492
4.408,0.930502,0.885487,0.926502,0.926502
4.41,0.930512,0.88552,0.926512,0.926512
4.412,0.930521,0.885553,0.926521,0.926521
4.414,0.930531,0.885587,0.926531,0.926531
4.416,0.930541,0.88562,0.926541,0.926541
4.418,0.93055,0.885653,0.92655,0.92655
4.42,0.93056,0.885686,0.92656,0.92656
4.422,0.93057,0.88572,0.92657,0.92657
4.424,0.930579,0.885753,0.926579,0.926579
4.426,0.930589,0.885786,0.926589,0.926589
4.428,0.930598,0.885819,0.926598,0.926598
4.43,0.930608,0.885852,0.926608,0.926608
4.432,0.930617,0.885885,0.926617,0.926617
4.434,0.930627,0.885918,0.926627,0.926627
4.436,0.930636,0.885951,0.926636,0.926636
4.438,0.930646,0.885984,0.926646,0.926646
4.44,0.930655,0.886016,0.926655,0.926655
4.442,0.930664,0.886049,0.926664,0.926664
4.444,0.930674,0.886082,0.926674,0.926674
4.446,0.930683,0.886115,0.926683,0.926683
4.448,0.930692,0.886147,0.926692,0.926692
4.45,0.930702,0.88618,0.926702,0.926702
4.452,0.930711,0.886213,0.926711,0.926711
4.454,0.93072,0.886245,0.92672,0.92672
4.456,0.93073,0.886278,0.92673,0.92673
4.458,0.930739,0.88631,0.926739,0.926739
4.46,0.930748,0.886343,0.926748,0.926748
4.462,0.930757,0.886375,0.926757,0.926757
4.464,0.930766,0.886408,0.926766,0.926766
4.466,0.930776,0.88644,0.926776,0.926776
4.468,0.930785,0.886472,0.926785,0.926785
4.47,0.930794,0.886505,0.926794,0.926794
4.472,0.930803,0.886537,0.926803,0.926803
4.474,0.930812,0.886569,0.926812,0.926812
4.476,0.930821,0.886601,0.926821,0.926821
4.478,0.93083,0.886633,0.92683,0.92683
4.48,0.930839,0.886665,0.926839,0.926839
4.482,0.930848,0.886698,0.926848,0.926848
4.484,0.930857,0.88673,0.926857,0.926857
4.486,0.930866,0.886762,0.926866,0.926866
4.488,0.930875,0.886793,0.926875,0.926875
4.49,0.930884,0.886825,0.926884,0.926884
4.492,0.930893,0.886857,0.926893,0.926893
4.494,0.930902,0.886889,0.926902,0.926902
4.496,0.930911,0.886921,0.926911,0.926911
4.498,0.93092,0.886953,0.92692,0.92692
4.5,0.930929,0.886984,0.926929,0.926929
4.502,0.930937,0.887016,0.926937,0.926937
4.504,0.930946,0.887048,0.926946,0.926946
4.506,0.930955,0.887079,0.926955,0.926955
4.508,0.930964,0.887111,0.926964,0.926964
4.51,0.930973,0.887143,0.926973,0.926973
4.512,0.930981,0.887174,0.926981,0.926981
4.514,0.93099,0.887206,0.92699,0.92699
4.516,0.930999,0.887237,0.926999,0.926999
4.518,0.931007,0.887268,0.927007,0.927007
4.52,0.931016,0.8873,0.927016,0.927016
4.522,0.931025,0.887331,0.927025,0.927025
4.524,0.931033,0.887362,0.927033,0.927033
4.526,0.931042,0.887394,0.927042,0.927042
4.528,0.931051,0.887425,0.927051,0.927051
4.53,0.931059,0.887456,0.927059,0.927059
4.532,0.931068,0.887487,0.927068,0.927068
4.534,0.931076,0.887518,0.927076,0.927076
4.536,0.931085,0.887549,0.927085,0.927085
4.538,0.931093,0.887581,0.927093,0.927093
4.54,0.931102,0.887612,0.927102,0.927102
4.542,0.93111,0.887643,0.92711,0.92711
4.544,0.931119,0.887673,0.927119,0.927119
4.546,0.931127,0.887704,0.927127,0.927127
4.548,0.931136,0.887735,0.927136,0.927136
4.55,0.931144,0.887766,0.927144,0.927144
4.552,0.931152,0.887797,0.927152,0.927152
4.554,0.931161,0.887828,0.927161,0.927161
4.556,0.931169,0.887858,0.927169,0.927169
4.558,0.931178,0.887889,0.927178,0.927178
4.56,0.931186,0.88792,0.927186,0.927186
4.562,0.931194,0.88795,0.927194,0.927194
4.564,0.931202,0.887981,0.927202,0.927202
4.566,0.931211,0.888011,0.927211,0.927211
4.568,0.931219,0.888042,0.927219,0.927219
4.57,0.931227,0.888072,0.927227,0.927227
4.572,0.931235,0.888103,0.927235,0.927235
4.574,0.931244,0.888133,0.927244,0.927244
4.576,0.931252,0.888164,0.927252,0.927252
4.578,0.93126,0.888194,0.92726,0.92726
4.58,0.931268,0.888224,0.927268,0.927268
4.582,0.931276,0.888255,0.927276,0.927276
4.584,0.931284,0.888285,0.927284,0.927284
4.586,0.931293,0.888315,0.927293,0.927293
4.588,0.931301,0.888345,0.927301,0.927301
4.59,0.931309,0.888375,0.927309,0.927309
4.592,0.931317,0.888405,0.927317,0.927317
4.594,0.931325,0.888435,0.927325,0.927325
4.596,0.931333,0.888465,0.927333,0.927333
4.598,0.931341,0.888495,0.927341,0.927341
4.6,0.931349,0.888525,0.927349,0.927349
4.602,0.931357,0.888555,0.927357,0.927357
4.604,0.931365,0.888585,0.927365,0.927365
4.606,0.931373,0.888615,0.927373,0.927373
4.608,0.931381,0.888645,0.927381,0.927381
4.61,0.931388,0.888675,0.927388,0.927388
4.612,0.931396,0.888704,0.927396,0.927396
4.614,0.931404,0.888734,0.927404,0.927404
4.616,0.931412,0.888764,0.927412,0.927412
4.618,0.93142,0.888793,0.92742,0.92742
4.62,0.931428,0.888823,0.927428,0.927428
4.622,0.931435,0.888852,0.927435,0.927435
4.624,0.931443,0.888882,0.927443,0.927443
4.626,0.931451,0.888911,0.927451,0.927451
4.628,0.931459,0.888941,0.927459,0.927459
4.63,0.931467,0.88897,0.927467,0.927467
4.632,0.931474,0.889,0.927474,0.927474
4.634,0.931482,0.889029,0.927482,0.927482
4.636,0.93149,0.889058,0.92749,0.92749
4.638,0.931497,0.889088,0.927497,0.927497
4.64,0.931505,0.889117,0.927505,0.927505
4.642,0.931513,0.889146,0.927513,0.927513
4.644,0.93152,0.889175,0.92752,0.92752
4.646,0.931528,0.889205,0.927528,0.927528
4.648,0.931535,0.889234,0.927535,0.927535
4.65,0.931543,0.889263,0.927543,0.927543
4.652,0.931551,0.889292,0.927551,0.927551
4.654,0.931558,0.889321,0.927558,0.927558
4.656,0.931566,0.88935,0.927566,0.927566
4.658,0.931573,0.889379,0.927573,0.927573
4.66,0.931581,0.889408,0.927581,0.927581
4.662,0.931588,0.889436,0.927588,0.927588
4.664,0.931596,0.889465,0.927596,0.927596
4.666,0.931603,0.889494,0.927603,0.927603
4.668,0.931611,0.889523,0.927611,0.927611
4.67,0.931618,0.889552,0.927618,0.927618
4.672,0.931625,0.88958,0.927625,0.927625
4.674,0.931633,0.889609,0.927633,0.927633
4.676,0.93164,0.889638,0.92764,0.92764
4.678,0.931648,0.889666,0.927648,0.927648
4.68,0.931655,0.889695,0.927655,0.927655
4.682,0.931662,0.889723,0.927662,0.927662
4.684,0.93167,0.889752,0.92767,0.92767
4.686,0.931677,0.88978,0.927677,0.927677
4.688,0.931684,0.889809,0.927684,0.927684
4.69,0.931691,0.889837,0.927691,0.927691
4.692,0.931699,0.889865,0.927699,0.927699
4.694,0.931706,0.889894,0.927706,0.927706
4.696,0.931713,0.889922,0.927713,0.927713
4.698,0.93172,0.88995,0.92772,0.92772
4.7,0.931728,0.889979,0.927728,0.927728
4.702,0.931735,0.890007,0.927735,0.927735
4.704,0.931742,0.890035,0.927742,0.927742
4.706,0.931749,0.890063,0.927749,0.927749
4.708,0.931756,0.890091,0.927756,0.927756
4.71,0.931763,0.890119,0.927763,0.927763
4.712,0.93177,0.890147,0.92777,0.92777
4.714,0.931778,0.890175,0.927778,0.927778
4.716,0.931785,0.890203,0.927785,0.927785
4.718,0.931792,0.890231,0.927792,0.927792
4.72,0.931799,0.890259,0.927799,0.927799
4.722,0.931806,0.890287,0.927806,0.927806
4.724,0.931813,0.890315,0.927813,0.927813
4.726,0.93182,0.890342,0.92782,0.92782
4.728,0.931827,0.89037,0.927827,0.927827
4.73,0.931834,0.890398,0.927834,0.927834
4.732,0.931841,0.890426,0.927841,0.927841
4.734,0.931848,0.890453,0.927848,0.927848
4.736,0.931855,0.890481,0.927855,0.927855
4.738,0.931861,0.890508,0.927861,0.927861
4.74,0.931868,0.890536,0.927868,0.927868
4.742,0.931875,0.890564,0.927875,0.927875
4.744,0.931882,0.890591,0.927882,0.927882
4.746,0.931889,0.890618,0.927889,0.927889
4.748,0.931896,0.890646,0.927896,0.927896
4.75,0.931903,0.890673,0.927903,0.927903
4.752,0.931909,0.890701,0.927909,0.927909
4.754,0.931916,0.890728,0.927916,0.927916
4.756,0.931923,0.890755,0.927923,0.927923
4.758,0.93193,0.890783,0.92793,0.92793
4.76,0.931937,0.89081,0.927937,0.927937
4.762,0.931943,0.890837,0.927943,0.927943
4.764,0.93195,0.890864,0.92795,0.92795
4.766,0.931957,0.890891,0.927957,0.927957
4.768,0.931963,0.890918,0.927963,0.927963
4.77,0.93197,0.890945,0.92797,0.92797
4.772,0.931977,0.890972,0.927977,0.927977
4.774,0.931983,0.890999,0.927983,0.927983
4.776,0.93199,0.891026,0.92799,0.92799
4.778,0.931997,0.891053,0.927997,0.927997
4.78,0.932003,0.89108,0.928003,0.928003
4.782,0.93201,0.891107,0.92801,0.92801
4.784,0.932017,0.891134,0.928017,0.928017
4.786,0.932023,0.891161,0.928023,0.928023
4.788,0.93203,0.891187,0.92803,0.92803
4.79,0.932036,0.891214,0.928036,0.928036
4.792,0.932043,0.891241,0.928043,0.928043
4.794,0.932049,0.891268,0.928049,0.928049
4.796,0.932056,0.891294,0.928056,0.928056
4.798,0.932062,0.891321,0.928062,0.928062
4.8,0.932069,0.891347,0.928069,0.928069
4.802,0.932075,0.891374,0.928075,0.928075
4.804,0.932082,0.8914,0.928082,0.928082
4.806,0.932088,0.891427,0.928088,0.928088
4.808,0.932095,0.891453,0.928095,0.928095
4.81,0.932101,0.89148,0.928101,0.928101
4.812,0.932107,0.891506,0.928107,0.928107
4.814,0.932114,0.891532,0.928114,0.928114
4.816,0.93212,0.891559,0.92812,0.92812
4.818,0.932126,0.891585,0.928126,0.928126
4.82,0.932133,0.891611,0.928133,0.928133
4.822,0.932139,0.891637,0.928139,0.928139
4.824,0.932145,0.891664,0.928145,0.928145
4.826,0.932152,0.89169,0.928152,0.928152
4.828,0.932158,0.891716,0.928158,0.928158
4.83,0.932164,0.891742,0.928164,0.928164
4.832,0.932171,0.891768,0.928171,0.928171
4.834,0.932177,0.891794,0.928177,0.928177
4.836,0.932183,0.89182,0.928183,0.928183
4.838,0.932189,0.891846,0.928189,0.928189
4.84,0.932196,0.891872,0.928196,0.928196
4.842,0.932202,0.891898,0.928202,0.928202
4.844,0.932208,0.891924,0.928208,0.928208
4.846,0.932214,0.89195,0.928214,0.928214
4.848,0.93222,0.891975,0.92822,0.92822
4.85,0.932226,0.892001,0.928226,0.928226
4.852,0.932233,0.892027,0.928233,0.928233
4.854,0.932239,0.892053,0.928239,0.928239
4.856,0.932245,0.892078,0.928245,0.928245
4.858,0.932251,0.892104,0.928251,0.928251
4.86,0.932257,0.89213,0.928257,0.928257
4.862,0.932263,0.892155,0.928263,0.928263
4.864,0.932269,0.892181,0.928269,0.928269
4.866,0.932275,0.892206,0.928275,0.928275
4.868,0.932281,0.892232,0.928281,0.928281
4.87,0.932287,0.892257,0.928287,0.928287
4.872,0.932293,0.892283,0.928293,0.928293
4.874,0.932299,0.892308,0.928299,0.928299
4.876,0.932305,0.892333,0.928305,0.928305
4.878,0.932311,0.892359,0.928311,0.928311
4.88,0.932317,0.892384,0.928317,0.928317
4.882,0.932323,0.892409,0.928323,0.928323
4.884,0.932329,0.892434,0.928329,0.928329
4.886,0.932335,0.89246,0.928335,0.928335
4.888,0.932341,0.892485,0.928341,0.928341
4.89,0.932347,0.89251,0.928347,0.928347
4.892,0.932353,0.892535,0.928353,0.928353
4.894,0.932358,0.89256,0.928358,0.928358
4.896,0.932364,0.892585,0.928364,0.928364
4.898,0.93237,0.89261,0.92837,0.92837
4.9,0.932376,0.892635,0.928376,0.928376
4.902,0.932382,0.89266,0.928382,0.928382
4.904,0.932388,0.892685,0.928388,0.928388
4.906,0.932393,0.89271,0.928393,0.928393
4.908,0.932399,0.892735,0.928399,0.928399
4.91,0.932405,0.89276,0.928405,0.928405
4.912,0.932411,0.892784,0.928411,0.928411
4.914,0.932416,0.892809,0.928416,0.928416
4.916,0.932422,0.892834,0.928422,0.928422
4.918,0.932428,0.892859,0.928428,0.928428
4.92,0.932434,0.892883,0.928434,0.928434
4.922,0.932439,0.892908,0.928439,0.928439
4.924,0.932445,0.892933,0.928445,0.928445
4.926,0.932451,0.892957,0.928451,0.928451
4.928,0.932456,0.892982,0.928456,0.928456
4.93,0.932462,0.893006,0.928462,0.928462
4.932,0.932468,0.893031,0.928468,0.928468
4.934,0.932473,0.893055,0.928473,0.928473
4.936,0.932479,0.89308,0.928479,0.928479
4.938,0.932484,0.893104,0.928484,0.928484
4.94,0.93249,0.893128,0.92849,0.92849
4.942,0.932495,0.893153,0.928495,0.928495
4.944,0.932501,0.893177,0.928501,0.928501
4.946,0.932507,0.893201,0.928507,0.928507
4.948,0.932512,0.893226,0.928512,0.928512
4.95,0.932518,0.89325,0.928518,0.928518
4.952,0.932523,0.893274,0.928523,0.928523
4.954,0.932529,0.893298,0.928529,0.928529
4.956,0.932534,0.893322,0.928534,0.928534
4.958,0.93254,0.893346,0.92854,0.92854
4.96,0.932545,0.89337,0.928545,0.928545
4.962,0.932551,0.893394,0.928551,0.928551
4.964,0.932556,0.893418,0.928556,0.928556
4.966,0.932561,0.893442,0.928561,0.928561
4.968,0.932567,0.893466,0.928567,0.928567
4.97,0.932572,0.89349,0.928572,0.928572
4.972,0.932578,0.893514,0.928578,0.928578
4.974,0.932583,0.893538,0.928583,0.928583
4.976,0.932588,0.893562,0.928588,0.928588
4.978,0.932594,0.893586,0.928594,0.928594
4.98,0.932599,0.893609,0.928599,0.928599
4.982,0.932605,0.893633,0.928605,0.928605
4.984,0.93261,0.893657,0.92861,0.92861
4.986,0.932615,0.89368,0.928615,0.928615
4.988,0.93262,0.893704,0.92862,0.92862
4.99,0.932626,0.893728,0.928626,0.928626
4.992,0.932631,0.893751,0.928631,0.928631
4.994,0.932636,0.893775,0.928636,0.928636
4.996,0.932642,0.893798,0.928642,0.928642
4.998,0.932647,0.893822,0.928647,0.928647
5,0.932652,0.893845,0.928652,0.928652
5.002,0.932657,0.893869,0.928657,0.928657
5.004,0.932663,0.893892,0.928663,0.928663
5.006,0.932668,0.893916,0.928668,0.928668
5.008,0.932673,0.893939,0.928673,0.928673
5.01,0.932678,0.893962,0.928678,0.928678
5.012,0.932683,0.893986,0.928683,0.928683
5.014,0.932688,0.894009,0.928688,0.928688
5.016,0.932694,0.894032,0.928694,0.928694
5.018,0.932699,0.894055,0.928699,0.928699
5.02,0.932704,0.894078,0.928704,0.928704
5.022,0.932709,0.894102,0.928709,0.928709
5.024,0.932714,0.894125,0.928714,0.928714
5.026,0.932719,0.894148,0.928719,0.928719
5.028,0.932724,0.894171,0.928724,0.928724
5.03,0.932729,0.894194,0.928729,0.928729
5.032,0.932734,0.894217,0.928734,0.928734
5.034,0.932739,0.89424,0.928739,0.928739
5.036,0.932745,0.894263,0.928745,0.928745
5.038,0.93275,0.894286,0.92875,0.92875
5.04,0.932755,0.894309,0.928755,0.928755
5.042,0.93276,0.894331,0.92876,0.92876
5.044,0.932765,0.894354,0.928765,0.928765
5.046,0.93277,0.894377,0.92877,0.92877
5.048,0.932775,0.8944,0.928775,0.928775
5.05,0.93278,0.894423,0.92878,0.92878
5.052,0.932784,0.894445,0.928784,0.928784
5.054,0.932789,0.894468,0.928789,0.928789
5.056,0.932794,0.894491,0.928794,0.928794
5.058,0.932799,0.894513,0.928799,0.928799
5.06,0.932804,0.894536,0.928804,0.928804
5.062,0.932809,0.894558,0.928809,0.928809
5.064,0.932814,0.894581,0.928814,0.928814
5.066,0.932819,0.894603,0.928819,0.928819
5.068,0.932824,0.894626,0.928824,0.928824
5.07,0.932829,0.894648,0.928829,0.928829
5.072,0.932833,0.894671,0.928833,0.928833
5.074,0.932838,0.894693,0.928838,0.928838
5.076,0.932843,0.894715,0.928843,0.928843
5.078,0.932848,0.894738,0.928848,0.928848
5.08,0.932853,0.89476,0.928853,0.928853
5.082,0.932858,0.894782,0.928858,0.928858
5.084,0.932862,0.894805,0.928862,0.928862
5.086,0.932867,0.894827,0.928867,0.928867
5.088,0.932872,0.894849,0.928872,0.928872
5.09,0.932877,0.894871,0.928877,0.928877
5.092,0.932881,0.894893,0.928881,0.928881
5.094,0.932886,0.894915,0.928886,0.928886
5.096,0.932891,0.894937,0.928891,0.928891
5.098,0.932896,0.89496,0.928896,0.928896
5.1,0.9329,0.894982,0.9289,0.9289
5.102,0.932905,0.895004,0.928905,0.928905
5.104,0.93291,0.895026,0.92891,0.92891
5.106,0.932914,0.895047,0.928914,0.928914
5.108,0.932919,0.895069,0.928919,0.928919
5.11,0.932924,0.895091,0.928924,0.928924
5.112,0.932928,0.895113,0.928928,0.928928
5.114,0.932933,0.895135,0.928933,0.928933
5.116,0.932938,0.895157,0.928938,0.928938
5.118,0.932942,0.895178,0.928942,0.928942
5.12,0.932947,0.8952,0.928947,0.928947
5.122,0.932951,0.895222,0.928951,0.928951
5.124,0.932956,0.895244,0.928956,0.928956
5.126,0.932961,0.895265,0.928961,0.928961
5.128,0.932965,0.895287,0.928965,0.928965
5.13,0.93297,0.895309,0.92897,0.92897
5.132,0.932974,0.89533,0.928974,0.928974
5.134,0.932979,0.895352,0.928979,0.928979
5.136,0.932983,0.895373,0.928983,0.928983
5.138,0.932988,0.895395,0.928988,0.928988
5.14,0.932992,0.895416,0.928992,0.928992
5.142,0.932997,0.895438,0.928997,0.928997
5.144,0.933001,0.895459,0.929001,0.929001
5.146,0.933006,0.89548,0.929006,0.929006
5.148,0.93301,0.895502,0.92901,0.92901
5.15,0.933015,0.895523,0.929015,0.929015
5.152,0.933019,0.895544,0.929019,0.929019
5.154,0.933024,0.895566,0.929024,0.929024
5.156,0.933028,0.895587,0.929028,0.929028
5.158,0.933033,0.895608,0.929033,0.929033
5.16,0.933037,0.895629,0.929037,0.929037
5.162,0.933041,0.89565,0.929041,0.929041
5.164,0.933046,0.895671,0.929046,0.929046
5.166,0.93305,0.895693,0.92905,0.92905
5.168,0.933054,0.895714,0.929054,0.929054
5.17,0.933059,0.895735,0.929059,0.929059
5.172,0.933063,0.895756,0.929063,0.929063
5.174,0.933068,0.895777,0.929068,0.929068
5.176,0.933072,0.895798,0.929072,0.929072
5.178,0.933076,0.895819,0.929076,0.929076
5.18,0.933081,0.89584,0.929081,0.929081
5.182,0.933085,0.89586,0.929085,0.929085
5.184,0.933089,0.895881,0.929089,0.929089
5.186,0.933093,0.895902,0.929093,0.929093
5.188,0.933098,0.895923,0.929098,0.929098
5.19,0.933102,0.895944,0.929102,0.929102
5.192,0.933106,0.895964,0.929106,0.929106
5.194,0.933111,0.895985,0.929111,0.929111
5.196,0.933115,0.896006,0.929115,0.929115
5.198,0.933119,0.896027,0.929119,0.929119
5.2,0.933123,0.896047,0.929123,0.929123
5.202,0.933127,0.896068,0.929127,0.929127
5.204,0.933132,0.896088,0.929132,0.929132
5.206,0.933136,0.896109,0.929136,0.929136
5.208,0.93314,0.896129,0.92914,0.92914
5.21,0.933144,0.89615,0.929144,0.929144
5.212,0.933148,0.89617,0.929148,0.929148
5.214,0.933153,0.896191,0.929153,0.929153
5.216,0.933157,0.896211,0.929157,0.929157
5.218,0.933161,0.896232,0.929161,0.929161
5.22,0.933165,0.896252,0.929165,0.929165
5.222,0.933169,0.896272,0.929169,0.929169
5.224,0.933173,0.896293,0.929173,0.929173
5.226,0.933177,0.896313,0.929177,0.929177
5.228,0.933181,0.896333,0.929181,0.929181
5.23,0.933186,0.896354,0.929186,0.929186
5.232,0.93319,0.896374,0.92919,0.92919
5.234,0.933194,0.896394,0.929194,0.929194
5.236,0.933198,0.896414,0.929198,0.929198
5.238,0.933202,0.896434,0.929202,0.929202
5.24,0.933206,0.896454,0.929206,0.929206
5.242,0.93321,0.896475,0.92921,0.92921
5.244,0.933214,0.896495,0.929214,0.929214
5.246,0.933218,0.896515,0.929218,0.929218
5.248,0.933222,0.896535,0.929222,0.929222
5.25,0.933226,0.896555,0.929226,0.929226
5.252,0.93323,0.896575,0.92923,0.92923
5.254,0.933234,0.896594,0.929234,0.929234
5.256,0.933238,0.896614,0.929238,0.929238
5.258,0.933242,0.896634,0.929242,0.929242
5.26,0.933246,0.896654,0.929246,0.929246
5.262,0.93325,0.896674,0.92925,0.92925
5.264,0.933254,0.896694,0.929254,0.929254
5.266,0.933258,0.896714,0.929258,0.929258
5.268,0.933262,0.896733,0.929262,0.929262
5.27,0.933265,0.896753,0.929265,0.929265
5.272,0.933269,0.896773,0.929269,0.929269
5.274,0.933273,0.896792,0.929273,0.929273
5.276,0.933277,0.896812,0.929277,0.929277
5.278,0.933281,0.896832,0.929281,0.929281
5.28,0.933285,0.896851,0.929285,0.929285
5.282,0.933289,0.896871,0.929289,0.929289
5.284,0.933293,0.89689,0.929293,0.929293
5.286,0.933297,0.89691,0.929297,0.929297
5.288,0.9333,0.896929,0.9293,0.9293
5.29,0.933304,0.896949,0.929304,0.929304
5.292,0.933308,0.896968,0.929308,0.929308
5.294,0.933312,0.896988,0.929312,0.929312
5.296,0.933316,0.897007,0.929316,0.929316
5.298,0.933319,0.897026,0.929319,0.929319
5.3,0.933323,0.897046,0.929323,0.929323
5.302,0.933327,0.897065,0.929327,0.929327
5.304,0.933331,0.897084,0.929331,0.929331
5.306,0.933335,0.897104,0.929335,0.929335
5.308,0.933338,0.897123,0.929338,0.929338
5.31,0.933342,0.897142,0.929342,0.929342
5.312,0.933346,0.897161,0.929346,0.929346
5.314,0.93335,0.89718,0.92935,0.92935
5.316,0.933353,0.897199,0.929353,0.929353
5.318,0.933357,0.897219,0.929357,0.929357
5.32,0.933361,0.897238,0.929361,0.929361
5.322,0.933364,0.897257,0.929364,0.929364
5.324,0.933368,0.897276,0.929368,0.929368
5.326,0.933372,0.897295,0.929372,0.929372
5.328,0.933375,0.897314,0.929375,0.929375
5.33,0.933379,0.897333,0.929379,0.929379
5.332,0.933383,0.897352,0.929383,0.929383
5.334,0.933386,0.89737,0.929386,0.929386
5.336,0.93339,0.897389,0.92939,0.92939
5.338,0.933394,0.897408,0.929394,0.929394
5.34,0.933397,0.897427,0.929397,0.929397
5.342,0.933401,0.897446,0.929401,0.929401
5.344,0.933405,0.897465,0.929405,0.929405
5.346,0.933408,0.897483,0.929408,0.929408
5.348,0.933412,0.897502,0.929412,0.929412
5.35,0.933415,0.897521,0.929415,0.929415
5.352,0.933419,0.897539,0.929419,0.929419
5.354,0.933423,0.897558,0.929423,0.929423
5.356,0.933426,0.897577,0.929426,0.929426
5.358,0.93343,0.897595,0.92943,0.92943
5.36,0.933433,0.897614,0.929433,0.929433
5.362,0.933437,0.897633,0.929437,0.929437
5.364,0.93344,0.897651,0.92944,0.92944
5.366,0.933444,0.89767,0.929444,0.929444
5.368,0.933447,0.897688,0.929447,0.929447
5.37,0.933451,0.897707,0.929451,0.929451
5.372,0.933454,0.897725,0.929454,0.929454
5.374,0.933458,0.897743,0.929458,0.929458
5.376,0.933461,0.897762,0.929461,0.929461
5.378,0.933465,0.89778,0.929465,0.929465
5.38,0.933468,0.897798,0.929468,0.929468
5.382,0.933472,0.897817,0.929472,0.929472
5.384,0.933475,0.897835,0.929475,0.929475
5.386,0.933479,0.897853,0.929479,0.929479
5.388,0.933482,0.897872,0.929482,0.929482
5.39,0.933486,0.89789,0.929486,0.929486
5.392,0.933489,0.897908,0.929489,0.929489
5.394,0.933492,0.897926,0.929492,0.929492
5.396,0.933496,0.897944,0.929496,0.929496
5.398,0.933499,0.897962,0.929499,0.929499
5.4,0.933503,0.89798,0.929503,0.929503
5.402,0.933506,0.897999,0.929506,0.929506
5.404,0.933509,0.898017,0.929509,0.929509
5.406,0.933513,0.898035,0.929513,0.929513
5.408,0.933516,0.898053,0.929516,0.929516
5.41,0.93352,0.898071,0.92952,0.92952
5.412,0.933523,0.898088,0.929523,0.929523
5.414,0.933526,0.898106,0.929526,0.929526
5.416,0.93353,0.898124,0.92953,0.92953
5.418,0.933533,0.898142,0.929533,0.929533
5.42,0.933536,0.89816,0.929536,0.929536
5.422,0.93354,0.898178,0.92954,0.92954
5.424,0.933543,0.898196,0.929543,0.929543
5.426,0.933546,0.898213,0.929546,0.929546
5.428,0.933549,0.898231,0.929549,0.929549
5.43,0.933553,0.898249,0.929553,0.929553
5.432,0.933556,0.898267,0.929556,0.929556
5.434,0.933559,0.898284,0.929559,0.929559
5.436,0.933563,0.898302,0.929563,0.929563
5.438,0.933566,0.89832,0.929566,0.929566
5.44,0.933569,0.898337,0.929569,0.929569
5.442,0.933572,0.898355,0.929572,0.929572
5.444,0.933576,0.898372,0.929576,0.929576
5.446,0.933579,0.89839,0.929579,0.929579
5.448,0.933582,0.898407,0.929582,0.929582
5.45,0.933585,0.898425,0.929585,0.929585
5.452,0.933588,0.898442,0.929588,0.929588
5.454,0.933592,0.89846,0.929592,0.929592
5.456,0.933595,0.898477,0.929595,0.929595
5.458,0.933598,0.898495,0.929598,0.929598
5.46,0.933601,0.898512,0.929601,0.929601
5.462,0.933604,0.898529,0.929604,0.929604
5.464,0.933608,0.898547,0.929608,0.929608
5.466,0.933611,0.898564,0.929611,0.929611
5.468,0.933614,0.898581,0.929614,0.929614
5.47,0.933617,0.898599,0.929617,0.929617
5.472,0.93362,0.898616,0.92962,0.92962
5.474,0.933623,0.898633,0.929623,0.929623
5.476,0.933626,0.89865,0.929626,0.929626
5.478,0.93363,0.898667,0.92963,0.92963
5.48,0.933633,0.898685,0.929633,0.929633
5.482,0.933636,0.898702,0.929636,0.929636
5.484,0.933639,0.898719,0.929639,0.929639
5.486,0.933642,0.898736,0.929642,0.929642
5.488,0.933645,0.898753,0.929645,0.929645
5.49,0.933648,0.89877,0.929648,0.929648
5.492,0.933651,0.898787,0.929651,0.929651
5.494,0.933654,0.898804,0.929654,0.929654
5.496,0.933657,0.898821,0.929657,0.929657
5.498,0.93366,0.898838,0.92966,0.92966
5.5,0.933663,0.898855,0.929663,0.929663
5.502,0.933666,0.898872,0.929666,0.929666
5.504,0.933669,0.898889,0.929669,0.929669
5.506,0.933673,0.898905,0.929673,0.929673
5.508,0.933676,0.898922,0.929676,0.929676
5.51,0.933679,0.898939,0.929679,0.929679
5.512,0.933682,0.898956,0.929682,0.929682
5.514,0.933685,0.898973,0.929685,0.929685
5.516,0.933688,0.898989,0.929688,0.929688
5.518,0.933691,0.899006,0.929691,0.929691
5.52,0.933694,0.899023,0.929694,0.929694
5.522,0.933696,0.899039,0.929696,0.929696
5.524,0.933699,0.899056,0.929699,0.929699
5.526,0.933702,0.899073,0.929702,0.929702
5.528,0.933705,0.899089,0.929705,0.929705
5.53,0.933708,0.899106,0.929708,0.929708
5.532,0.933711,0.899122,0.929711,0.929711
5.534,0.933714,0.899139,0.929714,0.929714
5.536,0.933717,0.899155,0.929717,0.929717
5.538,0.93372,0.899172,0.92972,0.92972
5.54,0.933723,0.899188,0.929723,0.929723
5.542,0.933726,0.899205,0.929726,0.929726
5.544,0.933729,0.899221,0.929729,0.929729
5.546,0.933732,0.899238,0.929732,0.929732
5.548,0.933735,0.899254,0.929735,0.929735
5.55,0.933737,0.89927,0.929737,0.929737
5.552,0.93374,0.899287,0.92974,0.92974
5.554,0.933743,0.899303,0.929743,0.929743
5.556,0.933746,0.899319,0.929746,0.929746
5.558,0.933749,0.899335,0.929749,0.929749
5.56,0.933752,0.899352,0.929752,0.929752
5.562,0.933755,0.899368,0.929755,0.929755
5.564,0.933757,0.899384,0.929757,0.929757
5.566,0.93376,0.8994,0.92976,0.92976
5.568,0.933763,0.899416,0.929763,0.929763
5.57,0.933766,0.899433,0.929766,0.929766
5.572,0.933769,0.899449,0.929769,0.929769
5.574,0.933772,0.899465,0.929772,0.929772
5.576,0.933774,0.899481,0.929774,0.929774
5.578,0.933777,0.899497,0.929777,0.929777
5.58,0.93378,0.899513,0.92978,0.92978
5.582,0.933783,0.899529,0.929783,0.929783
5.584,0.933785,0.899545,0.929785,0.929785
5.586,0.933788,0.899561,0.929788,0.929788
5.588,0.933791,0.899577,0.929791,0.929791
5.59,0.933794,0.899593,0.929794,0.929794
5.592,0.933796,0.899609,0.929796,0.929796
5.594,0.933799,0.899624,0.929799,0.929799
5.596,0.933802,0.89964,0.929802,0.929802
5.598,0.933805,0.899656,0.929805,0.929805
5.6,0.933807,0.899672,0.929807,0.929807
5.602,0.93381,0.899688,0.92981,0.92981
5.604,0.933813,0.899703,0.929813,0.929813
5.606,0.933816,0.899719,0.929816,0.929816
5.608,0.933818,0.899735,0.929818,0.929818
5.61,0.933821,0.899751,0.929821,0.929821
5.612,0.933824,0.899766,0.929824,0.929824
5.614,0.933826,0.899782,0.929826,0.929826
5.616,0.933829,0.899798,0.929829,0.929829
5.618,0.933832,0.899813,0.929832,0.929832
5.62,0.933834,0.899829,0.929834,0.929834
5.622,0.933837,0.899844,0.929837,0.929837
5.624,0.93384,0.89986,0.92984,0.92984
5.626,0.933842,0.899875,0.929842,0.929842
5.628,0.933845,0.899891,0.929845,0.929845
5.63,0.933848,0.899906,0.929848,0.929848
5.632,0.93385,0.899922,0.92985,0.92985
5.634,0.933853,0.899937,0.929853,0.929853
5.636,0.933856,0.899953,0.929856,0.929856
5.638,0.933858,0.899968,0.929858,0.929858
5.64,0.933861,0.899983,0.929861,0.929861
5.642,0.933863,0.899999,0.929863,0.929863
5.644,0.933866,0.900014,0.929866,0.929866
5.646,0.933869,0.900029,0.929869,0.929869
5.648,0.933871,0.900045,0.929871,0.929871
5.65,0.933874,0.90006,0.929874,0.929874
5.652,0.933876,0.900075,0.929876,0.929876
5.654,0.933879,0.900091,0.929879,0.929879
5.656,0.933881,0.900106,0.929881,0.929881
5.658,0.933884,0.900121,0.929884,0.929884
5.66,0.933887,0.900136,0.929887,0.929887
5.662,0.933889,0.900151,0.929889,0.929889
5.664,0.933892,0.900166,0.929892,0.929892
5.666,0.933894,0.900181,0.929894,0.929894
5.668,0.933897,0.900197,0.929897,0.929897
5.67,0.933899,0.900212,0.929899,0.929899
5.672,0.933902,0.900227,0.929902,0.929902
5.674,0.933904,0.900242,0.929904,0.929904
5.676,0.933907,0.900257,0.929907,0.929907
5.678,0.933909,0.900272,0.929909,0.929909
5.68,0.933912,0.900287,0.929912,0.929912
5.682,0.933914,0.900302,0.929914,0.929914
5.684,0.933917,0.900316,0.929917,0.929917
5.686,0.933919,0.900331,0.929919,0.929919
5.688,0.933922,0.900346,0.929922,0.929922
5.69,0.933924,0.900361,0.929924,0.929924
5.692,0.933927,0.900376,0.929927,0.929927
5.694,0.933929,0.900391,0.929929,0.929929
5.696,0.933931,0.900406,0.929931,0.929931
5.698,0.933934,0.90042,0.929934,0.929934
5.7,0.933936,0.900435,0.929936,0.929936
5.702,0.933939,0.90045,0.929939,0.929939
5.704,0.933941,0.900465,0.929941,0.929941
5.706,0.933944,0.900479,0.929944,0.929944
5.708,0.933946,0.900494,0.929946,0.929946
5.71,0.933948,0.900509,0.929948,0.929948
5.712,0.933951,0.900523,0.929951,0.929951
5.714,0.933953,0.900538,0.929953,0.929953
5.716,0.933956,0.900552,0.929956,0.929956
5.718,0.933958,0.900567,0.929958,0.929958
5.72,0.93396,0.900581,0.92996,0.92996
5.722,0.933963,0.900596,0.929963,0.929963
5.724,0.933965,0.900611,0.929965,0.929965
5.726,0.933968,0.900625,0.929968,0.929968
5.728,0.93397,0.900639,0.92997,0.92997
5.73,0.933972,0.900654,0.929972,0.929972
5.732,0.933975,0.900668,0.929975,0.929975
5.734,0.933977,0.900683,0.929977,0.929977
5.736,0.933979,0.900697,0.929979,0.929979
5.738,0.933982,0.900712,0.929982,0.929982
5.74,0.933984,0.900726,0.929984,0.929984
5.742,0.933986,0.90074,0.929986,0.929986
5.744,0.933989,0.900754,0.929989,0.929989
5.746,0.933991,0.900769,0.929991,0.929991
5.748,0.933993,0.900783,0.929993,0.929993
5.75,0.933996,0.900797,0.929996,0.929996
5.752,0.933998,0.900812,0.929998,0.929998
5.754,0.934,0.900826,0.93,0.93
5.756,0.934003,0.90084,0.930003,0.930003
5.758,0.934005,0.900854,0.930005,0.930005
5.76,0.934007,0.900868,0.930007,0.930007
5.762,0.934009,0.900882,0.930009,0.930009
5.764,0.934012,0.900897,0.930012,0.930012
5.766,0.934014,0.900911,0.930014,0.930014
5.768,0.934016,0.900925,0.930016,0.930016
5.77,0.934018,0.900939,0.930018,0.930018
5.772,0.934021,0.900953,0.930021,0.930021
5.774,0.934023,0.900967,0.930023,0.930023
5.776,0.934025,0.900981,0.930025,0.930025
5.778,0.934027,0.900995,0.930027,0.930027
5.78,0.93403,0.901009,0.93003,0.93003
5.782,0.934032,0.901023,0.930032,0.930032
5.784,0.934034,0.901037,0.930034,0.930034
5.786,0.934036,0.90105,0.930036,0.930036
5.788,0.934039,0.901064,0.930039,0.930039
5.79,0.934041,0.901078,0.930041,0.930041
5.792,0.934043,0.901092,0.930043,0.930043
5.794,0.934045,0.901106,0.930045,0.930045
5.796,0.934047,0.90112,0.930047,0.930047
5.798,0.93405,0.901133,0.93005,0.93005
5.8,0.934052,0.901147,0.930052,0.930052
5.802,0.934054,0.901161,0.930054,0.930054
5.804,0.934056,0.901175,0.930056,0.930056
5.806,0.934058,0.901188,0.930058,0.930058
5.808,0.93406,0.901202,0.93006,0.93006
5.81,0.934063,0.901216,0.930063,0.930063
5.812,0.934065,0.901229,0.930065,0.930065
5.814,0.934067,0.901243,0.930067,0.930067
5.816,0.934069,0.901257,0.930069,0.930069
5.818,0.934071,0.90127,0.930071,0.930071
5.82,0.934073,0.901284,0.930073,0.930073
5.822,0.934075,0.901297,0.930075,0.930075
5.824,0.934078,0.901311,0.930078,0.930078
5.826,0.93408,0.901324,0.93008,0.93008
5.828,0.934082,0.901338,0.930082,0.930082
5.83,0.934084,0.901351,0.930084,0.930084
5.832,0.934086,0.901365,0.930086,0.930086
5.834,0.934088,0.901378,0.930088,0.930088
5.836,0.93409,0.901392,0.93009,0.93009
5.838,0.934092,0.901405,0.930092,0.930092
5.84,0.934094,0.901418,0.930094,0.930094
5.842,0.934096,0.901432,0.930096,0.930096
5.844,0.934099,0.901445,0.930099,0.930099
5.846,0.934101,0.901458,0.930101,0.930101
5.848,0.934103,0.901472,0.930103,0.930103
5.85,0.934105,0.901485,0.930105,0.930105
5.852,0.934107,0.901498,0.930107,0.930107
5.854,0.934109,0.901512,0.930109,0.930109
5.856,0.934111,0.901525,0.930111,0.930111
5.858,0.934113,0.901538,0.930113,0.930113
5.86,0.934115,0.901551,0.930115,0.930115
5.862,0.934117,0.901564,0.930117,0.930117
5.864,0.934119,0.901578,0.930119,0.930119
5.866,0.934121,0.901591,0.930121,0.930121
5.868,0.934123,0.901604,0.930123,0.930123
5.87,0.934125,0.901617,0.930125,0.930125
5.872,0.934127,0.90163,0.930127,0.930127
5.874,0.934129,0.901643,0.930129,0.930129
5.876,0.934131,0.901656,0.930131,0.930131
5.878,0.934133,0.901669,0.930133,0.930133
5.88,0.934135,0.901682,0.930135,0.930135
5.882,0.934137,0.901695,0.930137,0.930137
5.884,0.934139,0.901708,0.930139,0.930139
5.886,0.934141,0.901721,0.930141,0.930141
5.888,0.934143,0.901734,0.930143,0.930143
5.89,0.934145,0.901747,0.930145,0.930145
5.892,0.934147,0.90176,0.930147,0.930147
5.894,0.934149,0.901773,0.930149,0.930149
5.896,0.934151,0.901786,0.930151,0.930151
5.898,0.934153,0.901798,0.930153,0.930153
5.9,0.934155,0.901811,0.930155,0.930155
5.902,0.934157,0.901824,0.930157,0.930157
5.904,0.934159,0.901837,0.930159,0.930159
5.906,0.934161,0.90185,0.930161,0.930161
5.908,0.934163,0.901862,0.930163,0.930163
5.91,0.934165,0.901875,0.930165,0.930165
5.912,0.934167,0.901888,0.930167,0.930167
5.914,0.934168,0.901901,0.930168,0.930168
5.916,0.93417,0.901913,0.93017,0.93017
5.918,0.934172,0.901926,0.930172,0.930172
5.92,0.934174,0.901939,0.930174,0.930174
5.922,0.934176,0.901951,0.930176,0.930176
5.924,0.934178,0.901964,0.930178,0.930178
5.926,0.93418,0.901976,0.93018,0.93018
5.928,0.934182,0.901989,0.930182,0.930182
5.93,0.934184,0.902001,0.930184,0.930184
5.932,0.934186,0.902014,0.930186,0.930186
5.934,0.934187,0.902027,0.930187,0.930187
5.936,0.934189,0.902039,0.930189,0.930189
5.938,0.934191,0.902052,0.930191,0.930191
5.94,0.934193,0.902064,0.930193,0.930193
5.942,0.934195,0.902076,0.930195,0.930195
5.944,0.934197,0.902089,0.930197,0.930197
5.946,0.934199,0.902101,0.930199,0.930199
5.948,0.9342,0.902114,0.9302,0.9302
5.95,0.934202,0.902126,0.930202,0.930202
5.952,0.934204,0.902138,0.930204,0.930204
5.954,0.934206,0.902151,0.930206,0.930206
5.956,0.934208,0.902163,0.930208,0.930208
5.958,0.93421,0.902175,0.93021,0.93021
5.96,0.934211,0.902188,0.930211,0.930211
5.962,0.934213,0.9022,0.930213,0.930213
5.964,0.934215,0.902212,0.930215,0.930215
5.966,0.934217,0.902225,0.930217,0.930217
5.968,0.934219,0.902237,0.930219,0.930219
5.97,0.934221,0.902249,0.930221,0.930221
5.972,0.934222,0.902261,0.930222,0.930222
5.974,0.934224,0.902273,0.930224,0.930224
5.976,0.934226,0.902285,0.930226,0.930226
5.978,0.934228,0.902298,0.930228,0.930228
5.98,0.934229,0.90231,0.930229,0.930229
5.982,0.934231,0.902322,0.930231,0.930231
5.984,0.934233,0.902334,0.930233,0.930233
5.986,0.934235,0.902346,0.930235,0.930235
5.988,0.934237,0.902358,0.930237,0.930237
5.99,0.934238,0.90237,0.930238,0.930238
5.992,0.93424,0.902382,0.93024,0.93024
5.994,0.934242,0.902394,0.930242,0.930242
5.996,0.934244,0.902406,0.930244,0.930244
5.998,0.934245,0.902418,0.930245,0.930245
6,0.934247,0.90243,0.930247,0.930247
6.002,0.934249,0.902442,0.930249,0.930249
6.004,0.934251,0.902454,0.930251,0.930251
6.006,0.934252,0.902466,0.930252,0.930252
6.008,0.934254,0.902478,0.930254,0.930254
6.01,0.934256,0.902489,0.930256,0.930256
6.012,0.934258,0.902501,0.930258,0.930258
6.014,0.934259,0.902513,0.930259,0.930259
6.016,0.934261,0.902525,0.930261,0.930261
6.018,0.934263,0.902537,0.930263,0.930263
6.02,0.934264,0.902549,0.930264,0.930264
6.022,0.934266,0.90256,0.930266,0.930266
6.024,0.934268,0.902572,0.930268,0.930268
6.026,0.934269,0.902584,0.930269,0.930269
6.028,0.934271,0.902595,0.930271,0.930271
6.03,0.934273,0.902607,0.930273,0.930273
6.032,0.934275,0.902619,0.930275,0.930275
6.034,0.934276,0.902631,0.930276,0.930276
6.036,0.934278,0.902642,0.930278,0.930278
6.038,0.93428,0.902654,0.93028,0.93028
6.04,0.934281,0.902665,0.930281,0.930281
6.042,0.934283,0.902677,0.930283,0.930283
6.044,0.934285,0.902689,0.930285,0.930285
6.046,0.934286,0.9027,0.930286,0.930286
6.048,0.934288,0.902712,0.930288,0.930288
6.05,0.934289,0.902723,0.930289,0.930289
6.052,0.934291,0.902735,0.930291,0.930291
6.054,0.934293,0.902746,0.930293,0.930293
6.056,0.934294,0.902758,0.930294,0.930294
6.058,0.934296,0.902769,0.930296,0.930296
6.06,0.934298,0.902781,0.930298,0.930298
6.062,0.934299,0.902792,0.930299,0.930299
6.064,0.934301,0.902803,0.930301,0.930301
6.066,0.934303,0.902815,0.930303,0.930303
6.068,0.934304,0.902826,0.930304,0.930304
6.07,0.934306,0.902838,0.930306,0.930306
6.072,0.934307,0.902849,0.930307,0.930307
6.074,0.934309,0.90286,0.930309,0.930309
6.076,0.934311,0.902872,0.930311,0.930311
6.078,0.934312,0.902883,0.930312,0.930312
6.08,0.934314,0.902894,0.930314,0.930314
6.082,0.934315,0.902905,0.930315,0.930315
6.084,0.934317,0.902917,0.930317,0.930317
6.086,0.934319,0.902928,0.930319,0.930319
6.088,0.93432,0.902939,0.93032,0.93032
6.09,0.934322,0.90295,0.930322,0.930322
6.092,0.934323,0.902962,0.930323,0.930323
6.094,0.934325,0.902973,0.930325,0.930325
6.096,0.934326,0.902984,0.930326,0.930326
6.098,0.934328,0.902995,0.930328,0.930328
6.1,0.93433,0.903006,0.93033,0.93033
6.102,0.934331,0.903017,0.930331,0.930331
6.104,0.934333,0.903028,0.930333,0.930333
6.106,0.934334,0.903039,0.930334,0.930334
6.108,0.934336,0.903051,0.930336,0.930336
6.11,0.934337,0.903062,0.930337,0.930337
6.112,0.934339,0.903073,0.930339,0.930339
6.114,0.93434,0.903084,0.93034,0.93034
6.116,0.934342,0.903095,0.930342,0.930342
6.118,0.934343,0.903106,0.930343,0.930343
6.12,0.934345,0.903117,0.930345,0.930345
6.122,0.934346,0.903127,0.930346,0.930346
6.124,0.934348,0.903138,0.930348,0.930348
6.126,0.934349,0.903149,0.930349,0.930349
6.128,0.934351,0.90316,0.930351,0.930351
6.13,0.934352,0.903171,0.930352,0.930352
6.132,0.934354,0.903182,0.930354,0.930354
6.134,0.934355,0.903193,0.930355,0.930355
6.136,0.934357,0.903204,0.930357,0.930357
6.138,0.934358,0.903214,0.930358,0.930358
6.14,0.93436,0.903225,0.93036,0.93036
6.142,0.934361,0.903236,0.930361,0.930361
6.144,0.934363,0.903247,0.930363,0.930363
6.146,0.934364,0.903258,0.930364,0.930364
6.148,0.934366,0.903268,0.930366,0.930366
6.15,0.934367,0.903279,0.930367,0.930367
6.152,0.934369,0.90329,0.930369,0.930369
6.154,0.93437,0.903301,0.93037,0.93037
6.156,0.934372,0.903311,0.930372,0.930372
6.158,0.934373,0.903322,0.930373,0.930373
6.16,0.934375,0.903333,0.930375,0.930375
6.162,0.934376,0.903343,0.930376,0.930376
6.164,0.934378,0.903354,0.930378,0.930378
6.166,0.934379,0.903364,0.930379,0.930379
6.168,0.93438,0.903375,0.93038,0.93038
6.17,0.934382,0.903386,0.930382,0.930382
6.172,0.934383,0.903396,0.930383,0.930383
6.174,0.934385,0.903407,0.930385,0.930385
6.176,0.934386,0.903417,0.930386,0.930386
6.178,0.934388,0.903428,0.930388,0.930388
6.18,0.934389,0.903438,0.930389,0.930389
6.182,0.93439,0.903449,0.93039,0.93039
6.184,0.934392,0.903459,0.930392,0.930392
6.186,0.934393,0.90347,0.930393,0.930393
6.188,0.934395,0.90348,0.930395,0.930395
6.19,0.934396,0.90349,0.930396,0.930396
6.192,0.934398,0.903501,0.930398,0.930398
6.194,0.934399,0.903511,0.930399,0.930399
6.196,0.9344,0.903522,0.9304,0.9304
6.198,0.934402,0.903532,0.930402,0.930402
6.2,0.934403,0.903542,0.930403,0.930403
6.202,0.934404,0.903553,0.930404,0.930404
6.204,0.934406,0.903563,0.930406,0.930406
6.206,0.934407,0.903573,0.930407,0.930407
6.208,0.934409,0.903584,0.930409,0.930409
6.21,0.93441,0.903594,0.93041,0.93041
6.212,0.934411,0.903604,0.930411,0.930411
6.214,0.934413,0.903614,0.930413,0.930413
6.216,0.934414,0.903625,0.930414,0.930414
6.218,0.934415,0.903635,0.930415,0.930415
6.22,0.934417,0.903645,0.930417,0.930417
6.222,0.934418,0.903655,0.930418,0.930418
6.224,0.93442,0.903665,0.93042,0.93042
6.226,0.934421,0.903676,0.930421,0.930421
6.228,0.934422,0.903686,0.930422,0.930422
6.23,0.934424,0.903696,0.930424,0.930424
6.232,0.934425,0.903706,0.930425,0.930425
6.234,0.934426,0.903716,0.930426,0.930426
6.236,0.934428,0.903726,0.930428,0.930428
6.238,0.934429,0.903736,0.930429,0.930429
6.24,0.93443,0.903746,0.93043,0.93043
6.242,0.934432,0.903756,0.930432,0.930432
6.244,0.934433,0.903766,0.930433,0.930433
6.246,0.934434,0.903776,0.930434,0.930434
6.248,0.934436,0.903786,0.930436,0.930436
6.25,0.934437,0.903796,0.930437,0.930437
6.252,0.934438,0.903806,0.930438,0.930438
6.254,0.934439,0.903816,0.930439,0.930439
6.256,0.934441,0.903826,0.930441,0.930441
6.258,0.934442,0.903836,0.930442,0.930442
6.26,0.934443,0.903846,0.930443,0.930443
6.262,0.934445,0.903856,0.930445,0.930445
6.264,0.934446,0.903866,0.930446,0.930446
6.266,0.934447,0.903876,0.930447,0.930447
6.268,0.934449,0.903885,0.930449,0.930449
6.27,0.93445,0.903895,0.93045,0.93045
6.272,0.934451,0.903905,0.930451,0.930451
6.274,0.934452,0.903915,0.930452,0.930452
6.276,0.934454,0.903925,0.930454,0.930454
6.278,0.934455,0.903934,0.930455,0.930455
6.28,0.934456,0.903944,0.930456,0.930456
6.282,0.934457,0.903954,0.930457,0.930457
6.284,0.934459,0.903964,0.930459,0.930459
6.286,0.93446,0.903973,0.93046,0.93046
6.288,0.934461,0.903983,0.930461,0.930461
6.29,0.934463,0.903993,0.930463,0.930463
6.292,0.934464,0.904002,0.930464,0.930464
6.294,0.934465,0.904012,0.930465,0.930465
6.296,0.934466,0.904022,0.930466,0.930466
6.298,0.934468,0.904031,0.930468,0.930468
6.3,0.934469,0.904041,0.930469,0.930469
6.302,0.93447,0.904051,0.93047,0.93047
6.304,0.934471,0.90406,0.930471,0.930471
6.306,0.934472,0.90407,0.930472,0.930472
6.308,0.934474,0.904079,0.930474,0.930474
6.31,0.934475,0.904089,0.930475,0.930475
6.312,0.934476,0.904098,0.930476,0.930476
6.314,0.934477,0.904108,0.930477,0.930477
6.316,0.934479,0.904117,0.930479,0.930479
6.318,0.93448,0.904127,0.93048,0.93048
6.32,0.934481,0.904136,0.930481,0.930481
6.322,0.934482,0.904146,0.930482,0.930482
6.324,0.934483,0.904155,0.930483,0.930483
6.326,0.934485,0.904165,0.930485,0.930485
6.328,0.934486,0.904174,0.930486,0.930486
6.33,0.934487,0.904184,0.930487,0.930487
6.332,0.934488,0.904193,0.930488,0.930488
6.334,0.934489,0.904202,0.930489,0.930489
6.336,0.934491,0.904212,0.930491,0.930491
6.338,0.934492,0.904221,0.930492,0.930492
6.34,0.934493,0.90423,0.930493,0.930493
6.342,0.934494,0.90424,0.930494,0.930494
6.344,0.934495,0.904249,0.930495,0.930495
6.346,0.934497,0.904258,0.930497,0.930497
6.348,0.934498,0.904268,0.930498,0.930498
6.35,0.934499,0.904277,0.930499,0.930499
6.352,0.9345,0.904286,0.9305,0.9305
6.354,0.934501,0.904295,0.930501,0.930501
6.356,0.934502,0.904305,0.930502,0.930502
6.358,0.934504,0.904314,0.930504,0.930504
6.36,0.934505,0.904323,0.930505,0.930505
6.362,0.934506,0.904332,0.930506,0.930506
6.364,0.934507,0.904342,0.930507,0.930507
6.366,0.934508,0.904351,0.930508,0.930508
6.368,0.934509,0.90436,0.930509,0.930509
6.37,0.93451,0.904369,0.93051,0.93051
6.372,0.934512,0.904378,0.930512,0.930512
6.374,0.934513,0.904387,0.930513,0.930513
6.376,0.934514,0.904396,0.930514,0.930514
6.378,0.934515,0.904405,0.930515,0.930515
6.38,0.934516,0.904414,0.930516,0.930516
6.382,0.934517,0.904424,0.930517,0.930517
6.384,0.934518,0.904433,0.930518,0.930518
6.386,0.93452,0.904442,0.93052,0.93052
6.388,0.934521,0.904451,0.930521,0.930521
6.39,0.934522,0.90446,0.930522,0.930522
6.392,0.934523,0.904469,0.930523,0.930523
6.394,0.934524,0.904478,0.930524,0.930524
6.396,0.934525,0.904487,0.930525,0.930525
6.398,0.934526,0.904495,0.930526,0.930526
6.4,0.934527,0.904504,0.930527,0.930527
6.402,0.934528,0.904513,0.930528,0.930528
6.404,0.93453,0.904522,0.93053,0.93053
6.406,0.934531,0.904531,0.930531,0.930531
6.408,0.934532,0.90454,0.930532,0.930532
6.41,0.934533,0.904549,0.930533,0.930533
6.412,0.934534,0.904558,0.930534,0.930534
6.414,0.934535,0.904567,0.930535,0.930535
6.416,0.934536,0.904575,0.930536,0.930536
6.418,0.934537,0.904584,0.930537,0.930537
6.42,0.934538,0.904593,0.930538,0.930538
6.422,0.934539,0.904602,0.930539,0.930539
6.424,0.93454,0.904611,0.93054,0.93054
6.426,0.934542,0.904619,0.930542,0.930542
6.428,0.934543,0.904628,0.930543,0.930543
6.43,0.934544,0.904637,0.930544,0.930544
6.432,0.934545,0.904646,0.930545,0.930545
6.434,0.934546,0.904654,0.930546,0.930546
6.436,0.934547,0.904663,0.930547,0.930547
6.438,0.934548,0.904672,0.930548,0.930548
6.44,0.934549,0.90468,0.930549,0.930549
6.442,0.93455,0.904689,0.93055,0.93055
6.444,0.934551,0.904698,0.930551,0.930551
6.446,0.934552,0.904706,0.930552,0.930552
6.448,0.934553,0.904715,0.930553,0.930553
6.45,0.934554,0.904724,0.930554,0.930554
6.452,0.934555,0.904732,0.930555,0.930555
6.454,0.934556,0.904741,0.930556,0.930556
6.456,0.934557,0.904749,0.930557,0.930557
6.458,0.934558,0.904758,0.930558,0.930558
6.46,0.934559,0.904767,0.930559,0.930559
6.462,0.93456,0.904775,0.93056,0.93056
6.464,0.934562,0.904784,0.930562,0.930562
6.466,0.934563,0.904792,0.930563,0.930563
6.468,0.934564,0.904801,0.930564,0.930564
6.47,0.934565,0.904809,0.930565,0.930565
6.472,0.934566,0.904818,0.930566,0.930566
6.474,0.934567,0.904826,0.930567,0.930567
6.476,0.934568,0.904834,0.930568,0.930568
6.478,0.934569,0.904843,0.930569,0.930569
6.48,0.93457,0.904851,0.93057,0.93057
6.482,0.934571,0.90486,0.930571,0.930571
6.484,0.934572,0.904868,0.930572,0.930572
6.486,0.934573,0.904877,0.930573,0.930573
6.488,0.934574,0.904885,0.930574,0.930574
6.49,0.934575,0.904893,0.930575,0.930575
6.492,0.934576,0.904902,0.930576,0.930576
6.494,0.934577,0.90491,0.930577,0.930577
6.496,0.934578,0.904918,0.930578,0.930578
6.498,0.934579,0.904927,0.930579,0.930579
6.5,0.93458,0.904935,0.93058,0.93058
6.502,0.934581,0.904943,0.930581,0.930581
6.504,0.934582,0.904951,0.930582,0.930582
6.506,0.934583,0.90496,0.930583,0.930583
6.508,0.934584,0.904968,0.930584,0.930584
6.51,0.934585,0.904976,0.930585,0.930585
6.512,0.934586,0.904984,0.930586,0.930586
6.514,0.934586,0.904993,0.930586,0.930586
6.516,0.934587,0.905001,0.930587,0.930587
6.518,0.934588,0.905009,0.930588,0.930588
6.52,0.934589,0.905017,0.930589,0.930589
6.522,0.93459,0.905025,0.93059,0.93059
6.524,0.934591,0.905034,0.930591,0.930591
6.526,0.934592,0.905042,0.930592,0.930592
6.528,0.934593,0.90505,0.930593,0.930593
6.53,0.934594,0.905058,0.930594,0.930594
6.532,0.934595,0.905066,0.930595,0.930595
6.534,0.934596,0.905074,0.930596,0.930596
6.536,0.934597,0.905082,0.930597,0.930597
6.538,0.934598,0.90509,0.930598,0.930598
6.54,0.934599,0.905098,0.930599,0.930599
6.542,0.9346,0.905106,0.9306,0.9306
6.544,0.934601,0.905114,0.930601,0.930601
6.546,0.934602,0.905122,0.930602,0.930602
6.548,0.934603,0.90513,0.930603,0.930603
6.55,0.934604,0.905138,0.930604,0.930604
6.552,0.934605,0.905146,0.930605,0.930605
6.554,0.934605,0.905154,0.930605,0.930605
6.556,0.934606,0.905162,0.930606,0.930606
6.558,0.934607,0.90517,0.930607,0.930607
6.56,0.934608,0.905178,0.930608,0.930608
6.562,0.934609,0.905186,0.930609,0.930609
6.564,0.93461,0.905194,0.93061,0.93061
6.566,0.934611,0.905202,0.930611,0.930611
6.568,0.934612,0.90521,0.930612,0.930612
6.57,0.934613,0.905218,0.930613,0.930613
6.572,0.934614,0.905226,0.930614,0.930614
6.574,0.934615,0.905233,0.930615,0.930615
6.576,0.934616,0.905241,0.930616,0.930616
6.578,0.934616,0.905249,0.930616,0.930616
6.58,0.934617,0.905257,0.930617,0.930617
6.582,0.934618,0.905265,0.930618,0.930618
6.584,0.934619,0.905273,0.930619,0.930619
6.586,0.93462,0.90528,0.93062,0.93062
6.588,0.934621,0.905288,0.930621,0.930621
6.59,0.934622,0.905296,0.930622,0.930622
6.592,0.934623,0.905304,0.930623,0.930623
6.594,0.934624,0.905311,0.930624,0.930624
6.596,0.934624,0.905319,0.930624,0.930624
6.598,0.934625,0.905327,0.930625,0.930625
6.6,0.934626,0.905334,0.930626,0.930626
6.602,0.934627,0.905342,0.930627,0.930627
6.604,0.934628,0.90535,0.930628,0.930628
6.606,0.934629,0.905357,0.930629,0.930629
6.608,0.93463,0.905365,0.93063,0.93063
6.61,0.934631,0.905373,0.930631,0.930631
6.612,0.934631,0.90538,0.930631,0.930631
6.614,0.934632,0.905388,0.930632,0.930632
6.616,0.934633,0.905396,0.930633,0.930633
6.618,0.934634,0.905403,0.930634,0.930634
6.62,0.934635,0.905411,0.930635,0.930635
6.622,0.934636,0.905418,0.930636,0.930636
6.624,0.934637,0.905426,0.930637,0.930637
6.626,0.934638,0.905434,0.930638,0.930638
6.628,0.934638,0.905441,0.930638,0.930638
6.63,0.934639,0.905449,0.930639,0.930639
6.632,0.93464,0.905456,0.93064,0.93064
6.634,0.934641,0.905464,0.930641,0.930641
6.636,0.934642,0.905471,0.930642,0.930642
6.638,0.934643,0.905479,0.930643,0.930643
6.64,0.934643,0.905486,0.930643,0.930643
6.642,0.934644,0.905494,0.930644,0.930644
6.644,0.934645,0.905501,0.930645,0.930645
6.646,0.934646,0.905508,0.930646,0.930646
6.648,0.934647,0.905516,0.930647,0.930647
6.65,0.934648,0.905523,0.930648,0.930648
6.652,0.934648,0.905531,0.930648,0.930648
6.654,0.934649,0.905538,0.930649,0.930649
6.656,0.93465,0.905545,0.93065,0.93065
6.658,0.934651,0.905553,0.930651,0.930651
6.66,0.934652,0.90556,0.930652,0.930652
6.662,0.934653,0.905568,0.930653,0.930653
6.664,0.934653,0.905575,0.930653,0.930653
6.666,0.934654,0.905582,0.930654,0.930654
6.668,0.934655,0.90559,0.930655,0.930655
6.67,0.934656,0.905597,0.930656,0.930656
6.672,0.934657,0.905604,0.930657,0.930657
6.674,0.934657,0.905611,0.930657,0.930657
6.676,0.934658,0.905619,0.930658,0.930658
6.678,0.934659,0.905626,0.930659,0.930659
6.68,0.93466,0.905633,0.93066,0.93066
6.682,0.934661,0.90564,0.930661,0.930661
6.684,0.934661,0.905648,0.930661,0.930661
6.686,0.934662,0.905655,0.930662,0.930662
6.688,0.934663,0.905662,0.930663,0.930663
6.69,0.934664,0.905669,0.930664,0.930664
6.692,0.934665,0.905677,0.930665,0.930665
6.694,0.934665,0.905684,0.930665,0.930665
6.696,0.934666,0.905691,0.930666,0.930666
6.698,0.934667,0.905698,0.930667,0.930667
6.7,0.934668,0.905705,0.930668,0.930668
6.702,0.934669,0.905712,0.930669,0.930669
6.704,0.934669,0.905719,0.930669,0.930669
6.706,0.93467,0.905727,0.93067,0.93067
6.708,0.934671,0.905734,0.930671,0.930671
6.71,0.934672,0.905741,0.930672,0.930672
6.712,0.934672,0.905748,0.930672,0.930672
6.714,0.934673,0.905755,0.930673,0.930673
6.716,0.934674,0.905762,0.930674,0.930674
6.718,0.934675,0.905769,0.930675,0.930675
6.72,0.934676,0.905776,0.930676,0.930676
6.722,0.934676,0.905783,0.930676,0.930676
6.724,0.934677,0.90579,0.930677,0.930677
6.726,0.934678,0.905797,0.930678,0.930678
6.728,0.934679,0.905804,0.930679,0.930679
6.73,0.934679,0.905811,0.930679,0.930679
6.732,0.93468,0.905818,0.93068,0.93068
6.734,0.934681,0.905825,0.930681,0.930681
6.736,0.934682,0.905832,0.930682,0.930682
6.738,0.934682,0.905839,0.930682,0.930682
6.74,0.934683,0.905846,0.930683,0.930683
6.742,0.934684,0.905853,0.930684,0.930684
6.744,0.934685,0.90586,0.930685,0.930685
6.746,0.934685,0.905866,0.930685,0.930685
6.748,0.934686,0.905873,0.930686,0.930686
6.75,0.934687,0.90588,0.930687,0.930687
6.752,0.934688,0.905887,0.930688,0.930688
6.754,0.934688,0.905894,0.930688,0.930688
6.756,0.934689,0.905901,0.930689,0.930689
6.758,0.93469,0.905908,0.93069,0.93069
6.76,0.93469,0.905914,0.93069,0.93069
6.762,0.934691,0.905921,0.930691,0.930691
6.764,0.934692,0.905928,0.930692,0.930692
6.766,0.934693,0.905935,0.930693,0.930693
6.768,0.934693,0.905942,0.930693,0.930693
6.77,0.934694,0.905948,0.930694,0.930694
6.772,0.934695,0.905955,0.930695,0.930695
6.774,0.934696,0.905962,0.930696,0.930696
6.776,0.934696,0.905969,0.930696,0.930696
6.778,0.934697,0.905975,0.930697,0.930697
6.78,0.934698,0.905982,0.930698,0.930698
6.782,0.934698,0.905989,0.930698,0.930698
6.784,0.934699,0.905996,0.930699,0.930699
6.786,0.9347,0.906002,0.9307,0.9307
6.788,0.934701,0.906009,0.930701,0.930701
6.79,0.934701,0.906016,0.930701,0.930701
6.792,0.934702,0.906022,0.930702,0.930702
6.794,0.934703,0.906029,0.930703,0.930703
6.796,0.934703,0.906036,0.930703,0.930703
6.798,0.934704,0.906042,0.930704,0.930704
6.8,0.934705,0.906049,0.930705,0.930705
6.802,0.934705,0.906055,0.930705,0.930705
6.804,0.934706,0.906062,0.930706,0.930706
6.806,0.934707,0.906069,0.930707,0.930707
6.808,0.934708,0.906075,0.930708,0.930708
6.81,0.934708,0.906082,0.930708,0.930708
6.812,0.934709,0.906088,0.930709,0.930709
6.814,0.93471,0.906095,0.93071,0.93071
6.816,0.93471,0.906101,0.93071,0.93071
6.818,0.934711,0.906108,0.930711,0.930711
6.82,0.934712,0.906115,0.930712,0.930712
6.822,0.934712,0.906121,0.930712,0.930712
6.824,0.934713,0.906128,0.930713,0.930713
6.826,0.934714,0.906134,0.930714,0.930714
6.828,0.934714,0.90614,0.930714,0.930714
6.83,0.934715,0.906147,0.930715,0.930715
6.832,0.934716,0.906153,0.930716,0.930716
6.834,0.934716,0.90616,0.930716,0.930716
6.836,0.934717,0.906166,0.930717,0.930717
6.838,0.934718,0.906173,0.930718,0.930718
6.84,0.934718,0.906179,0.930718,0.930718
6.842,0.934719,0.906186,0.930719,0.930719
6.844,0.93472,0.906192,0.93072,0.93072
6.846,0.93472,0.906198,0.93072,0.93072
6.848,0.934721,0.906205,0.930721,0.930721
6.85,0.934722,0.906211,0.930722,0.930722
6.852,0.934722,0.906218,0.930722,0.930722
6.854,0.934723,0.906224,0.930723,0.930723
6.856,0.934724,0.90623,0.930724,0.930724
6.858,0.934724,0.906237,0.930724,0.930724
6.86,0.934725,0.906243,0.930725,0.930725
6.862,0.934726,0.906249,0.930726,0.930726
6.864,0.934726,0.906255,0.930726,0.930726
6.866,0.934727,0.906262,0.930727,0.930727
6.868,0.934728,0.906268,0.930728,0.930728
6.87,0.934728,0.906274,0.930728,0.930728
6.872,0.934729,0.906281,0.930729,0.930729
6.874,0.93473,0.906287,0.93073,0.93073
6.876,0.93473,0.906293,0.93073,0.93073
6.878,0.934731,0.906299,0.930731,0.930731
6.88,0.934731,0.906306,0.930731,0.930731
6.882,0.934732,0.906312,0.930732,0.930732
6.884,0.934733,0.906318,0.930733,0.930733
6.886,0.934733,0.906324,0.930733,0.930733
6.888,0.934734,0.90633,0.930734,0.930734
6.89,0.934735,0.906337,0.930735,0.930735
6.892,0.934735,0.906343,0.930735,0.930735
6.894,0.934736,0.906349,0.930736,0.930736
6.896,0.934736,0.906355,0.930736,0.930736
6.898,0.934737,0.906361,0.930737,0.930737
6.9,0.934738,0.906367,0.930738,0.930738
6.902,0.934738,0.906373,0.930738,0.930738
6.904,0.934739,0.90638,0.930739,0.930739
6.906,0.93474,0.906386,0.93074,0.93074
6.908,0.93474,0.906392,0.93074,0.93074
6.91,0.934741,0.906398,0.930741,0.930741
6.912,0.934741,0.906404,0.930741,0.930741
6.914,0.934742,0.90641,0.930742,0.930742
6.916,0.934743,0.906416,0.930743,0.930743
6.918,0.934743,0.906422,0.930743,0.930743
6.92,0.934744,0.906428,0.930744,0.930744
6.922,0.934744,0.906434,0.930744,0.930744
6.924,0.934745,0.90644,0.930745,0.930745
6.926,0.934746,0.906446,0.930746,0.930746
6.928,0.934746,0.906452,0.930746,0.930746
6.93,0.934747,0.906458,0.930747,0.930747
6.932,0.934747,0.906464,0.930747,0.930747
6.934,0.934748,0.90647,0.930748,0.930748
6.936,0.934749,0.906476,0.930749,0.930749
6.938,0.934749,0.906482,0.930749,0.930749
6.94,0.93475,0.906488,0.93075,0.93075
6.942,0.93475,0.906494,0.93075,0.93075
6.944,0.934751,0.9065,0.930751,0.930751
6.946,0.934752,0.906506,0.930752,0.930752
6.948,0.934752,0.906512,0.930752,0.930752
6.95,0.934753,0.906518,0.930753,0.930753
6.952,0.934753,0.906524,0.930753,0.930753
6.954,0.934754,0.906529,0.930754,0.930754
6.956,0.934755,0.906535,0.930755,0.930755
6.958,0.934755,0.906541,0.930755,0.930755
6.96,0.934756,0.906547,0.930756,0.930756
6.962,0.934756,0.906553,0.930756,0.930756
6.964,0.934757,0.906559,0.930757,0.930757
6.966,0.934757,0.906565,0.930757,0.930757
6.968,0.934758,0.90657,0.930758,0.930758
6.97,0.934759,0.906576,0.930759,0.930759
6.972,0.934759,0.906582,0.930759,0.930759
6.974,0.93476,0.906588,0.93076,0.93076
6.976,0.93476,0.906594,0.93076,0.93076
6.978,0.934761,0.906599,0.930761,0.930761
6.98,0.934761,0.906605,0.930761,0.930761
6.982,0.934762,0.906611,0.930762,0.930762
6.984,0.934763,0.906617,0.930763,0.930763
6.986,0.934763,0.906622,0.930763,0.930763
6.988,0.934764,0.906628,0.930764,0.930764
6.99,0.934764,0.906634,0.930764,0.930764
6.992,0.934765,0.90664,0.930765,0.930765
6.994,0.934765,0.906645,0.930765,0.930765
6.996,0.934766,0.906651,0.930766,0.930766
6.998,0.934767,0.906657,0.930767,0.930767
7,0.934767,0.906662,0.930767,0.930767
7.002,0.934768,0.906668,0.930768,0.930768
7.004,0.934768,0.906674,0.930768,0.930768
7.006,0.934769,0.906679,0.930769,0.930769
7.008,0.934769,0.906685,0.930769,0.930769
7.01,0.93477,0.906691,0.93077,0.93077
7.012,0.93477,0.906696,0.93077,0.93077
7.014,0.934771,0.906702,0.930771,0.930771
7.016,0.934771,0.906707,0.930771,0.930771
7.018,0.934772,0.906713,0.930772,0.930772
7.02,0.934773,0.906719,0.930773,0.930773
7.022,0.934773,0.906724,0.930773,0.930773
7.024,0.934774,0.90673,0.930774,0.930774
7.026,0.934774,0.906735,0.930774,0.930774
7.028,0.934775,0.906741,0.930775,0.930775
7.03,0.934775,0.906746,0.930775,0.930775
7.032,0.934776,0.906752,0.930776,0.930776
7.034,0.934776,0.906758,0.930776,0.930776
7.036,0.934777,0.906763,0.930777,0.930777
7.038,0.934777,0.906769,0.930777,0.930777
7.04,0.934778,0.906774,0.930778,0.930778
7.042,0.934778,0.90678,0.930778,0.930778
7.044,0.934779,0.906785,0.930779,0.930779
7.046,0.934779,0.906791,0.930779,0.930779
7.048,0.93478,0.906796,0.93078,0.93078
7.05,0.934781,0.906801,0.930781,0.930781
7.052,0.934781,0.906807,0.930781,0.930781
7.054,0.934782,0.906812,0.930782,0.930782
7.056,0.934782,0.906818,0.930782,0.930782
7.058,0.934783,0.906823,0.930783,0.930783
7.06,0.934783,0.906829,0.930783,0.930783
7.062,0.934784,0.906834,0.930784,0.930784
7.064,0.934784,0.906839,0.930784,0.930784
7.066,0.934785,0.906845,0.930785,0.930785
7.068,0.934785,0.90685,0.930785,0.930785
7.07,0.934786,0.906856,0.930786,0.930786
7.072,0.934786,0.906861,0.930786,0.930786
7.074,0.934787,0.906866,0.930787,0.930787
7.076,0.934787,0.906872,0.930787,0.930787
7.078,0.934788,0.906877,0.930788,0.930788
7.08,0.934788,0.906882,0.930788,0.930788
7.082,0.934789,0.906888,0.930789,0.930789
7.084,0.934789,0.906893,0.930789,0.930789
7.086,0.93479,0.906898,0.93079,0.93079
7.088,0.93479,0.906904,0.93079,0.93079
7.09,0.934791,0.906909,0.930791,0.930791
7.092,0.934791,0.906914,0.930791,0.930791
7.094,0.934792,0.90692,0.930792,0.930792
7.096,0.934792,0.906925,0.930792,0.930792
7.098,0.934793,0.90693,0.930793,0.930793
7.1,0.934793,0.906935,0.930793,0.930793
7.102,0.934794,0.906941,0.930794,0.930794
7.104,0.934794,0.906946,0.930794,0.930794
7.106,0.934795,0.906951,0.930795,0.930795
7.108,0.934795,0.906956,0.930795,0.930795
7.11,0.934796,0.906962,0.930796,0.930796
7.112,0.934796,0.906967,0.930796,0.930796
7.114,0.934797,0.906972,0.930797,0.930797
7.116,0.934797,0.906977,0.930797,0.930797
7.118,0.934798,0.906982,0.930798,0.930798
7.12,0.934798,0.906987,0.930798,0.930798
7.122,0.934799,0.906993,0.930799,0.930799
7.124,0.934799,0.906998,0.930799,0.930799
7.126,0.934799,0.907003,0.930799,0.930799
7.128,0.9348,0.907008,0.9308,0.9308
7.13,0.9348,0.907013,0.9308,0.9308
7.132,0.934801,0.907018,0.930801,0.930801
7.134,0.934801,0.907023,0.930801,0.930801
7.136,0.934802,0.907029,0.930802,0.930802
7.138,0.934802,0.907034,0.930802,0.930802
7.14,0.934803,0.907039,0.930803,0.930803
7.142,0.934803,0.907044,0.930803,0.930803
7.144,0.934804,0.907049,0.930804,0.930804
7.146,0.934804,0.907054,0.930804,0.930804
7.148,0.934805,0.907059,0.930805,0.930805
7.15,0.934805,0.907064,0.930805,0.930805
7.152,0.934806,0.907069,0.930806,0.930806
7.154,0.934806,0.907074,0.930806,0.930806
7.156,0.934807,0.907079,0.930807,0.930807
7.158,0.934807,0.907084,0.930807,0.930807
7.16,0.934807,0.907089,0.930807,0.930807
7.162,0.934808,0.907094,0.930808,0.930808
7.164,0.934808,0.907099,0.930808,0.930808
7.166,0.934809,0.907104,0.930809,0.930809
7.168,0.934809,0.907109,0.930809,0.930809
7.17,0.93481,0.907114,0.93081,0.93081
7.172,0.93481,0.907119,0.93081,0.93081
7.174,0.934811,0.907124,0.930811,0.930811
7.176,0.934811,0.907129,0.930811,0.930811
7.178,0.934812,0.907134,0.930812,0.930812
7.18,0.934812,0.907139,0.930812,0.930812
7.182,0.934812,0.907144,0.930812,0.930812
7.184,0.934813,0.907149,0.930813,0.930813
7.186,0.934813,0.907154,0.930813,0.930813
7.188,0.934814,0.907159,0.930814,0.930814
7.19,0.934814,0.907164,0.930814,0.930814
7.192,0.934815,0.907168,0.930815,0.930815
7.194,0.934815,0.907173,0.930815,0.930815
7.196,0.934816,0.907178,0.930816,0.930816
7.198,0.934816,0.907183,0.930816,0.930816
7.2,0.934816,0.907188,0.930816,0.930816
7.202,0.934817,0.907193,0.930817,0.930817
7.204,0.934817,0.907198,0.930817,0.930817
7.206,0.934818,0.907202,0.930818,0.930818
7.208,0.934818,0.907207,0.930818,0.930818
7.21,0.934819,0.907212,0.930819,0.930819
7.212,0.934819,0.907217,0.930819,0.930819
7.214,0.934819,0.907222,0.930819,0.930819
7.216,0.93482,0.907227,0.93082,0.93082
7.218,0.93482,0.907231,0.93082,0.93082
7.22,0.934821,0.907236,0.930821,0.930821
7.222,0.934821,0.907241,0.930821,0.930821
7.224,0.934822,0.907246,0.930822,0.930822
7.226,0.934822,0.90725,0.930822,0.930822
7.228,0.934822,0.907255,0.930822,0.930822
7.23,0.934823,0.90726,0.930823,0.930823
7.232,0.934823,0.907265,0.930823,0.930823
7.234,0.934824,0.907269,0.930824,0.930824
7.236,0.934824,0.907274,0.930824,0.930824
7.238,0.934825,0.907279,0.930825,0.930825
7.24,0.934825,0.907284,0.930825,0.930825
7.242,0.934825,0.907288,0.930825,0.930825
7.244,0.934826,0.907293,0.930826,0.930826
7.246,0.934826,0.907298,0.930826,0.930826
7.248,0.934827,0.907302,0.930827,0.930827
7.25,0.934827,0.907307,0.930827,0.930827
7.252,0.934827,0.907312,0.930827,0.930827
7.254,0.934828,0.907316,0.930828,0.930828
7.256,0.934828,0.907321,0.930828,0.930828
7.258,0.934829,0.907326,0.930829,0.930829
7.26,0.934829,0.90733,0.930829,0.930829
7.262,0.93483,0.907335,0.93083,0.93083
7.264,0.93483,0.90734,0.93083,0.93083
7.266,0.93483,0.907344,0.93083,0.93083
7.268,0.934831,0.907349,0.930831,0.930831
7.27,0.934831,0.907353,0.930831,0.930831
7.272,0.934832,0.907358,0.930832,0.930832
7.274,0.934832,0.907363,0.930832,0.930832
7.276,0.934832,0.907367,0.930832,0.930832
7.278,0.934833,0.907372,0.930833,0.930833
7.28,0.934833,0.907376,0.930833,0.930833
7.282,0.934834,0.907381,0.930834,0.930834
7.284,0.934834,0.907385,0.930834,0.930834
7.286,0.934834,0.90739,0.930834,0.930834
7.288,0.934835,0.907394,0.930835,0.930835
7.29,0.934835,0.907399,0.930835,0.930835
7.292,0.934836,0.907403,0.930836,0.930836
7.294,0.934836,0.907408,0.930836,0.930836
7.296,0.934836,0.907412,0.930836,0.930836
7.298,0.934837,0.907417,0.930837,0.930837
7.3,0.934837,0.907421,0.930837,0.930837
7.302,0.934837,0.907426,0.930837,0.930837
7.304,0.934838,0.90743,0.930838,0.930838
7.306,0.934838,0.907435,0.930838,0.930838
7.308,0.934839,0.907439,0.930839,0.930839
7.31,0.934839,0.907444,0.930839,0.930839
7.312,0.934839,0.907448,0.930839,0.930839
7.314,0.93484,0.907453,0.93084,0.93084
7.316,0.93484,0.907457,0.93084,0.93084
7.318,0.934841,0.907462,0.930841,0.930841
7.32,0.934841,0.907466,0.930841,0.930841
7.322,0.934841,0.90747,0.930841,0.930841
7.324,0.934842,0.907475,0.930842,0.930842
7.326,0.934842,0.907479,0.930842,0.930842
7.328,0.934842,0.907484,0.930842,0.930842
7.33,0.934843,0.907488,0.930843,0.930843
7.332,0.934843,0.907492,0.930843,0.930843
7.334,0.934844,0.907497,0.930844,0.930844
7.336,0.934844,0.907501,0.930844,0.930844
7.338,0.934844,0.907506,0.930844,0.930844
7.34,0.934845,0.90751,0.930845,0.930845
7.342,0.934845,0.907514,0.930845,0.930845
7.344,0.934845,0.907519,0.930845,0.930845
7.346,0.934846,0.907523,0.930846,0.930846
7.348,0.934846,0.907527,0.930846,0.930846
7.35,0.934847,0.907532,0.930847,0.930847
7.352,0.934847,0.907536,0.930847,0.930847
7.354,0.934847,0.90754,0.930847,0.930847
7.356,0.934848,0.907544,0.930848,0.930848
7.358,0.934848,0.907549,0.930848,0.930848
7.36,0.934848,0.907553,0.930848,0.930848
7.362,0.934849,0.907557,0.930849,0.930849
7.364,0.934849,0.907562,0.930849,0.930849
7.366,0.934849,0.907566,0.930849,0.930849
7.368,0.93485,0.90757,0.93085,0.93085
7.37,0.93485,0.907574,0.93085,0.93085
7.372,0.934851,0.907579,0.930851,0.930851
7.374,0.934851,0.907583,0.930851,0.930851
7.376,0.934851,0.907587,0.930851,0.930851
7.378,0.934852,0.907591,0.930852,0.930852
7.38,0.934852,0.907596,0.930852,0.930852
7.382,0.934852,0.9076,0.930852,0.930852
7.384,0.934853,0.907604,0.930853,0.930853
7.386,0.934853,0.907608,0.930853,0.930853
7.388,0.934853,0.907612,0.930853,0.930853
7.39,0.934854,0.907616,0.930854,0.930854
7.392,0.934854,0.907621,0.930854,0.930854
7.394,0.934854,0.907625,0.930854,0.930854
7.396,0.934855,0.907629,0.930855,0.930855
7.398,0.934855,0.907633,0.930855,0.930855
7.4,0.934855,0.907637,0.930855,0.930855
7.402,0.934856,0.907641,0.930856,0.930856
7.404,0.934856,0.907646,0.930856,0.930856
7.406,0.934856,0.90765,0.930856,0.930856
7.408,0.934857,0.907654,0.930857,0.930857
7.41,0.934857,0.907658,0.930857,0.930857
7.412,0.934858,0.907662,0.930858,0.930858
7.414,0.934858,0.907666,0.930858,0.930858
7.416,0.934858,0.90767,0.930858,0.930858
7.418,0.934859,0.907674,0.930859,0.930859
7.42,0.934859,0.907678,0.930859,0.930859
7.422,0.934859,0.907683,0.930859,0.930859
7.424,0.93486,0.907687,0.93086,0.93086
7.426,0.93486,0.907691,0.93086,0.93086
7.428,0.93486,0.907695,0.93086,0.93086
7.43,0.934861,0.907699,0.930861,0.930861
7.432,0.934861,0.907703,0.930861,0.930861
7.434,0.934861,0.907707,0.930861,0.930861
7.436,0.934862,0.907711,0.930862,0.930862
7.438,0.934862,0.907715,0.930862,0.930862
7.44,0.934862,0.907719,0.930862,0.930862
7.442,0.934863,0.907723,0.930863,0.930863
7.444,0.934863,0.907727,0.930863,0.930863
7.446,0.934863,0.907731,0.930863,0.930863
7.448,0.934864,0.907735,0.930864,0.930864
7.45,0.934864,0.907739,0.930864,0.930864
7.452,0.934864,0.907743,0.930864,0.930864
7.454,0.934865,0.907747,0.930865,0.930865
7.456,0.934865,0.907751,0.930865,0.930865
7.458,0.934865,0.907755,0.930865,0.930865
7.46,0.934865,0.907759,0.930865,0.930865
7.462,0.934866,0.907763,0.930866,0.930866
7.464,0.934866,0.907767,0.930866,0.930866
7.466,0.934866,0.907771,0.930866,0.930866
7.468,0.934867,0.907775,0.930867,0.930867
7.47,0.934867,0.907779,0.930867,0.930867
7.472,0.934867,0.907782,0.930867,0.930867
7.474,0.934868,0.907786,0.930868,0.930868
7.476,0.934868,0.90779,0.930868,0.930868
7.478,0.934868,0.907794,0.930868,0.930868
7.48,0.934869,0.907798,0.930869,0.930869
7.482,0.934869,0.907802,0.930869,0.930869
7.484,0.934869,0.907806,0.930869,0.930869
7.486,0.93487,0.90781,0.93087,0.93087
7.488,0.93487,0.907814,0.93087,0.93087
7.49,0.93487,0.907817,0.93087,0.93087
7.492,0.934871,0.907821,0.930871,0.930871
7.494,0.934871,0.907825,0.930871,0.930871
7.496,0.934871,0.907829,0.930871,0.930871
7.498,0.934871,0.907833,0.930871,0.930871
7.5,0.934872,0.907837,0.930872,0.930872
7.502,0.934872,0.90784,0.930872,0.930872
7.504,0.934872,0.907844,0.930872,0.930872
7.506,0.934873,0.907848,0.930873,0.930873
7.508,0.934873,0.907852,0.930873,0.930873
7.51,0.934873,0.907856,0.930873,0.930873
7.512,0.934874,0.90786,0.930874,0.930874
7.514,0.934874,0.907863,0.930874,0.930874
7.516,0.934874,0.907867,0.930874,0.930874
7.518,0.934875,0.907871,0.930875,0.930875
7.52,0.934875,0.907875,0.930875,0.930875
7.522,0.934875,0.907878,0.930875,0.930875
7.524,0.934875,0.907882,0.930875,0.930875
7.526,0.934876,0.907886,0.930876,0.930876
7.528,0.934876,0.90789,0.930876,0.930876
7.53,0.934876,0.907893,0.930876,0.930876
7.532,0.934877,0.907897,0.930877,0.930877
7.534,0.934877,0.907901,0.930877,0.930877
7.536,0.934877,0.907905,0.930877,0.930877
7.538,0.934877,0.907908,0.930877,0.930877
7.54,0.934878,0.907912,0.930878,0.930878
7.542,0.934878,0.907916,0.930878,0.930878
7.544,0.934878,0.907919,0.930878,0.930878
7.546,0.934879,0.907923,0.930879,0.930879
7.548,0.934879,0.907927,0.930879,0.930879
7.55,0.934879,0.907931,0.930879,0.930879
7.552,0.93488,0.907934,0.93088,0.93088
7.554,0.93488,0.907938,0.93088,0.93088
7.556,0.93488,0.907942,0.93088,0.93088
7.558,0.93488,0.907945,0.93088,0.93088
7.56,0.934881,0.907949,0.930881,0.930881
7.562,0.934881,0.907952,0.930881,0.930881
7.564,0.934881,0.907956,0.930881,0.930881
7.566,0.934882,0.90796,0.930882,0.930882
7.568,0.934882,0.907963,0.930882,0.930882
7.57,0.934882,0.907967,0.930882,0.930882
7.572,0.934882,0.907971,0.930882,0.930882
7.574,0.934883,0.907974,0.930883,0.930883
7.576,0.934883,0.907978,0.930883,0.930883
7.578,0.934883,0.907981,0.930883,0.930883
7.58,0.934884,0.907985,0.930884,0.930884
7.582,0.934884,0.907989,0.930884,0.930884
7.584,0.934884,0.907992,0.930884,0.930884
7.586,0.934884,0.907996,0.930884,0.930884
7.588,0.934885,0.907999,0.930885,0.930885
7.59,0.934885,0.908003,0.930885,0.930885
7.592,0.934885,0.908006,0.930885,0.930885
7.594,0.934885,0.90801,0.930885,0.930885
7.596,0.934886,0.908014,0.930886,0.930886
7.598,0.934886,0.908017,0.930886,0.930886
7.6,0.934886,0.908021,0.930886,0.930886
7.602,0.934887,0.908024,0.930887,0.930887
7.604,0.934887,0.908028,0.930887,0.930887
7.606,0.934887,0.908031,0.930887,0.930887
7.608,0.934887,0.908035,0.930887,0.930887
7.61,0.934888,0.908038,0.930888,0.930888
7.612,0.934888,0.908042,0.930888,0.930888
7.614,0.934888,0.908045,0.930888,0.930888
7.616,0.934888,0.908049,0.930888,0.930888
7.618,0.934889,0.908052,0.930889,0.930889
7.62,0.934889,0.908056,0.930889,0.930889
7.622,0.934889,0.908059,0.930889,0.930889
7.624,0.93489,0.908063,0.93089,0.93089
7.626,0.93489,0.908066,0.93089,0.93089
7.628,0.93489,0.90807,0.93089,0.93089
7.63,0.93489,0.908073,0.93089,0.93089
7.632,0.934891,0.908076,0.930891,0.930891
7.634,0.934891,0.90808,0.930891,0.930891
7.636,0.934891,0.908083,0.930891,0.930891
7.638,0.934891,0.908087,0.930891,0.930891
7.64,0.934892,0.90809,0.930892,0.930892
7.642,0.934892,0.908094,0.930892,0.930892
7.644,0.934892,0.908097,0.930892,0.930892
7.646,0.934892,0.9081,0.930892,0.930892
7.648,0.934893,0.908104,0.930893,0.930893
7.65,0.934893,0.908107,0.930893,0.930893
7.652,0.934893,0.908111,0.930893,0.930893
7.654,0.934893,0.908114,0.930893,0.930893
7.656,0.934894,0.908117,0.930894,0.930894
7.658,0.934894,0.908121,0.930894,0.930894
7.66,0.934894,0.908124,0.930894,0.930894
7.662,0.934894,0.908128,0.930894,0.930894
7.664,0.934895,0.908131,0.930895,0.930895
7.666,0.934895,0.908134,0.930895,0.930895
7.668,0.934895,0.908138,0.930895,0.930895
7.67,0.934895,0.908141,0.930895,0.930895
7.672,0.934896,0.908144,0.930896,0.930896
7.674,0.934896,0.908148,0.930896,0.930896
7.676,0.934896,0.908151,0.930896,0.930896
7.678,0.934896,0.908154,0.930896,0.930896
7.68,0.934897,0.908158,0.930897,0.930897
7.682,0.934897,0.908161,0.930897,0.930897
7.684,0.934897,0.908164,0.930897,0.930897
7.686,0.934897,0.908167,0.930897,0.930897
7.688,0.934898,0.908171,0.930898,0.930898
7.69,0.934898,0.908174,0.930898,0.930898
7.692,0.934898,0.908177,0.930898,0.930898
7.694,0.934898,0.908181,0.930898,0.930898
7.696,0.934899,0.908184,0.930899,0.930899
7.698,0.934899,0.908187,0.930899,0.930899
7.7,0.934899,0.90819,0.930899,0.930899
7.702,0.934899,0.908194,0.930899,0.930899
7.704,0.9349,0.908197,0.9309,0.9309
7.706,0.9349,0.9082,0.9309,0.9309
7.708,0.9349,0.908203,0.9309,0.9309
7.71,0.9349,0.908207,0.9309,0.9309
7.712,0.934901,0.90821,0.930901,0.930901
7.714,0.934901,0.908213,0.930901,0.930901
7.716,0.934901,0.908216,0.930901,0.930901
7.718,0.934901,0.90822,0.930901,0.930901
7.72,0.934902,0.908223,0.930902,0.930902
7.722,0.934902,0.908226,0.930902,0.930902
7.724,0.934902,0.908229,0.930902,0.930902
7.726,0.934902,0.908232,0.930902,0.930902
7.728,0.934903,0.908236,0.930903,0.930903
7.73,0.934903,0.908239,0.930903,0.930903
7.732,0.934903,0.908242,0.930903,0.930903
7.734,0.934903,0.908245,0.930903,0.930903
7.736,0.934903,0.908248,0.930903,0.930903
7.738,0.934904,0.908251,0.930904,0.930904
7.74,0.934904,0.908255,0.930904,0.930904
7.742,0.934904,0.908258,0.930904,0.930904
7.744,0.934904,0.908261,0.930904,0.930904
7.746,0.934905,0.908264,0.930905,0.930905
7.748,0.934905,0.908267,0.930905,0.930905
7.75,0.934905,0.90827,0.930905,0.930905
7.752,0.934905,0.908273,0.930905,0.930905
7.754,0.934906,0.908277,0.930906,0.930906
7.756,0.934906,0.90828,0.930906,0.930906
7.758,0.934906,0.908283,0.930906,0.930906
7.76,0.934906,0.908286,0.930906,0.930906
7.762,0.934906,0.908289,0.930906,0.930906
7.764,0.934907,0.908292,0.930907,0.930907
7.766,0.934907,0.908295,0.930907,0.930907
7.768,0.934907,0.908298,0.930907,0.930907
7.77,0.934907,0.908301,0.930907,0.930907
7.772,0.934908,0.908304,0.930908,0.930908
7.774,0.934908,0.908308,0.930908,0.930908
7.776,0.934908,0.908311,0.930908,0.930908
7.778,0.934908,0.908314,0.930908,0.930908
7.78,0.934908,0.908317,0.930908,0.930908
7.782,0.934909,0.90832,0.930909,0.930909
7.784,0.934909,0.908323,0.930909,0.930909
7.786,0.934909,0.908326,0.930909,0.930909
7.788,0.934909,0.908329,0.930909,0.930909
7.79,0.93491,0.908332,0.93091,0.93091
7.792,0.93491,0.908335,0.93091,0.93091
7.794,0.93491,0.908338,0.93091,0.93091
7.796,0.93491,0.908341,0.93091,0.93091
7.798,0.93491,0.908344,0.93091,0.93091
7.8,0.934911,0.908347,0.930911,0.930911
7.802,0.934911,0.90835,0.930911,0.930911
7.804,0.934911,0.908353,0.930911,0.930911
7.806,0.934911,0.908356,0.930911,0.930911
7.808,0.934911,0.908359,0.930911,0.930911
7.81,0.934912,0.908362,0.930912,0.930912
7.812,0.934912,0.908365,0.930912,0.930912
7.814,0.934912,0.908368,0.930912,0.930912
7.816,0.934912,0.908371,0.930912,0.930912
7.818,0.934913,0.908374,0.930913,0.930913
7.82,0.934913,0.908377,0.930913,0.930913
7.822,0.934913,0.90838,0.930913,0.930913
7.824,0.934913,0.908383,0.930913,0.930913
7.826,0.934913,0.908386,0.930913,0.930913
7.828,0.934914,0.908389,0.930914,0.930914
7.83,0.934914,0.908392,0.930914,0.930914
7.832,0.934914,0.908394,0.930914,0.930914
7.834,0.934914,0.908397,0.930914,0.930914
7.836,0.934914,0.9084,0.930914,0.930914
7.838,0.934915,0.908403,0.930915,0.930915
7.84,0.934915,0.908406,0.930915,0.930915
7.842,0.934915,0.908409,0.930915,0.930915
7.844,0.934915,0.908412,0.930915,0.930915
7.846,0.934915,0.908415,0.930915,0.930915
7.848,0.934916,0.908418,0.930916,0.930916
7.85,0.934916,0.908421,0.930916,0.930916
7.852,0.934916,0.908423,0.930916,0.930916
7.854,0.934916,0.908426,0.930916,0.930916
7.856,0.934916,0.908429,0.930916,0.930916
7.858,0.934917,0.908432,0.930917,0.930917
7.86,0.934917,0.908435,0.930917,0.930917
7.862,0.934917,0.908438,0.930917,0.930917
7.864,0.934917,0.908441,0.930917,0.930917
7.866,0.934917,0.908444,0.930917,0.930917
7.868,0.934918,0.908446,0.930918,0.930918
7.87,0.934918,0.908449,0.930918,0.930918
7.872,0.934918,0.908452,0.930918,0.930918
7.874,0.934918,0.908455,0.930918,0.930918
7.876,0.934918,0.908458,0.930918,0.930918
7.878,0.934919,0.908461,0.930919,0.930919
7.88,0.934919,0.908463,0.930919,0.930919
7.882,0.934919,0.908466,0.930919,0.930919
7.884,0.934919,0.908469,0.930919,0.930919
7.886,0.934919,0.908472,0.930919,0.930919
7.888,0.93492,0.908475,0.93092,0.93092
7.89,0.93492,0.908477,0.93092,0.93092
7.892,0.93492,0.90848,0.93092,0.93092
7.894,0.93492,0.908483,0.93092,0.93092
7.896,0.93492,0.908486,0.93092,0.93092
7.898,0.934921,0.908489,0.930921,0.930921
7.9,0.934921,0.908491,0.930921,0.930921
7.902,0.934921,0.908494,0.930921,0.930921
7.904,0.934921,0.908497,0.930921,0.930921
7.906,0.934921,0.9085,0.930921,0.930921
7.908,0.934922,0.908502,0.930922,0.930922
7.91,0.934922,0.908505,0.930922,0.930922
7.912,0.934922,0.908508,0.930922,0.930922
7.914,0.934922,0.908511,0.930922,0.930922
7.916,0.934922,0.908513,0.930922,0.930922
7.918,0.934923,0.908516,0.930923,0.930923
7.92,0.934923,0.908519,0.930923,0.930923
7.922,0.934923,0.908521,0.930923,0.930923
7.924,0.934923,0.908524,0.930923,0.930923
7.926,0.934923,0.908527,0.930923,0.930923
7.928,0.934923,0.90853,0.930923,0.930923
7.93,0.934924,0.908532,0.930924,0.930924
7.932,0.934924,0.908535,0.930924,0.930924
7.934,0.934924,0.908538,0.930924,0.930924
7.936,0.934924,0.90854,0.930924,0.930924
7.938,0.934924,0.908543,0.930924,0.930924
7.94,0.934925,0.908546,0.930925,0.930925
7.942,0.934925,0.908548,0.930925,0.930925
7.944,0.934925,0.908551,0.930925,0.930925
7.946,0.934925,0.908554,0.930925,0.930925
7.948,0.934925,0.908556,0.930925,0.930925
7.95,0.934925,0.908559,0.930925,0.930925
7.952,0.934926,0.908562,0.930926,0.930926
7.954,0.934926,0.908564,0.930926,0.930926
7.956,0.934926,0.908567,0.930926,0.930926
7.958,0.934926,0.90857,0.930926,0.930926
7.96,0.934926,0.908572,0.930926,0.930926
7.962,0.934927,0.908575,0.930927,0.930927
7.964,0.934927,0.908578,0.930927,0.930927
7.966,0.934927,0.90858,0.930927,0.930927
7.968,0.934927,0.908583,0.930927,0.930927
7.97,0.934927,0.908585,0.930927,0.930927
7.972,0.934927,0.908588,0.930927,0.930927
7.974,0.934928,0.908591,0.930928,0.930928
7.976,0.934928,0.908593,0.930928,0.930928
7.978,0.934928,0.908596,0.930928,0.930928
7.98,0.934928,0.908598,0.930928,0.930928
7.982,0.934928,0.908601,0.930928,0.930928
7.984,0.934928,0.908604,0.930928,0.930928
7.986,0.934929,0.908606,0.930929,0.930929
7.988,0.934929,0.908609,0.930929,0.930929
7.99,0.934929,0.908611,0.930929,0.930929
7.992,0.934929,0.908614,0.930929,0.930929
7.994,0.934929,0.908616,0.930929,0.930929
7.996,0.934929,0.908619,0.930929,0.930929
7.998,0.93493,0.908622,0.93093,0.93093
8,0.93493,0.908624,0.93093,0.93093
8.002,0.93493,0.908627,0.93093,0.93093
8.004,0.93493,0.908629,0.93093,0.93093
8.006,0.93493,0.908632,0.93093,0.93093
8.008,0.934931,0.908634,0.930931,0.930931
8.01,0.934931,0.908637,0.930931,0.930931
8.012,0.934931,0.908639,0.930931,0.930931
8.014,0.934931,0.908642,0.930931,0.930931
8.016,0.934931,0.908644,0.930931,0.930931
8.018,0.934931,0.908647,0.930931,0.930931
8.02,0.934932,0.908649,0.930932,0.930932
8.022,0.934932,0.908652,0.930932,0.930932
8.024,0.934932,0.908654,0.930932,0.930932
8.026,0.934932,0.908657,0.930932,0.930932
8.028,0.934932,0.908659,0.930932,0.930932
8.03,0.934932,0.908662,0.930932,0.930932
8.032,0.934932,0.908664,0.930932,0.930932
8.034,0.934933,0.908667,0.930933,0.930933
8.036,0.934933,0.908669,0.930933,0.930933
8.038,0.934933,0.908672,0.930933,0.930933
8.04,0.934933,0.908674,0.930933,0.930933
8.042,0.934933,0.908677,0.930933,0.930933
8.044,0.934933,0.908679,0.930933,0.930933
8.046,0.934934,0.908682,0.930934,0.930934
8.048,0.934934,0.908684,0.930934,0.930934
8.05,0.934934,0.908687,0.930934,0.930934
8.052,0.934934,0.908689,0.930934,0.930934
8.054,0.934934,0.908691,0.930934,0.930934
8.056,0.934934,0.908694,0.930934,0.930934
8.058,0.934935,0.908696,0.930935,0.930935
8.06,0.934935,0.908699,0.930935,0.930935
8.062,0.934935,0.908701,0.930935,0.930935
8.064,0.934935,0.908704,0.930935,0.930935
8.066,0.934935,0.908706,0.930935,0.930935
8.068,0.934935,0.908708,0.930935,0.930935
8.07,0.934936,0.908711,0.930936,0.930936
8.072,0.934936,0.908713,0.930936,0.930936
8.074,0.934936,0.908716,0.930936,0.930936
8.076,0.934936,0.908718,0.930936,0.930936
8.078,0.934936,0.90872,0.930936,0.930936
8.08,0.934936,0.908723,0.930936,0.930936
8.082,0.934936,0.908725,0.930936,0.930936
8.084,0.934937,0.908728,0.930937,0.930937
8.086,0.934937,0.90873,0.930937,0.930937
8.088,0.934937,0.908732,0.930937,0.930937
8.09,0.934937,0.908735,0.930937,0.930937
8.092,0.934937,0.908737,0.930937,0.930937
8.094,0.934937,0.908739,0.930937,0.930937
8.096,0.934938,0.908742,0.930938,0.930938
8.098,0.934938,0.908744,0.930938,0.930938
8.1,0.934938,0.908747,0.930938,0.930938
8.102,0.934938,0.908749,0.930938,0.930938
8.104,0.934938,0.908751,0.930938,0.930938
8.106,0.934938,0.908754,0.930938,0.930938
8.108,0.934938,0.908756,0.930938,0.930938
8.11,0.934939,0.908758,0.930939,0.930939
8.112,0.934939,0.908761,0.930939,0.930939
8.114,0.934939,0.908763,0.930939,0.930939
8.116,0.934939,0.908765,0.930939,0.930939
8.118,0.934939,0.908767,0.930939,0.930939
8.12,0.934939,0.90877,0.930939,0.930939
8.122,0.934939,0.908772,0.930939,0.930939
8.124,0.93494,0.908774,0.93094,0.93094
8.126,0.93494,0.908777,0.93094,0.93094
8.128,0.93494,0.908779,0.93094,0.93094
8.13,0.93494,0.908781,0.93094,0.93094
8.132,0.93494,0.908784,0.93094,0.93094
8.134,0.93494,0.908786,0.93094,0.93094
8.136,0.93494,0.908788,0.93094,0.93094
8.138,0.934941,0.90879,0.930941,0.930941
8.14,0.934941,0.908793,0.930941,0.930941
8.142,0.934941,0.908795,0.930941,0.930941
8.144,0.934941,0.908797,0.930941,0.930941
8.146,0.934941,0.908799,0.930941,0.930941
8.148,0.934941,0.908802,0.930941,0.930941
8.15,0.934941,0.908804,0.930941,0.930941
8.152,0.934942,0.908806,0.930942,0.930942
8.154,0.934942,0.908808,0.930942,0.930942
8.156,0.934942,0.908811,0.930942,0.930942
8.158,0.934942,0.908813,0.930942,0.930942
8.16,0.934942,0.908815,0.930942,0.930942
8.162,0.934942,0.908817,0.930942,0.930942
8.164,0.934942,0.90882,0.930942,0.930942
8.166,0.934943,0.908822,0.930943,0.930943
8.168,0.934943,0.908824,0.930943,0.930943
8.17,0.934943,0.908826,0.930943,0.930943
8.172,0.934943,0.908828,0.930943,0.930943
8.174,0.934943,0.908831,0.930943,0.930943
8.176,0.934943,0.908833,0.930943,0.930943
8.178,0.934943,0.908835,0.930943,0.930943
8.18,0.934944,0.908837,0.930944,0.930944
8.182,0.934944,0.908839,0.930944,0.930944
8.184,0.934944,0.908842,0.930944,0.930944
8.186,0.934944,0.908844,0.930944,0.930944
8.188,0.934944,0.908846,0.930944,0.930944
8.19,0.934944,0.908848,0.930944,0.930944
8.192,0.934944,0.90885,0.930944,0.930944
8.194,0.934945,0.908853,0.930945,0.930945
8.196,0.934945,0.908855,0.930945,0.930945
8.198,0.934945,0.908857,0.930945,0.930945
8.2,0.934945,0.908859,0.930945,0.930945
8.202,0.934945,0.908861,0.930945,0.930945
8.204,0.934945,0.908863,0.930945,0.930945
8.206,0.934945,0.908866,0.930945,0.930945
8.208,0.934945,0.908868,0.930945,0.930945
8.21,0.934946,0.90887,0.930946,0.930946
8.212,0.934946,0.908872,0.930946,0.930946
8.214,0.934946,0.908874,0.930946,0.930946
8.216,0.934946,0.908876,0.930946,0.930946
8.218,0.934946,0.908878,0.930946,0.930946
8.22,0.934946,0.90888,0.930946,0.930946
8.222,0.934946,0.908883,0.930946,0.930946
8.224,0.934947,0.908885,0.930947,0.930947
8.226,0.934947,0.908887,0.930947,0.930947
8.228,0.934947,0.908889,0.930947,0.930947
8.23,0.934947,0.908891,0.930947,0.930947
8.232,0.934947,0.908893,0.930947,0.930947
8.234,0.934947,0.908895,0.930947,0.930947
8.236,0.934947,0.908897,0.930947,0.930947
8.238,0.934947,0.908899,0.930947,0.930947
8.24,0.934948,0.908902,0.930948,0.930948
8.242,0.934948,0.908904,0.930948,0.930948
8.244,0.934948,0.908906,0.930948,0.930948
8.246,0.934948,0.908908,0.930948,0.930948
8.248,0.934948,0.90891,0.930948,0.930948
8.25,0.934948,0.908912,0.930948,0.930948
8.252,0.934948,0.908914,0.930948,0.930948
8.254,0.934948,0.908916,0.930948,0.930948
8.256,0.934949,0.908918,0.930949,0.930949
8.258,0.934949,0.90892,0.930949,0.930949
8.26,0.934949,0.908922,0.930949,0.930949
8.262,0.934949,0.908924,0.930949,0.930949
8.264,0.934949,0.908926,0.930949,0.930949
8.266,0.934949,0.908928,0.930949,0.930949
8.268,0.934949,0.90893,0.930949,0.930949
8.27,0.934949,0.908932,0.930949,0.930949
8.272,0.93495,0.908934,0.93095,0.93095
8.274,0.93495,0.908936,0.93095,0.93095
8.276,0.93495,0.908939,0.93095,0.93095
8.278,0.93495,0.908941,0.93095,0.93095
8.28,0.93495,0.908943,0.93095,0.93095
8.282,0.93495,0.908945,0.93095,0.93095
8.284,0.93495,0.908947,0.93095,0.93095
8.286,0.93495,0.908949,0.93095,0.93095
8.288,0.934951,0.908951,0.930951,0.930951
8.29,0.934951,0.908953,0.930951,0.930951
8.292,0.934951,0.908955,0.930951,0.930951
8.294,0.934951,0.908957,0.930951,0.930951
8.296,0.934951,0.908959,0.930951,0.930951
8.298,0.934951,0.908961,0.930951,0.930951
8.3,0.934951,0.908963,0.930951,0.930951
8.302,0.934951,0.908965,0.930951,0.930951
8.304,0.934951,0.908967,0.930951,0.930951
8.306,0.934952,0.908969,0.930952,0.930952
8.308,0.934952,0.90897,0.930952,0.930952
8.31,0.934952,0.908972,0.930952,0.930952
8.312,0.934952,0.908974,0.930952,0.930952
8.314,0.934952,0.908976,0.930952,0.930952
8.316,0.934952,0.908978,0.930952,0.930952
8.318,0.934952,0.90898,0.930952,0.930952
8.32,0.934952,0.908982,0.930952,0.930952
8.322,0.934953,0.908984,0.930953,0.930953
8.324,0.934953,0.908986,0.930953,0.930953
8.326,0.934953,0.908988,0.930953,0.930953
8.328,0.934953,0.90899,0.930953,0.930953
8.33,0.934953,0.908992,0.930953,0.930953
8.332,0.934953,0.908994,0.930953,0.930953
8.334,0.934953,0.908996,0.930953,0.930953
8.336,0.934953,0.908998,0.930953,0.930953
8.338,0.934953,0.909,0.930953,0.930953
8.34,0.934954,0.909002,0.930954,0.930954
8.342,0.934954,0.909004,0.930954,0.930954
8.344,0.934954,0.909005,0.930954,0.930954
8.346,0.934954,0.909007,0.930954,0.930954
8.348,0.934954,0.909009,0.930954,0.930954
8.35,0.934954,0.909011,0.930954,0.930954
8.352,0.934954,0.909013,0.930954,0.930954
8.354,0.934954,0.909015,0.930954,0.930954
8.356,0.934954,0.909017,0.930954,0.930954
8.358,0.934955,0.909019,0.930955,0.930955
8.36,0.934955,0.909021,0.930955,0.930955
8.362,0.934955,0.909022,0.930955,0.930955
8.364,0.934955,0.909024,0.930955,0.930955
8.366,0.934955,0.909026,0.930955,0.930955
8.368,0.934955,0.909028,0.930955,0.930955
8.37,0.934955,0.90903,0.930955,0.930955
8.372,0.934955,0.909032,0.930955,0.930955
8.374,0.934955,0.909034,0.930955,0.930955
8.376,0.934956,0.909036,0.930956,0.930956
8.378,0.934956,0.909037,0.930956,0.930956
8.38,0.934956,0.909039,0.930956,0.930956
8.382,0.934956,0.909041,0.930956,0.930956
8.384,0.934956,0.909043,0.930956,0.930956
8.386,0.934956,0.909045,0.930956,0.930956
8.388,0.934956,0.909047,0.930956,0.930956
8.39,0.934956,0.909049,0.930956,0.930956
8.392,0.934956,0.90905,0.930956,0.930956
8.394,0.934957,0.909052,0.930957,0.930957
8.396,0.934957,0.909054,0.930957,0.930957
8.398,0.934957,0.909056,0.930957,0.930957
8.4,0.934957,0.909058,0.930957,0.930957
8.402,0.934957,0.90906,0.930957,0.930957
8.404,0.934957,0.909061,0.930957,0.930957
8.406,0.934957,0.909063,0.930957,0.930957
8.408,0.934957,0.909065,0.930957,0.930957
8.41,0.934957,0.909067,0.930957,0.930957
8.412,0.934957,0.909069,0.930957,0.930957
8.414,0.934958,0.90907,0.930958,0.930958
8.416,0.934958,0.909072,0.930958,0.930958
8.418,0.934958,0.909074,0.930958,0.930958
8.42,0.934958,0.909076,0.930958,0.930958
8.422,0.934958,0.909078,0.930958,0.930958
8.424,0.934958,0.909079,0.930958,0.930958
8.426,0.934958,0.909081,0.930958,0.930958
8.428,0.934958,0.909083,0.930958,0.930958
8.43,0.934958,0.909085,0.930958,0.930958
8.432,0.934958,0.909086,0.930958,0.930958
8.434,0.934959,0.909088,0.930959,0.930959
8.436,0.934959,0.90909,0.930959,0.930959
8.438,0.934959,0.909092,0.930959,0.930959
8.44,0.934959,0.909094,0.930959,0.930959
8.442,0.934959,0.909095,0.930959,0.930959
8.444,0.934959,0.909097,0.930959,0.930959
8.446,0.934959,0.909099,0.930959,0.930959
8.448,0.934959,0.909101,0.930959,0.930959
8.45,0.934959,0.909102,0.930959,0.930959
8.452,0.934959,0.909104,0.930959,0.930959
8.454,0.93496,0.909106,0.93096,0.93096
8.456,0.93496,0.909108,0.93096,0.93096
8.458,0.93496,0.909109,0.93096,0.93096
8.46,0.93496,0.909111,0.93096,0.93096
8.462,0.93496,0.909113,0.93096,0.93096
8.464,0.93496,0.909114,0.93096,0.93096
8.466,0.93496,0.909116,0.93096,0.93096
8.468,0.93496,0.909118,0.93096,0.93096
8.47,0.93496,0.90912,0.93096,0.93096
8.472,0.93496,0.909121,0.93096,0.93096
8.474,0.934961,0.909123,0.930961,0.930961
8.476,0.934961,0.909125,0.930961,0.930961
8.478,0.934961,0.909126,0.930961,0.930961
8.48,0.934961,0.909128,0.930961,0.930961
8.482,0.934961,0.90913,0.930961,0.930961
8.484,0.934961,0.909132,0.930961,0.930961
8.486,0.934961,0.909133,0.930961,0.930961
8.488,0.934961,0.909135,0.930961,0.930961
8.49,0.934961,0.909137,0.930961,0.930961
8.492,0.934961,0.909138,0.930961,0.930961
8.494,0.934962,0.90914,0.930962,0.930962
8.496,0.934962,0.909142,0.930962,0.930962
8.498,0.934962,0.909143,0.930962,0.930962
8.5,0.934962,0.909145,0.930962,0.930962
8.502,0.934962,0.909147,0.930962,0.930962
8.504,0.934962,0.909148,0.930962,0.930962
8.506,0.934962,0.90915,0.930962,0.930962
8.508,0.934962,0.909152,0.930962,0.930962
8.51,0.934962,0.909153,0.930962,0.930962
8.512,0.934962,0.909155,0.930962,0.930962
8.514,0.934962,0.909157,0.930962,0.930962
8.516,0.934963,0.909158,0.930963,0.930963
8.518,0.934963,0.90916,0.930963,0.930963
8.52,0.934963,0.909162,0.930963,0.930963
8.522,0.934963,0.909163,0.930963,0.930963
8.524,0.934963,0.909165,0.930963,0.930963
8.526,0.934963,0.909167,0.930963,0.930963
8.528,0.934963,0.909168,0.930963,0.930963
8.53,0.934963,0.90917,0.930963,0.930963
8.532,0.934963,0.909171,0.930963,0.930963
8.534,0.934963,0.909173,0.930963,0.930963
8.536,0.934963,0.909175,0.930963,0.930963
8.538,0.934964,0.909176,0.930964,0.930964
8.54,0.934964,0.909178,0.930964,0.930964
8.542,0.934964,0.90918,0.930964,0.930964
8.544,0.934964,0.909181,0.930964,0.930964
8.546,0.934964,0.909183,0.930964,0.930964
8.548,0.934964,0.909184,0.930964,0.930964
8.55,0.934964,0.909186,0.930964,0.930964
8.552,0.934964,0.909188,0.930964,0.930964
8.554,0.934964,0.909189,0.930964,0.930964
8.556,0.934964,0.909191,0.930964,0.930964
8.558,0.934964,0.909192,0.930964,0.930964
8.56,0.934964,0.909194,0.930964,0.930964
8.562,0.934965,0.909196,0.930965,0.930965
8.564,0.934965,0.909197,0.930965,0.930965
8.566,0.934965,0.909199,0.930965,0.930965
8.568,0.934965,0.9092,0.930965,0.930965
8.57,0.934965,0.909202,0.930965,0.930965
8.572,0.934965,0.909203,0.930965,0.930965
8.574,0.934965,0.909205,0.930965,0.930965
8.576,0.934965,0.909207,0.930965,0.930965
8.578,0.934965,0.909208,0.930965,0.930965
8.58,0.934965,0.90921,0.930965,0.930965
8.582,0.934965,0.909211,0.930965,0.930965
8.584,0.934966,0.909213,0.930966,0.930966
8.586,0.934966,0.909214,0.930966,0.930966
8.588,0.934966,0.909216,0.930966,0.930966
8.59,0.934966,0.909218,0.930966,0.930966
8.592,0.934966,0.909219,0.930966,0.930966
8.594,0.934966,0.909221,0.930966,0.930966
8.596,0.934966,0.909222,0.930966,0.930966
8.598,0.934966,0.909224,0.930966,0.930966
8.6,0.934966,0.909225,0.930966,0.930966
8.602,0.934966,0.909227,0.930966,0.930966
8.604,0.934966,0.909228,0.930966,0.930966
8.606,0.934966,0.90923,0.930966,0.930966
8.608,0.934967,0.909231,0.930967,0.930967
8.61,0.934967,0.909233,0.930967,0.930967
8.612,0.934967,0.909234,0.930967,0.930967
8.614,0.934967,0.909236,0.930967,0.930967
8.616,0.934967,0.909237,0.930967,0.930967
8.618,0.934967,0.909239,0.930967,0.930967
8.62,0.934967,0.90924,0.930967,0.930967
8.622,0.934967,0.909242,0.930967,0.930967
8.624,0.934967,0.909243,0.930967,0.930967
8.626,0.934967,0.909245,0.930967,0.930967
8.628,0.934967,0.909246,0.930967,0.930967
8.63,0.934967,0.909248,0.930967,0.930967
8.632,0.934967,0.909249,0.930967,0.930967
8.634,0.934968,0.909251,0.930968,0.930968
8.636,0.934968,0.909252,0.930968,0.930968
8.638,0.934968,0.909254,0.930968,0.930968
8.64,0.934968,0.909255,0.930968,0.930968
8.642,0.934968,0.909257,0.930968,0.930968
8.644,0.934968,0.909258,0.930968,0.930968
8.646,0.934968,0.90926,0.930968,0.930968
8.648,0.934968,0.909261,0.930968,0.930968
8.65,0.934968,0.909263,0.930968,0.930968
8.652,0.934968,0.909264,0.930968,0.930968
8.654,0.934968,0.909266,0.930968,0.930968
8.656,0.934968,0.909267,0.930968,0.930968
8.658,0.934969,0.909269,0.930969,0.930969
8.66,0.934969,0.90927,0.930969,0.930969
8.662,0.934969,0.909272,0.930969,0.930969
8.664,0.934969,0.909273,0.930969,0.930969
8.666,0.934969,0.909275,0.930969,0.930969
8.668,0.934969,0.909276,0.930969,0.930969
8.67,0.934969,0.909277,0.930969,0.930969
8.672,0.934969,0.909279,0.930969,0.930969
8.674,0.934969,0.90928,0.930969,0.930969
8.676,0.934969,0.909282,0.930969,0.930969
8.678,0.934969,0.909283,0.930969,0.930969
8.68,0.934969,0.909285,0.930969,0.930969
8.682,0.934969,0.909286,0.930969,0.930969
8.684,0.934969,0.909287,0.930969,0.930969
8.686,0.93497,0.909289,0.93097,0.93097
8.688,0.93497,0.90929,0.93097,0.93097
8.69,0.93497,0.909292,0.93097,0.93097
8.692,0.93497,0.909293,0.93097,0.93097
8.694,0.93497,0.909295,0.93097,0.93097
8.696,0.93497,0.909296,0.93097,0.93097
8.698,0.93497,0.909297,0.93097,0.93097
8.7,0.93497,0.909299,0.93097,0.93097
8.702,0.93497,0.9093,0.93097,0.93097
8.704,0.93497,0.909302,0.93097,0.93097
8.706,0.93497,0.909303,0.93097,0.93097
8.708,0.93497,0.909304,0.93097,0.93097
8.71,0.93497,0.909306,0.93097,0.93097
8.712,0.934971,0.909307,0.930971,0.930971
8.714,0.934971,0.909309,0.930971,0.930971
8.716,0.934971,0.90931,0.930971,0.930971
8.718,0.934971,0.909311,0.930971,0.930971
8.72,0.934971,0.909313,0.930971,0.930971
8.722,0.934971,0.909314,0.930971,0.930971
8.724,0.934971,0.909316,0.930971,0.930971
8.726,0.934971,0.909317,0.930971,0.930971
8.728,0.934971,0.909318,0.930971,0.930971
8.73,0.934971,0.90932,0.930971,0.930971
8.732,0.934971,0.909321,0.930971,0.930971
8.734,0.934971,0.909322,0.930971,0.930971
8.736,0.934971,0.909324,0.930971,0.930971
8.738,0.934971,0.909325,0.930971,0.930971
8.74,0.934972,0.909327,0.930972,0.930972
8.742,0.934972,0.909328,0.930972,0.930972
8.744,0.934972,0.909329,0.930972,0.930972
8.746,0.934972,0.909331,0.930972,0.930972
8.748,0.934972,0.909332,0.930972,0.930972
8.75,0.934972,0.909333,0.930972,0.930972
8.752,0.934972,0.909335,0.930972,0.930972
8.754,0.934972,0.909336,0.930972,0.930972
8.756,0.934972,0.909337,0.930972,0.930972
8.758,0.934972,0.909339,0.930972,0.930972
8.76,0.934972,0.90934,0.930972,0.930972
8.762,0.934972,0.909341,0.930972,0.930972
8.764,0.934972,0.909343,0.930972,0.930972
8.766,0.934972,0.909344,0.930972,0.930972
8.768,0.934972,0.909345,0.930972,0.930972
8.77,0.934973,0.909347,0.930973,0.930973
8.772,0.934973,0.909348,0.930973,0.930973
8.774,0.934973,0.909349,0.930973,0.930973
8.776,0.934973,0.909351,0.930973,0.930973
8.778,0.934973,0.909352,0.930973,0.930973
8.78,0.934973,0.909353,0.930973,0.930973
8.782,0.934973,0.909355,0.930973,0.930973
8.784,0.934973,0.909356,0.930973,0.930973
8.786,0.934973,0.909357,0.930973,0.930973
8.788,0.934973,0.909358,0.930973,0.930973
8.79,0.934973,0.90936,0.930973,0.930973
8.792,0.934973,0.909361,0.930973,0.930973
8.794,0.934973,0.909362,0.930973,0.930973
8.796,0.934973,0.909364,0.930973,0.930973
8.798,0.934973,0.909365,0.930973,0.930973
8.8,0.934974,0.909366,0.930974,0.930974
8.802,0.934974,0.909368,0.930974,0.930974
8.804,0.934974,0.909369,0.930974,0.930974
8.806,0.934974,0.90937,0.930974,0.930974
8.808,0.934974,0.909371,0.930974,0.930974
8.81,0.934974,0.909373,0.930974,0.930974
8.812,0.934974,0.909374,0.930974,0.930974
8.814,0.934974,0.909375,0.930974,0.930974
8.816,0.934974,0.909377,0.930974,0.930974
8.818,0.934974,0.909378,0.930974,0.930974
8.82,0.934974,0.909379,0.930974,0.930974
8.822,0.934974,0.90938,0.930974,0.930974
8.824,0.934974,0.909382,0.930974,0.930974
8.826,0.934974,0.909383,0.930974,0.930974
8.828,0.934974,0.909384,0.930974,0.930974
8.83,0.934974,0.909385,0.930974,0.930974
8.832,0.934975,0.909387,0.930975,0.930975
8.834,0.934975,0.909388,0.930975,0.930975
8.836,0.934975,0.909389,0.930975,0.930975
8.838,0.934975,0.90939,0.930975,0.930975
8.84,0.934975,0.909392,0.930975,0.930975
8.842,0.934975,0.909393,0.930975,0.930975
8.844,0.934975,0.909394,0.930975,0.930975
8.846,0.934975,0.909395,0.930975,0.930975
8.848,0.934975,0.909397,0.930975,0.930975
8.85,0.934975,0.909398,0.930975,0.930975
8.852,0.934975,0.909399,0.930975,0.930975
8.854,0.934975,0.9094,0.930975,0.930975
8.856,0.934975,0.909402,0.930975,0.930975
8.858,0.934975,0.909403,0.930975,0.930975
8.86,0.934975,0.909404,0.930975,0.930975
8.862,0.934975,0.909405,0.930975,0.930975
8.864,0.934976,0.909406,0.930976,0.930976
8.866,0.934976,0.909408,0.930976,0.930976
8.868,0.934976,0.909409,0.930976,0.930976
8.87,0.934976,0.90941,0.930976,0.930976
8.872,0.934976,0.909411,0.930976,0.930976
8.874,0.934976,0.909412,0.930976,0.930976
8.876,0.934976,0.909414,0.930976,0.930976
8.878,0.934976,0.909415,0.930976,0.930976
8.88,0.934976,0.909416,0.930976,0.930976
8.882,0.934976,0.909417,0.930976,0.930976
8.884,0.934976,0.909419,0.930976,0.930976
8.886,0.934976,0.90942,0.930976,0.930976
8.888,0.934976,0.909421,0.930976,0.930976
8.89,0.934976,0.909422,0.930976,0.930976
8.892,0.934976,0.909423,0.930976,0.930976
8.894,0.934976,0.909424,0.930976,0.930976
8.896,0.934976,0.909426,0.930976,0.930976
8.898,0.934977,0.909427,0.930977,0.930977
8.9,0.934977,0.909428,0.930977,0.930977
8.902,0.934977,0.909429,0.930977,0.930977
8.904,0.934977,0.90943,0.930977,0.930977
8.906,0.934977,0.909432,0.930977,0.930977
8.908,0.934977,0.909433,0.930977,0.930977
8.91,0.934977,0.909434,0.930977,0.930977
8.912,0.934977,0.909435,0.930977,0.930977
8.914,0.934977,0.909436,0.930977,0.930977
8.916,0.934977,0.909437,0.930977,0.930977
8.918,0.934977,0.909439,0.930977,0.930977
8.92,0.934977,0.90944,0.930977,0.930977
8.922,0.934977,0.909441,0.930977,0.930977
8.924,0.934977,0.909442,0.930977,0.930977
8.926,0.934977,0.909443,0.930977,0.930977
8.928,0.934977,0.909444,0.930977,0.930977
8.93,0.934977,0.909446,0.930977,0.930977
8.932,0.934977,0.909447,0.930977,0.930977
8.934,0.934978,0.909448,0.930978,0.930978
8.936,0.934978,0.909449,0.930978,0.930978
8.938,0.934978,0.90945,0.930978,0.930978
8.94,0.934978,0.909451,0.930978,0.930978
8.942,0.934978,0.909452,0.930978,0.930978
8.944,0.934978,0.909454,0.930978,0.930978
8.946,0.934978,0.909455,0.930978,0.930978
8.948,0.934978,0.909456,0.930978,0.930978
8.95,0.934978,0.909457,0.930978,0.930978
8.952,0.934978,0.909458,0.930978,0.930978
8.954,0.934978,0.909459,0.930978,0.930978
8.956,0.934978,0.90946,0.930978,0.930978
8.958,0.934978,0.909461,0.930978,0.930978
8.96,0.934978,0.909463,0.930978,0.930978
8.962,0.934978,0.909464,0.930978,0.930978
8.964,0.934978,0.909465,0.930978,0.930978
8.966,0.934978,0.909466,0.930978,0.930978
8.968,0.934978,0.909467,0.930978,0.930978
8.97,0.934979,0.909468,0.930979,0.930979
8.972,0.934979,0.909469,0.930979,0.930979
8.974,0.934979,0.90947,0.930979,0.930979
8.976,0.934979,0.909471,0.930979,0.930979
8.978,0.934979,0.909473,0.930979,0.930979
8.98,0.934979,0.909474,0.930979,0.930979
8.982,0.934979,0.909475,0.930979,0.930979
8.984,0.934979,0.909476,0.930979,0.930979
8.986,0.934979,0.909477,0.930979,0.930979
8.988,0.934979,0.909478,0.930979,0.930979
8.99,0.934979,0.909479,0.930979,0.930979
8.992,0.934979,0.90948,0.930979,0.930979
8.994,0.934979,0.909481,0.930979,0.930979
8.996,0.934979,0.909482,0.930979,0.930979
8.998,0.934979,0.909484,0.930979,0.930979
9,0.934979,0.909485,0.930979,0.930979
9.002,0.934979,0.909486,0.930979,0.930979
9.004,0.934979,0.909487,0.930979,0.930979
9.006,0.934979,0.909488,0.930979,0.930979
9.008,0.93498,0.909489,0.93098,0.93098
9.01,0.93498,0.90949,0.93098,0.93098
9.012,0.93498,0.909491,0.93098,0.93098
9.014,0.93498,0.909492,0.93098,0.93098
9.016,0.93498,0.909493,0.93098,0.93098
9.018,0.93498,0.909494,0.93098,0.93098
9.02,0.93498,0.909495,0.93098,0.93098
9.022,0.93498,0.909496,0.93098,0.93098
9.024,0.93498,0.909497,0.93098,0.93098
9.026,0.93498,0.909499,0.93098,0.93098
9.028,0.93498,0.9095,0.93098,0.93098
9.03,0.93498,0.909501,0.93098,0.93098
9.032,0.93498,0.909502,0.93098,0.93098
9.034,0.93498,0.909503,0.93098,0.93098
9.036,0.93498,0.909504,0.93098,0.93098
9.038,0.93498,0.909505,0.93098,0.93098
9.04,0.93498,0.909506,0.93098,0.93098
9.042,0.93498,0.909507,0.93098,0.93098
9.044,0.93498,0.909508,0.93098,0.93098
9.046,0.93498,0.909509,0.93098,0.93098
9.048,0.93498,0.90951,0.93098,0.93098
9.05,0.934981,0.909511,0.930981,0.930981
9.052,0.934981,0.909512,0.930981,0.930981
9.054,0.934981,0.909513,0.930981,0.930981
9.056,0.934981,0.909514,0.930981,0.930981
9.058,0.934981,0.909515,0.930981,0.930981
9.06,0.934981,0.909516,0.930981,0.930981
9.062,0.934981,0.909517,0.930981,0.930981
9.064,0.934981,0.909518,0.930981,0.930981
9.066,0.934981,0.909519,0.930981,0.930981
9.068,0.934981,0.90952,0.930981,0.930981
9.07,0.934981,0.909521,0.930981,0.930981
9.072,0.934981,0.909522,0.930981,0.930981
9.074,0.934981,0.909523,0.930981,0.930981
9.076,0.934981,0.909524,0.930981,0.930981
9.078,0.934981,0.909525,0.930981,0.930981
9.08,0.934981,0.909526,0.930981,0.930981
9.082,0.934981,0.909527,0.930981,0.930981
9.084,0.934981,0.909528,0.930981,0.930981
9.086,0.934981,0.909529,0.930981,0.930981
9.088,0.934981,0.90953,0.930981,0.930981
9.09,0.934981,0.909531,0.930981,0.930981
9.092,0.934982,0.909532,0.930982,0.930982
9.094,0.934982,0.909533,0.930982,0.930982
9.096,0.934982,0.909534,0.930982,0.930982
9.098,0.934982,0.909535,0.930982,0.930982
9.1,0.934982,0.909536,0.930982,0.930982
9.102,0.934982,0.909537,0.930982,0.930982
9.104,0.934982,0.909538,0.930982,0.930982
9.106,0.934982,0.909539,0.930982,0.930982
9.108,0.934982,0.90954,0.930982,0.930982
9.11,0.934982,0.909541,0.930982,0.930982
9.112,0.934982,0.909542,0.930982,0.930982
9.114,0.934982,0.909543,0.930982,0.930982
9.116,0.934982,0.909544,0.930982,0.930982
9.118,0.934982,0.909545,0.930982,0.930982
9.12,0.934982,0.909546,0.930982,0.930982
9.122,0.934982,0.909547,0.930982,0.930982
9.124,0.934982,0.909548,0.930982,0.930982
9.126,0.934982,0.909549,0.930982,0.930982
9.128,0.934982,0.90955,0.930982,0.930982
9.13,0.934982,0.909551,0.930982,0.930982
9.132,0.934982,0.909552,0.930982,0.930982
9.134,0.934982,0.909553,0.930982,0.930982
9.136,0.934982,0.909554,0.930982,0.930982
9.138,0.934983,0.909555,0.930983,0.930983
9.14,0.934983,0.909556,0.930983,0.930983
9.142,0.934983,0.909557,0.930983,0.930983
9.144,0.934983,0.909558,0.930983,0.930983
9.146,0.934983,0.909559,0.930983,0.930983
9.148,0.934983,0.90956,0.930983,0.930983
9.15,0.934983,0.909561,0.930983,0.930983
9.152,0.934983,0.909561,0.930983,0.930983
9.154,0.934983,0.909562,0.930983,0.930983
9.156,0.934983,0.909563,0.930983,0.930983
9.158,0.934983,0.909564,0.930983,0.930983
9.16,0.934983,0.909565,0.930983,0.930983
9.162,0.934983,0.909566,0.930983,0.930983
9.164,0.934983,0.909567,0.930983,0.930983
9.166,0.934983,0.909568,0.930983,0.930983
9.168,0.934983,0.909569,0.930983,0.930983
9.17,0.934983,0.90957,0.930983,0.930983
9.172,0.934983,0.909571,0.930983,0.930983
9.174,0.934983,0.909572,0.930983,0.930983
9.176,0.934983,0.909573,0.930983,0.930983
9.178,0.934983,0.909574,0.930983,0.930983
9.18,0.934983,0.909575,0.930983,0.930983
9.182,0.934983,0.909575,0.930983,0.930983
9.184,0.934984,0.909576,0.930984,0.930984
9.186,0.934984,0.909577,0.930984,0.930984
9.188,0.934984,0.909578,0.930984,0.930984
9.19,0.934984,0.909579,0.930984,0.930984
9.192,0.934984,0.90958,0.930984,0.930984
9.194,0.934984,0.909581,0.930984,0.930984
9.196,0.934984,0.909582,0.930984,0.930984
9.198,0.934984,0.909583,0.930984,0.930984
9.2,0.934984,0.909584,0.930984,0.930984
9.202,0.934984,0.909585,0.930984,0.930984
9.204,0.934984,0.909585,0.930984,0.930984
9.206,0.934984,0.909586,0.930984,0.930984
9.208,0.934984,0.909587,0.930984,0.930984
9.21,0.934984,0.909588,0.930984,0.930984
9.212,0.934984,0.909589,0.930984,0.930984
9.214,0.934984,0.90959,0.930984,0.930984
9.216,0.934984,0.909591,0.930984,0.930984
9.218,0.934984,0.909592,0.930984,0.930984
9.22,0.934984,0.909593,0.930984,0.930984
9.222,0.934984,0.909594,0.930984,0.930984
9.224,0.934984,0.909594,0.930984,0.930984
9.226,0.934984,0.909595,0.930984,0.930984
9.228,0.934984,0.909596,0.930984,0.930984
9.23,0.934984,0.909597,0.930984,0.930984
9.232,0.934984,0.909598,0.930984,0.930984
9.234,0.934984,0.909599,0.930984,0.930984
9.236,0.934985,0.9096,0.930985,0.930985
9.238,0.934985,0.909601,0.930985,0.930985
9.24,0.934985,0.909601,0.930985,0.930985
9.242,0.934985,0.909602,0.930985,0.930985
9.244,0.934985,0.909603,0.930985,0.930985
9.246,0.934985,0.909604,0.930985,0.930985
9.248,0.934985,0.909605,0.930985,0.930985
9.25,0.934985,0.909606,0.930985,0.930985
9.252,0.934985,0.909607,0.930985,0.930985
9.254,0.934985,0.909607,0.930985,0.930985
9.256,0.934985,0.909608,0.930985,0.930985
9.258,0.934985,0.909609,0.930985,0.930985
9.26,0.934985,0.90961,0.930985,0.930985
9.262,0.934985,0.909611,0.930985,0.930985
9.264,0.934985,0.909612,0.930985,0.930985
9.266,0.934985,0.909613,0.930985,0.930985
9.268,0.934985,0.909613,0.930985,0.930985
9.27,0.934985,0.909614,0.930985,0.930985
9.272,0.934985,0.909615,0.930985,0.930985
9.274,0.934985,0.909616,0.930985,0.930985
9.276,0.934985,0.909617,0.930985,0.930985
9.278,0.934985,0.909618,0.930985,0.930985
9.28,0.934985,0.909619,0.930985,0.930985
9.282,0.934985,0.909619,0.930985,0.930985
9.284,0.934985,0.90962,0.930985,0.930985
9.286,0.934985,0.909621,0.930985,0.930985
9.288,0.934985,0.909622,0.930985,0.930985
9.29,0.934986,0.909623,0.930986,0.930986
9.292,0.934986,0.909624,0.930986,0.930986
9.294,0.934986,0.909624,0.930986,0.930986
9.296,0.934986,0.909625,0.930986,0.930986
9.298,0.934986,0.909626,0.930986,0.930986
9.3,0.934986,0.909627,0.930986,0.930986
9.302,0.934986,0.909628,0.930986,0.930986
9.304,0.934986,0.909629,0.930986,0.930986
9.306,0.934986,0.909629,0.930986,0.930986
9.308,0.934986,0.90963,0.930986,0.930986
9.31,0.934986,0.909631,0.930986,0.930986
9.312,0.934986,0.909632,0.930986,0.930986
9.314,0.934986,0.909633,0.930986,0.930986
9.316,0.934986,0.909633,0.930986,0.930986
9.318,0.934986,0.909634,0.930986,0.930986
9.32,0.934986,0.909635,0.930986,0.930986
9.322,0.934986,0.909636,0.930986,0.930986
9.324,0.934986,0.909637,0.930986,0.930986
9.326,0.934986,0.909638,0.930986,0.930986
9.328,0.934986,0.909638,0.930986,0.930986
9.33,0.934986,0.909639,0.930986,0.930986
9.332,0.934986,0.90964,0.930986,0.930986
9.334,0.934986,0.909641,0.930986,0.930986
9.336,0.934986,0.909642,0.930986,0.930986
9.338,0.934986,0.909642,0.930986,0.930986
9.34,0.934986,0.909643,0.930986,0.930986
9.342,0.934986,0.909644,0.930986,0.930986
9.344,0.934986,0.909645,0.930986,0.930986
9.346,0.934986,0.909645,0.930986,0.930986
9.348,0.934987,0.909646,0.930987,0.930987
9.35,0.934987,0.909647,0.930987,0.930987
9.352,0.934987,0.909648,0.930987,0.930987
9.354,0.934987,0.909649,0.930987,0.930987
9.356,0.934987,0.909649,0.930987,0.930987
9.358,0.934987,0.90965,0.930987,0.930987
9.36,0.934987,0.909651,0.930987,0.930987
9.362,0.934987,0.909652,0.930987,0.930987
9.364,0.934987,0.909653,0.930987,0.930987
9.366,0.934987,0.909653,0.930987,0.930987
9.368,0.934987,0.909654,0.930987,0.930987
9.37,0.934987,0.909655,0.930987,0.930987
9.372,0.934987,0.909656,0.930987,0.930987
9.374,0.934987,0.909656,0.930987,0.930987
9.376,0.934987,0.909657,0.930987,0.930987
9.378,0.934987,0.909658,0.930987,0.930987
9.38,0.934987,0.909659,0.930987,0.930987
9.382,0.934987,0.90966,0.930987,0.930987
9.384,0.934987,0.90966,0.930987,0.930987
9.386,0.934987,0.909661,0.930987,0.930987
9.388,0.934987,0.909662,0.930987,0.930987
9.39,0.934987,0.909663,0.930987,0.930987
9.392,0.934987,0.909663,0.930987,0.930987
9.394,0.934987,0.909664,0.930987,0.930987
9.396,0.934987,0.909665,0.930987,0.930987
9.398,0.934987,0.909666,0.930987,0.930987
9.4,0.934987,0.909666,0.930987,0.930987
9.402,0.934987,0.909667,0.930987,0.930987
9.404,0.934987,0.909668,0.930987,0.930987
9.406,0.934987,0.909669,0.930987,0.930987
9.408,0.934987,0.909669,0.930987,0.930987
9.41,0.934988,0.90967,0.930988,0.930988
9.412,0.934988,0.909671,0.930988,0.930988
9.414,0.934988,0.909672,0.930988,0.930988
9.416,0.934988,0.909672,0.930988,0.930988
9.418,0.934988,0.909673,0.930988,0.930988
9.42,0.934988,0.909674,0.930988,0.930988
9.422,0.934988,0.909675,0.930988,0.930988
9.424,0.934988,0.909675,0.930988,0.930988
9.426,0.934988,0.909676,0.930988,0.930988
9.428,0.934988,0.909677,0.930988,0.930988
9.43,0.934988,0.909677,0.930988,0.930988
9.432,0.934988,0.909678,0.930988,0.930988
9.434,0.934988,0.909679,0.930988,0.930988
9.436,0.934988,0.90968,0.930988,0.930988
9.438,0.934988,0.90968,0.930988,0.930988
9.44,0.934988,0.909681,0.930988,0.930988
9.442,0.934988,0.909682,0.930988,0.930988
9.444,0.934988,0.909683,0.930988,0.930988
9.446,0.934988,0.909683,0.930988,0.930988
9.448,0.934988,0.909684,0.930988,0.930988
9.45,0.934988,0.909685,0.930988,0.930988
9.452,0.934988,0.909685,0.930988,0.930988
9.454,0.934988,0.909686,0.930988,0.930988
9.456,0.934988,0.909687,0.930988,0.930988
9.458,0.934988,0.909688,0.930988,0.930988
9.46,0.934988,0.909688,0.930988,0.930988
9.462,0.934988,0.909689,0.930988,0.930988
9.464,0.934988,0.90969,0.930988,0.930988
9.466,0.934988,0.90969,0.930988,0.930988
9.468,0.934988,0.909691,0.930988,0.930988
9.47,0.934988,0.909692,0.930988,0.930988
9.472,0.934988,0.909693,0.930988,0.930988
9.474,0.934988,0.909693,0.930988,0.930988
9.476,0.934989,0.909694,0.930989,0.930989
9.478,0.934989,0.909695,0.930989,0.930989
9.48,0.934989,0.909695,0.930989,0.930989
9.482,0.934989,0.909696,0.930989,0.930989
9.484,0.934989,0.909697,0.930989,0.930989
9.486,0.934989,0.909697,0.930989,0.930989
9.488,0.934989,0.909698,0.930989,0.930989
9.49,0.934989,0.909699,0.930989,0.930989
9.492,0.934989,0.9097,0.930989,0.930989
9.494,0.934989,0.9097,0.930989,0.930989
9.496,0.934989,0.909701,0.930989,0.930989
9.498,0.934989,0.909702,0.930989,0.930989
9.5,0.934989,0.909702,0.930989,0.930989
9.502,0.934989,0.909703,0.930989,0.930989
9.504,0.934989,0.909704,0.930989,0.930989
9.506,0.934989,0.909704,0.930989,0.930989
9.508,0.934989,0.909705,0.930989,0.930989
9.51,0.934989,0.909706,0.930989,0.930989
9.512,0.934989,0.909706,0.930989,0.930989
9.514,0.934989,0.909707,0.930989,0.930989
9.516,0.934989,0.909708,0.930989,0.930989
9.518,0.934989,0.909708,0.930989,0.930989
9.52,0.934989,0.909709,0.930989,0.930989
9.522,0.934989,0.90971,0.930989,0.930989
9.524,0.934989,0.90971,0.930989,0.930989
9.526,0.934989,0.909711,0.930989,0.930989
9.528,0.934989,0.909712,0.930989,0.930989
9.53,0.934989,0.909712,0.930989,0.930989
9.532,0.934989,0.909713,0.930989,0.930989
9.534,0.934989,0.909714,0.930989,0.930989
9.536,0.934989,0.909714,0.930989,0.930989
9.538,0.934989,0.909715,0.930989,0.930989
9.54,0.934989,0.909716,0.930989,0.930989
9.542,0.934989,0.909716,0.930989,0.930989
9.544,0.934989,0.909717,0.930989,0.930989
9.546,0.934989,0.909718,0.930989,0.930989
9.548,0.934989,0.909718,0.930989,0.930989
9.55,0.93499,0.909719,0.93099,0.93099
9.552,0.93499,0.90972,0.93099,0.93099
9.554,0.93499,0.90972,0.93099,0.93099
9.556,0.93499,0.909721,0.93099,0.93099
9.558,0.93499,0.909722,0.93099,0.93099
9.56,0.93499,0.909722,0.93099,0.93099
9.562,0.93499,0.909723,0.93099,0.93099
9.564,0.93499,0.909724,0.93099,0.93099
9.566,0.93499,0.909724,0.93099,0.93099
9.568,0.93499,0.909725,0.93099,0.93099
9.57,0.93499,0.909726,0.93099,0.93099
9.572,0.93499,0.909726,0.93099,0.93099
9.574,0.93499,0.909727,0.93099,0.93099
9.576,0.93499,0.909728,0.93099,0.93099
9.578,0.93499,0.909728,0.93099,0.93099
9.58,0.93499,0.909729,0.93099,0.93099
9.582,0.93499,0.909729,0.93099,0.93099
9.584,0.93499,0.90973,0.93099,0.93099
9.586,0.93499,0.909731,0.93099,0.93099
9.588,0.93499,0.909731,0.93099,0.93099
9.59,0.93499,0.909732,0.93099,0.93099
9.592,0.93499,0.909733,0.93099,0.93099
9.594,0.93499,0.909733,0.93099,0.93099
9.596,0.93499,0.909734,0.93099,0.93099
9.598,0.93499,0.909735,0.93099,0.93099
9.6,0.93499,0.909735,0.93099,0.93099
9.602,0.93499,0.909736,0.93099,0.93099
9.604,0.93499,0.909736,0.93099,0.93099
9.606,0.93499,0.909737,0.93099,0.93099
9.608,0.93499,0.909738,0.93099,0.93099
9.61,0.93499,0.909738,0.93099,0.93099
9.612,0.93499,0.909739,0.93099,0.93099
9.614,0.93499,0.909739,0.93099,0.93099
9.616,0.93499,0.90974,0.93099,0.93099
9.618,0.93499,0.909741,0.93099,0.93099
9.62,0.93499,0.909741,0.93099,0.93099
9.622,0.93499,0.909742,0.93099,0.93099
9.624,0.93499,0.909743,0.93099,0.93099
9.626,0.93499,0.909743,0.93099,0.93099
9.628,0.93499,0.909744,0.93099,0.93099
9.63,0.934991,0.909744,0.930991,0.930991
9.632,0.934991,0.909745,0.930991,0.930991
9.634,0.934991,0.909746,0.930991,0.930991
9.636,0.934991,0.909746,0.930991,0.930991
9.638,0.934991,0.909747,0.930991,0.930991
9.64,0.934991,0.909747,0.930991,0.930991
9.642,0.934991,0.909748,0.930991,0.930991
9.644,0.934991,0.909749,0.930991,0.930991
9.646,0.934991,0.909749,0.930991,0.930991
9.648,0.934991,0.90975,0.930991,0.930991
9.65,0.934991,0.90975,0.930991,0.930991
9.652,0.934991,0.909751,0.930991,0.930991
9.654,0.934991,0.909752,0.930991,0.930991
9.656,0.934991,0.909752,0.930991,0.930991
9.658,0.934991,0.909753,0.930991,0.930991
9.66,0.934991,0.909753,0.930991,0.930991
9.662,0.934991,0.909754,0.930991,0.930991
9.664,0.934991,0.909755,0.930991,0.930991
9.666,0.934991,0.909755,0.930991,0.930991
9.668,0.934991,0.909756,0.930991,0.930991
9.67,0.934991,0.909756,0.930991,0.930991
9.672,0.934991,0.909757,0.930991,0.930991
9.674,0.934991,0.909757,0.930991,0.930991
9.676,0.934991,0.909758,0.930991,0.930991
9.678,0.934991,0.909759,0.930991,0.930991
9.68,0.934991,0.909759,0.930991,0.930991
9.682,0.934991,0.90976,0.930991,0.930991
9.684,0.934991,0.90976,0.930991,0.930991
9.686,0.934991,0.909761,0.930991,0.930991
9.688,0.934991,0.909762,0.930991,0.930991
9.69,0.934991,0.909762,0.930991,0.930991
9.692,0.934991,0.909763,0.930991,0.930991
9.694,0.934991,0.909763,0.930991,0.930991
9.696,0.934991,0.909764,0.930991,0.930991
9.698,0.934991,0.909764,0.930991,0.930991
9.7,0.934991,0.909765,0.930991,0.930991
9.702,0.934991,0.909766,0.930991,0.930991
9.704,0.934991,0.909766,0.930991,0.930991
9.706,0.934991,0.909767,0.930991,0.930991
9.708,0.934991,0.909767,0.930991,0.930991
9.71,0.934991,0.909768,0.930991,0.930991
9.712,0.934991,0.909768,0.930991,0.930991
9.714,0.934991,0.909769,0.930991,0.930991
9.716,0.934991,0.90977,0.930991,0.930991
9.718,0.934991,0.90977,0.930991,0.930991
9.72,0.934992,0.909771,0.930992,0.930992
9.722,0.934992,0.909771,0.930992,0.930992
9.724,0.934992,0.909772,0.930992,0.930992
9.726,0.934992,0.909772,0.930992,0.930992
9.728,0.934992,0.909773,0.930992,0.930992
9.73,0.934992,0.909773,0.930992,0.930992
9.732,0.934992,0.909774,0.930992,0.930992
9.734,0.934992,0.909775,0.930992,0.930992
9.736,0.934992,0.909775,0.930992,0.930992
9.738,0.934992,0.909776,0.930992,0.930992
9.74,0.934992,0.909776,0.930992,0.930992
9.742,0.934992,0.909777,0.930992,0.930992
9.744,0.934992,0.909777,0.930992,0.930992
9.746,0.934992,0.909778,0.930992,0.930992
9.748,0.934992,0.909778,0.930992,0.930992
9.75,0.934992,0.909779,0.930992,0.930992
9.752,0.934992,0.909779,0.930992,0.930992
9.754,0.934992,0.90978,0.930992,0.930992
9.756,0.934992,0.909781,0.930992,0.930992
9.758,0.934992,0.909781,0.930992,0.930992
9.76,0.934992,0.909782,0.930992,0.930992
9.762,0.934992,0.909782,0.930992,0.930992
9.764,0.934992,0.909783,0.930992,0.930992
9.766,0.934992,0.909783,0.930992,0.930992
9.768,0.934992,0.909784,0.930992,0.930992
9.77,0.934992,0.909784,0.930992,0.930992
9.772,0.934992,0.909785,0.930992,0.930992
9.774,0.934992,0.909785,0.930992,0.930992
9.776,0.934992,0.909786,0.930992,0.930992
9.778,0.934992,0.909786,0.930992,0.930992
9.78,0.934992,0.909787,0.930992,0.930992
9.782,0.934992,0.909787,0.930992,0.930992
9.784,0.934992,0.909788,0.930992,0.930992
9.786,0.934992,0.909789,0.930992,0.930992
9.788,0.934992,0.909789,0.930992,0.930992
9.79,0.934992,0.90979,0.930992,0.930992
9.792,0.934992,0.90979,0.930992,0.930992
9.794,0.934992,0.909791,0.930992,0.930992
9.796,0.934992,0.909791,0.930992,0.930992
9.798,0.934992,0.909792,0.930992,0.930992
9.8,0.934992,0.909792,0.930992,0.930992
9.802,0.934992,0.909793,0.930992,0.930992
9.804,0.934992,0.909793,0.930992,0.930992
9.806,0.934992,0.909794,0.930992,0.930992
9.808,0.934992,0.909794,0.930992,0.930992
9.81,0.934992,0.909795,0.930992,0.930992
9.812,0.934992,0.909795,0.930992,0.930992
9.814,0.934992,0.909796,0.930992,0.930992
9.816,0.934992,0.909796,0.930992,0.930992
9.818,0.934992,0.909797,0.930992,0.930992
9.82,0.934992,0.909797,0.930992,0.930992
9.822,0.934993,0.909798,0.930993,0.930993
9.824,0.934993,0.909798,0.930993,0.930993
9.826,0.934993,0.909799,0.930993,0.930993
9.828,0.934993,0.909799,0.930993,0.930993
9.83,0.934993,0.9098,0.930993,0.930993
9.832,0.934993,0.9098,0.930993,0.930993
9.834,0.934993,0.909801,0.930993,0.930993
9.836,0.934993,0.909801,0.930993,0.930993
9.838,0.934993,0.909802,0.930993,0.930993
9.84,0.934993,0.909802,0.930993,0.930993
9.842,0.934993,0.909803,0.930993,0.930993
9.844,0.934993,0.909803,0.930993,0.930993
9.846,0.934993,0.909804,0.930993,0.930993
9.848,0.934993,0.909804,0.930993,0.930993
9.85,0.934993,0.909805,0.930993,0.930993
9.852,0.934993,0.909805,0.930993,0.930993
9.854,0.934993,0.909806,0.930993,0.930993
9.856,0.934993,0.909806,0.930993,0.930993
9.858,0.934993,0.909807,0.930993,0.930993
9.86,0.934993,0.909807,0.930993,0.930993
9.862,0.934993,0.909808,0.930993,0.930993
9.864,0.934993,0.909808,0.930993,0.930993
9.866,0.934993,0.909809,0.930993,0.930993
9.868,0.934993,0.909809,0.930993,0.930993
9.87,0.934993,0.90981,0.930993,0.930993
9.872,0.934993,0.90981,0.930993,0.930993
9.874,0.934993,0.909811,0.930993,0.930993
9.876,0.934993,0.909811,0.930993,0.930993
9.878,0.934993,0.909812,0.930993,0.930993
9.88,0.934993,0.909812,0.930993,0.930993
9.882,0.934993,0.909813,0.930993,0.930993
9.884,0.934993,0.909813,0.930993,0.930993
9.886,0.934993,0.909814,0.930993,0.930993
9.888,0.934993,0.909814,0.930993,0.930993
9.89,0.934993,0.909814,0.930993,0.930993
9.892,0.934993,0.909815,0.930993,0.930993
9.894,0.934993,0.909815,0.930993,0.930993
9.896,0.934993,0.909816,0.930993,0.930993
9.898,0.934993,0.909816,0.930993,0.930993
9.9,0.934993,0.909817,0.930993,0.930993
9.902,0.934993,0.909817,0.930993,0.930993
9.904,0.934993,0.909818,0.930993,0.930993
9.906,0.934993,0.909818,0.930993,0.930993
9.908,0.934993,0.909819,0.930993,0.930993
9.91,0.934993,0.909819,0.930993,0.930993
9.912,0.934993,0.90982,0.930993,0.930993
9.914,0.934993,0.90982,0.930993,0.930993
9.916,0.934993,0.909821,0.930993,0.930993
9.918,0.934993,0.909821,0.930993,0.930993
9.92,0.934993,0.909821,0.930993,0.930993
9.922,0.934993,0.909822,0.930993,0.930993
9.924,0.934993,0.909822,0.930993,0.930993
9.926,0.934993,0.909823,0.930993,0.930993
9.928,0.934993,0.909823,0.930993,0.930993
9.93,0.934993,0.909824,0.930993,0.930993
9.932,0.934993,0.909824,0.930993,0.930993
9.934,0.934993,0.909825,0.930993,0.930993
9.936,0.934994,0.909825,0.930994,0.930994
9.938,0.934994,0.909826,0.930994,0.930994
9.94,0.934994,0.909826,0.930994,0.930994
9.942,0.934994,0.909827,0.930994,0.930994
9.944,0.934994,0.909827,0.930994,0.930994
9.946,0.934994,0.909827,0.930994,0.930994
9.948,0.934994,0.909828,0.930994,0.930994
9.95,0.934994,0.909828,0.930994,0.930994
9.952,0.934994,0.909829,0.930994,0.930994
9.954,0.934994,0.909829,0.930994,0.930994
9.956,0.934994,0.90983,0.930994,0.930994
9.958,0.934994,0.90983,0.930994,0.930994
9.96,0.934994,0.909831,0.930994,0.930994
9.962,0.934994,0.909831,0.930994,0.930994
9.964,0.934994,0.909831,0.930994,0.930994
9.966,0.934994,0.909832,0.930994,0.930994
9.968,0.934994,0.909832,0.930994,0.930994
9.97,0.934994,0.909833,0.930994,0.930994
9.972,0.934994,0.909833,0.930994,0.930994
9.974,0.934994,0.909834,0.930994,0.930994
9.976,0.934994,0.909834,0.930994,0.930994
9.978,0.934994,0.909834,0.930994,0.930994
9.98,0.934994,0.909835,0.930994,0.930994
9.982,0.934994,0.909835,0.930994,0.930994
9.984,0.934994,0.909836,0.930994,0.930994
9.986,0.934994,0.909836,0.930994,0.930994
9.988,0.934994,0.909837,0.930994,0.930994
9.99,0.934994,0.909837,0.930994,0.930994
9.992,0.934994,0.909838,0.930994,0.930994
9.994,0.934994,0.909838,0.930994,0.930994
9.996,0.934994,0.909838,0.930994,0.930994
9.998,0.934994,0.909839,0.930994,0.930994
10,0.934994,0.909839,0.930994,0.930994
