# SYNTHETIC MODEL OUTPUT (Python reduced-order models in figures/), NOT Simulink results. Generated by export_data.py.
# IEEE 118-bus Bus 44, line trip at 0.50 s, pre-disturbance 0.942 p.u.
# PF = CNN-LSTM + SVC, full output at 1.1692 s (+T_comm)
# dt = 1 ms
time_s,V_NC_pu,V_CC_pu,V_PF_Tcomm0_pu,V_PF_Tcomm200ms_pu
0,0.942,0.944478,0.942,0.942
0.001,0.942,0.94448,0.942,0.942
0.002,0.942,0.944482,0.942,0.942
0.003,0.942,0.944484,0.942,0.942
0.004,0.942,0.944486,0.942,0.942
0.005,0.942,0.944488,0.942,0.942
0.006,0.942,0.94449,0.942,0.942
0.007,0.942,0.944492,0.942,0.942
0.008,0.942,0.944494,0.942,0.942
0.009,0.942,0.944496,0.942,0.942
0.01,0.942,0.944498,0.942,0.942
0.011,0.942,0.9445,0.942,0.942
0.012,0.942,0.944502,0.942,0.942
0.013,0.942,0.944504,0.942,0.942
0.014,0.942,0.944506,0.942,0.942
0.015,0.942,0.944509,0.942,0.942
0.016,0.942,0.944511,0.942,0.942
0.017,0.942,0.944513,0.942,0.942
0.018,0.942,0.944515,0.942,0.942
0.019,0.942,0.944517,0.942,0.942
0.02,0.942,0.944519,0.942,0.942
0.021,0.942,0.944521,0.942,0.942
0.022,0.942,0.944523,0.942,0.942
0.023,0.942,0.944525,0.942,0.942
0.024,0.942,0.944527,0.942,0.942
0.025,0.942,0.944529,0.942,0.942
0.026,0.942,0.944531,0.942,0.942
0.027,0.942,0.944533,0.942,0.942
0.028,0.942,0.944535,0.942,0.942
0.029,0.942,0.944538,0.942,0.942
0.03,0.942,0.94454,0.942,0.942
0.031,0.942,0.944542,0.942,0.942
0.032,0.942,0.944544,0.942,0.942
0.033,0.942,0.944546,0.942,0.942
0.034,0.942,0.944548,0.942,0.942
0.035,0.942,0.94455,0.942,0.942
0.036,0.942,0.944552,0.942,0.942
0.037,0.942,0.944554,0.942,0.942
0.038,0.942,0.944556,0.942,0.942
0.039,0.942,0.944558,0.942,0.942
0.04,0.942,0.944561,0.942,0.942
0.041,0.942,0.944563,0.942,0.942
0.042,0.942,0.944565,0.942,0.942
0.043,0.942,0.944567,0.942,0.942
0.044,0.942,0.944569,0.942,0.942
0.045,0.942,0.944571,0.942,0.942
0.046,0.942,0.944573,0.942,0.942
0.047,0.942,0.944575,0.942,0.942
0.048,0.942,0.944577,0.942,0.942
0.049,0.942,0.944579,0.942,0.942
0.05,0.942,0.944582,0.942,0.942
0.051,0.942,0.944584,0.942,0.942
0.052,0.942,0.944586,0.942,0.942
0.053,0.942,0.944588,0.942,0.942
0.054,0.942,0.94459,0.942,0.942
0.055,0.942,0.944592,0.942,0.942
0.056,0.942,0.944594,0.942,0.942
0.057,0.942,0.944596,0.942,0.942
0.058,0.942,0.944599,0.942,0.942
0.059,0.942,0.944601,0.942,0.942
0.06,0.942,0.944603,0.942,0.942
0.061,0.942,0.944605,0.942,0.942
0.062,0.942,0.944607,0.942,0.942
0.063,0.942,0.944609,0.942,0.942
0.064,0.942,0.944611,0.942,0.942
0.065,0.942,0.944614,0.942,0.942
0.066,0.942,0.944616,0.942,0.942
0.067,0.942,0.944618,0.942,0.942
0.068,0.942,0.94462,0.942,0.942
0.069,0.942,0.944622,0.942,0.942
0.07,0.942,0.944624,0.942,0.942
0.071,0.942,0.944626,0.942,0.942
0.072,0.942,0.944629,0.942,0.942
0.073,0.942,0.944631,0.942,0.942
0.074,0.942,0.944633,0.942,0.942
0.075,0.942,0.944635,0.942,0.942
0.076,0.942,0.944637,0.942,0.942
0.077,0.942,0.944639,0.942,0.942
0.078,0.942,0.944642,0.942,0.942
0.079,0.942,0.944644,0.942,0.942
0.08,0.942,0.944646,0.942,0.942
0.081,0.942,0.944648,0.942,0.942
0.082,0.942,0.94465,0.942,0.942
0.083,0.942,0.944652,0.942,0.942
0.084,0.942,0.944655,0.942,0.942
0.085,0.942,0.944657,0.942,0.942
0.086,0.942,0.944659,0.942,0.942
0.087,0.942,0.944661,0.942,0.942
0.088,0.942,0.944663,0.942,0.942
0.089,0.942,0.944665,0.942,0.942
0.09,0.942,0.944668,0.942,0.942
0.091,0.942,0.94467,0.942,0.942
0.092,0.942,0.944672,0.942,0.942
0.093,0.942,0.944674,0.942,0.942
0.094,0.942,0.944676,0.942,0.942
0.095,0.942,0.944679,0.942,0.942
0.096,0.942,0.944681,0.942,0.942
0.097,0.942,0.944683,0.942,0.942
0.098,0.942,0.944685,0.942,0.942
0.099,0.942,0.944687,0.942,0.942
0.1,0.942,0.94469,0.942,0.942
0.101,0.942,0.944692,0.942,0.942
0.102,0.942,0.944694,0.942,0.942
0.103,0.942,0.944696,0.942,0.942
0.104,0.942,0.944698,0.942,0.942
0.105,0.942,0.944701,0.942,0.942
0.106,0.942,0.944703,0.942,0.942
0.107,0.942,0.944705,0.942,0.942
0.108,0.942,0.944707,0.942,0.942
0.109,0.942,0.94471,0.942,0.942
0.11,0.942,0.944712,0.942,0.942
0.111,0.942,0.944714,0.942,0.942
0.112,0.942,0.944716,0.942,0.942
0.113,0.942,0.944718,0.942,0.942
0.114,0.942,0.944721,0.942,0.942
0.115,0.942,0.944723,0.942,0.942
0.116,0.942,0.944725,0.942,0.942
0.117,0.942,0.944727,0.942,0.942
0.118,0.942,0.94473,0.942,0.942
0.119,0.942,0.944732,0.942,0.942
0.12,0.942,0.944734,0.942,0.942
0.121,0.942,0.944736,0.942,0.942
0.122,0.942,0.944739,0.942,0.942
0.123,0.942,0.944741,0.942,0.942
0.124,0.942,0.944743,0.942,0.942
0.125,0.942,0.944745,0.942,0.942
0.126,0.942,0.944748,0.942,0.942
0.127,0.942,0.94475,0.942,0.942
0.128,0.942,0.944752,0.942,0.942
0.129,0.942,0.944754,0.942,0.942
0.13,0.942,0.944757,0.942,0.942
0.131,0.942,0.944759,0.942,0.942
0.132,0.942,0.944761,0.942,0.942
0.133,0.942,0.944763,0.942,0.942
0.134,0.942,0.944766,0.942,0.942
0.135,0.942,0.944768,0.942,0.942
0.136,0.942,0.94477,0.942,0.942
0.137,0.942,0.944772,0.942,0.942
0.138,0.942,0.944775,0.942,0.942
0.139,0.942,0.944777,0.942,0.942
0.14,0.942,0.944779,0.942,0.942
0.141,0.942,0.944782,0.942,0.942
0.142,0.942,0.944784,0.942,0.942
0.143,0.942,0.944786,0.942,0.942
0.144,0.942,0.944788,0.942,0.942
0.145,0.942,0.944791,0.942,0.942
0.146,0.942,0.944793,0.942,0.942
0.147,0.942,0.944795,0.942,0.942
0.148,0.942,0.944798,0.942,0.942
0.149,0.942,0.9448,0.942,0.942
0.15,0.942,0.944802,0.942,0.942
0.151,0.942,0.944804,0.942,0.942
0.152,0.942,0.944807,0.942,0.942
0.153,0.942,0.944809,0.942,0.942
0.154,0.942,0.944811,0.942,0.942
0.155,0.942,0.944814,0.942,0.942
0.156,0.942,0.944816,0.942,0.942
0.157,0.942,0.944818,0.942,0.942
0.158,0.942,0.944821,0.942,0.942
0.159,0.942,0.944823,0.942,0.942
0.16,0.942,0.944825,0.942,0.942
0.161,0.942,0.944827,0.942,0.942
0.162,0.942,0.94483,0.942,0.942
0.163,0.942,0.944832,0.942,0.942
0.164,0.942,0.944834,0.942,0.942
0.165,0.942,0.944837,0.942,0.942
0.166,0.942,0.944839,0.942,0.942
0.167,0.942,0.944841,0.942,0.942
0.168,0.942,0.944844,0.942,0.942
0.169,0.942,0.944846,0.942,0.942
0.17,0.942,0.944848,0.942,0.942
0.171,0.942,0.944851,0.942,0.942
0.172,0.942,0.944853,0.942,0.942
0.173,0.942,0.944855,0.942,0.942
0.174,0.942,0.944858,0.942,0.942
0.175,0.942,0.94486,0.942,0.942
0.176,0.942,0.944862,0.942,0.942
0.177,0.942,0.944865,0.942,0.942
0.178,0.942,0.944867,0.942,0.942
0.179,0.942,0.944869,0.942,0.942
0.18,0.942,0.944872,0.942,0.942
0.181,0.942,0.944874,0.942,0.942
0.182,0.942,0.944876,0.942,0.942
0.183,0.942,0.944879,0.942,0.942
0.184,0.942,0.944881,0.942,0.942
0.185,0.942,0.944884,0.942,0.942
0.186,0.942,0.944886,0.942,0.942
0.187,0.942,0.944888,0.942,0.942
0.188,0.942,0.944891,0.942,0.942
0.189,0.942,0.944893,0.942,0.942
0.19,0.942,0.944895,0.942,0.942
0.191,0.942,0.944898,0.942,0.942
0.192,0.942,0.9449,0.942,0.942
0.193,0.942,0.944902,0.942,0.942
0.194,0.942,0.944905,0.942,0.942
0.195,0.942,0.944907,0.942,0.942
0.196,0.942,0.94491,0.942,0.942
0.197,0.942,0.944912,0.942,0.942
0.198,0.942,0.944914,0.942,0.942
0.199,0.942,0.944917,0.942,0.942
0.2,0.942,0.944919,0.942,0.942
0.201,0.942,0.944922,0.942,0.942
0.202,0.942,0.944924,0.942,0.942
0.203,0.942,0.944926,0.942,0.942
0.204,0.942,0.944929,0.942,0.942
0.205,0.942,0.944931,0.942,0.942
0.206,0.942,0.944934,0.942,0.942
0.207,0.942,0.944936,0.942,0.942
0.208,0.942,0.944938,0.942,0.942
0.209,0.942,0.944941,0.942,0.942
0.21,0.942,0.944943,0.942,0.942
0.211,0.942,0.944946,0.942,0.942
0.212,0.942,0.944948,0.942,0.942
0.213,0.942,0.94495,0.942,0.942
0.214,0.942,0.944953,0.942,0.942
0.215,0.942,0.944955,0.942,0.942
0.216,0.942,0.944958,0.942,0.942
0.217,0.942,0.94496,0.942,0.942
0.218,0.942,0.944962,0.942,0.942
0.219,0.942,0.944965,0.942,0.942
0.22,0.942,0.944967,0.942,0.942
0.221,0.942,0.94497,0.942,0.942
0.222,0.942,0.944972,0.942,0.942
0.223,0.942,0.944975,0.942,0.942
0.224,0.942,0.944977,0.942,0.942
0.225,0.942,0.944979,0.942,0.942
0.226,0.942,0.944982,0.942,0.942
0.227,0.942,0.944984,0.942,0.942
0.228,0.942,0.944987,0.942,0.942
0.229,0.942,0.944989,0.942,0.942
0.23,0.942,0.944992,0.942,0.942
0.231,0.942,0.944994,0.942,0.942
0.232,0.942,0.944997,0.942,0.942
0.233,0.942,0.944999,0.942,0.942
0.234,0.942,0.945002,0.942,0.942
0.235,0.942,0.945004,0.942,0.942
0.236,0.942,0.945006,0.942,0.942
0.237,0.942,0.945009,0.942,0.942
0.238,0.942,0.945011,0.942,0.942
0.239,0.942,0.945014,0.942,0.942
0.24,0.942,0.945016,0.942,0.942
0.241,0.942,0.945019,0.942,0.942
0.242,0.942,0.945021,0.942,0.942
0.243,0.942,0.945024,0.942,0.942
0.244,0.942,0.945026,0.942,0.942
0.245,0.942,0.945029,0.942,0.942
0.246,0.942,0.945031,0.942,0.942
0.247,0.942,0.945034,0.942,0.942
0.248,0.942,0.945036,0.942,0.942
0.249,0.942,0.945039,0.942,0.942
0.25,0.942,0.945041,0.942,0.942
0.251,0.942,0.945044,0.942,0.942
0.252,0.942,0.945046,0.942,0.942
0.253,0.942,0.945049,0.942,0.942
0.254,0.942,0.945051,0.942,0.942
0.255,0.942,0.945053,0.942,0.942
0.256,0.942,0.945056,0.942,0.942
0.257,0.942,0.945058,0.942,0.942
0.258,0.942,0.945061,0.942,0.942
0.259,0.942,0.945063,0.942,0.942
0.26,0.942,0.945066,0.942,0.942
0.261,0.942,0.945069,0.942,0.942
0.262,0.942,0.945071,0.942,0.942
0.263,0.942,0.945074,0.942,0.942
0.264,0.942,0.945076,0.942,0.942
0.265,0.942,0.945079,0.942,0.942
0.266,0.942,0.945081,0.942,0.942
0.267,0.942,0.945084,0.942,0.942
0.268,0.942,0.945086,0.942,0.942
0.269,0.942,0.945089,0.942,0.942
0.27,0.942,0.945091,0.942,0.942
0.271,0.942,0.945094,0.942,0.942
0.272,0.942,0.945096,0.942,0.942
0.273,0.942,0.945099,0.942,0.942
0.274,0.942,0.945101,0.942,0.942
0.275,0.942,0.945104,0.942,0.942
0.276,0.942,0.945106,0.942,0.942
0.277,0.942,0.945109,0.942,0.942
0.278,0.942,0.945111,0.942,0.942
0.279,0.942,0.945114,0.942,0.942
0.28,0.942,0.945117,0.942,0.942
0.281,0.942,0.945119,0.942,0.942
0.282,0.942,0.945122,0.942,0.942
0.283,0.942,0.945124,0.942,0.942
0.284,0.942,0.945127,0.942,0.942
0.285,0.942,0.945129,0.942,0.942
0.286,0.942,0.945132,0.942,0.942
0.287,0.942,0.945134,0.942,0.942
0.288,0.942,0.945137,0.942,0.942
0.289,0.942,0.94514,0.942,0.942
0.29,0.942,0.945142,0.942,0.942
0.291,0.942,0.945145,0.942,0.942
0.292,0.942,0.945147,0.942,0.942
0.293,0.942,0.94515,0.942,0.942
0.294,0.942,0.945152,0.942,0.942
0.295,0.942,0.945155,0.942,0.942
0.296,0.942,0.945158,0.942,0.942
0.297,0.942,0.94516,0.942,0.942
0.298,0.942,0.945163,0.942,0.942
0.299,0.942,0.945165,0.942,0.942
0.3,0.942,0.945168,0.942,0.942
0.301,0.942,0.94517,0.942,0.942
0.302,0.942,0.945173,0.942,0.942
0.303,0.942,0.945176,0.942,0.942
0.304,0.942,0.945178,0.942,0.942
0.305,0.942,0.945181,0.942,0.942
0.306,0.942,0.945183,0.942,0.942
0.307,0.942,0.945186,0.942,0.942
0.308,0.942,0.945189,0.942,0.942
0.309,0.942,0.945191,0.942,0.942
0.31,0.942,0.945194,0.942,0.942
0.311,0.942,0.945196,0.942,0.942
0.312,0.942,0.945199,0.942,0.942
0.313,0.942,0.945202,0.942,0.942
0.314,0.942,0.945204,0.942,0.942
0.315,0.942,0.945207,0.942,0.942
0.316,0.942,0.94521,0.942,0.942
0.317,0.942,0.945212,0.942,0.942
0.318,0.942,0.945215,0.942,0.942
0.319,0.942,0.945217,0.942,0.942
0.32,0.942,0.94522,0.942,0.942
0.321,0.942,0.945223,0.942,0.942
0.322,0.942,0.945225,0.942,0.942
0.323,0.942,0.945228,0.942,0.942
0.324,0.942,0.945231,0.942,0.942
0.325,0.942,0.945233,0.942,0.942
0.326,0.942,0.945236,0.942,0.942
0.327,0.942,0.945239,0.942,0.942
0.328,0.942,0.945241,0.942,0.942
0.329,0.942,0.945244,0.942,0.942
0.33,0.942,0.945246,0.942,0.942
0.331,0.942,0.945249,0.942,0.942
0.332,0.942,0.945252,0.942,0.942
0.333,0.942,0.945254,0.942,0.942
0.334,0.942,0.945257,0.942,0.942
0.335,0.942,0.94526,0.942,0.942
0.336,0.942,0.945262,0.942,0.942
0.337,0.942,0.945265,0.942,0.942
0.338,0.942,0.945268,0.942,0.942
0.339,0.942,0.94527,0.942,0.942
0.34,0.942,0.945273,0.942,0.942
0.341,0.942,0.945276,0.942,0.942
0.342,0.942,0.945278,0.942,0.942
0.343,0.942,0.945281,0.942,0.942
0.344,0.942,0.945284,0.942,0.942
0.345,0.942,0.945286,0.942,0.942
0.346,0.942,0.945289,0.942,0.942
0.347,0.942,0.945292,0.942,0.942
0.348,0.942,0.945295,0.942,0.942
0.349,0.942,0.945297,0.942,0.942
0.35,0.942,0.9453,0.942,0.942
0.351,0.942,0.945303,0.942,0.942
0.352,0.942,0.945305,0.942,0.942
0.353,0.942,0.945308,0.942,0.942
0.354,0.942,0.945311,0.942,0.942
0.355,0.942,0.945313,0.942,0.942
0.356,0.942,0.945316,0.942,0.942
0.357,0.942,0.945319,0.942,0.942
0.358,0.942,0.945322,0.942,0.942
0.359,0.942,0.945324,0.942,0.942
0.36,0.942,0.945327,0.942,0.942
0.361,0.942,0.94533,0.942,0.942
0.362,0.942,0.945332,0.942,0.942
0.363,0.942,0.945335,0.942,0.942
0.364,0.942,0.945338,0.942,0.942
0.365,0.942,0.945341,0.942,0.942
0.366,0.942,0.945343,0.942,0.942
0.367,0.942,0.945346,0.942,0.942
0.368,0.942,0.945349,0.942,0.942
0.369,0.942,0.945352,0.942,0.942
0.37,0.942,0.945354,0.942,0.942
0.371,0.942,0.945357,0.942,0.942
0.372,0.942,0.94536,0.942,0.942
0.373,0.942,0.945362,0.942,0.942
0.374,0.942,0.945365,0.942,0.942
0.375,0.942,0.945368,0.942,0.942
0.376,0.942,0.945371,0.942,0.942
0.377,0.942,0.945373,0.942,0.942
0.378,0.942,0.945376,0.942,0.942
0.379,0.942,0.945379,0.942,0.942
0.38,0.942,0.945382,0.942,0.942
0.381,0.942,0.945384,0.942,0.942
0.382,0.942,0.945387,0.942,0.942
0.383,0.942,0.94539,0.942,0.942
0.384,0.942,0.945393,0.942,0.942
0.385,0.942,0.945396,0.942,0.942
0.386,0.942,0.945398,0.942,0.942
0.387,0.942,0.945401,0.942,0.942
0.388,0.942,0.945404,0.942,0.942
0.389,0.942,0.945407,0.942,0.942
0.39,0.942,0.945409,0.942,0.942
0.391,0.942,0.945412,0.942,0.942
0.392,0.942,0.945415,0.942,0.942
0.393,0.942,0.945418,0.942,0.942
0.394,0.942,0.945421,0.942,0.942
0.395,0.942,0.945423,0.942,0.942
0.396,0.942,0.945426,0.942,0.942
0.397,0.942,0.945429,0.942,0.942
0.398,0.942,0.945432,0.942,0.942
0.399,0.942,0.945435,0.942,0.942
0.4,0.942,0.945437,0.942,0.942
0.401,0.942,0.94544,0.942,0.942
0.402,0.942,0.945443,0.942,0.942
0.403,0.942,0.945446,0.942,0.942
0.404,0.942,0.945449,0.942,0.942
0.405,0.942,0.945451,0.942,0.942
0.406,0.942,0.945454,0.942,0.942
0.407,0.942,0.945457,0.942,0.942
0.408,0.942,0.94546,0.942,0.942
0.409,0.942,0.945463,0.942,0.942
0.41,0.942,0.945466,0.942,0.942
0.411,0.942,0.945468,0.942,0.942
0.412,0.942,0.945471,0.942,0.942
0.413,0.942,0.945474,0.942,0.942
0.414,0.942,0.945477,0.942,0.942
0.415,0.942,0.94548,0.942,0.942
0.416,0.942,0.945483,0.942,0.942
0.417,0.942,0.945485,0.942,0.942
0.418,0.942,0.945488,0.942,0.942
0.419,0.942,0.945491,0.942,0.942
0.42,0.942,0.945494,0.942,0.942
0.421,0.942,0.945497,0.942,0.942
0.422,0.942,0.9455,0.942,0.942
0.423,0.942,0.945502,0.942,0.942
0.424,0.942,0.945505,0.942,0.942
0.425,0.942,0.945508,0.942,0.942
0.426,0.942,0.945511,0.942,0.942
0.427,0.942,0.945514,0.942,0.942
0.428,0.942,0.945517,0.942,0.942
0.429,0.942,0.94552,0.942,0.942
0.43,0.942,0.945522,0.942,0.942
0.431,0.942,0.945525,0.942,0.942
0.432,0.942,0.945528,0.942,0.942
0.433,0.942,0.945531,0.942,0.942
0.434,0.942,0.945534,0.942,0.942
0.435,0.942,0.945537,0.942,0.942
0.436,0.942,0.94554,0.942,0.942
0.437,0.942,0.945543,0.942,0.942
0.438,0.942,0.945546,0.942,0.942
0.439,0.942,0.945548,0.942,0.942
0.44,0.942,0.945551,0.942,0.942
0.441,0.942,0.945554,0.942,0.942
0.442,0.942,0.945557,0.942,0.942
0.443,0.942,0.94556,0.942,0.942
0.444,0.942,0.945563,0.942,0.942
0.445,0.942,0.945566,0.942,0.942
0.446,0.942,0.945569,0.942,0.942
0.447,0.942,0.945572,0.942,0.942
0.448,0.942,0.945575,0.942,0.942
0.449,0.942,0.945577,0.942,0.942
0.45,0.942,0.94558,0.942,0.942
0.451,0.942,0.945583,0.942,0.942
0.452,0.942,0.945586,0.942,0.942
0.453,0.942,0.945589,0.942,0.942
0.454,0.942,0.945592,0.942,0.942
0.455,0.942,0.945595,0.942,0.942
0.456,0.942,0.945598,0.942,0.942
0.457,0.942,0.945601,0.942,0.942
0.458,0.942,0.945604,0.942,0.942
0.459,0.942,0.945607,0.942,0.942
0.46,0.942,0.94561,0.942,0.942
0.461,0.942,0.945613,0.942,0.942
0.462,0.942,0.945616,0.942,0.942
0.463,0.942,0.945619,0.942,0.942
0.464,0.942,0.945621,0.942,0.942
0.465,0.942,0.945624,0.942,0.942
0.466,0.942,0.945627,0.942,0.942
0.467,0.942,0.94563,0.942,0.942
0.468,0.942,0.945633,0.942,0.942
0.469,0.942,0.945636,0.942,0.942
0.47,0.942,0.945639,0.942,0.942
0.471,0.942,0.945642,0.942,0.942
0.472,0.942,0.945645,0.942,0.942
0.473,0.942,0.945648,0.942,0.942
0.474,0.942,0.945651,0.942,0.942
0.475,0.942,0.945654,0.942,0.942
0.476,0.942,0.945657,0.942,0.942
0.477,0.942,0.94566,0.942,0.942
0.478,0.942,0.945663,0.942,0.942
0.479,0.942,0.945666,0.942,0.942
0.48,0.942,0.945669,0.942,0.942
0.481,0.942,0.945672,0.942,0.942
0.482,0.942,0.945675,0.942,0.942
0.483,0.942,0.945678,0.942,0.942
0.484,0.942,0.945681,0.942,0.942
0.485,0.942,0.945684,0.942,0.942
0.486,0.942,0.945687,0.942,0.942
0.487,0.942,0.94569,0.942,0.942
0.488,0.942,0.945693,0.942,0.942
0.489,0.942,0.945696,0.942,0.942
0.49,0.942,0.945699,0.942,0.942
0.491,0.942,0.945702,0.942,0.942
0.492,0.942,0.945705,0.942,0.942
0.493,0.942,0.945708,0.942,0.942
0.494,0.942,0.945711,0.942,0.942
0.495,0.942,0.945714,0.942,0.942
0.496,0.942,0.945717,0.942,0.942
0.497,0.942,0.94572,0.942,0.942
0.498,0.942,0.945723,0.942,0.942
0.499,0.942,0.945726,0.942,0.942
0.5,0.942,0.945729,0.942,0.942
0.501,0.942,0.945732,0.942,0.942
0.502,0.941999,0.945735,0.941999,0.941999
0.503,0.941999,0.945737,0.941999,0.941999
0.504,0.941997,0.945739,0.941997,0.941997
0.505,0.941996,0.945741,0.941996,0.941996
0.506,0.941994,0.945743,0.941994,0.941994
0.507,0.941992,0.945745,0.941992,0.941992
0.508,0.94199,0.945746,0.94199,0.94199
0.509,0.941987,0.945747,0.941987,0.941987
0.51,0.941984,0.945748,0.941984,0.941984
0.511,0.941981,0.945748,0.941981,0.941981
0.512,0.941977,0.945749,0.941977,0.941977
0.513,0.941973,0.945749,0.941973,0.941973
0.514,0.941969,0.945748,0.941969,0.941969
0.515,0.941964,0.945748,0.941964,0.941964
0.516,0.941959,0.945747,0.941959,0.941959
0.517,0.941954,0.945747,0.941954,0.941954
0.518,0.941949,0.945746,0.941949,0.941949
0.519,0.941943,0.945744,0.941943,0.941943
0.52,0.941937,0.945743,0.941937,0.941937
0.521,0.94193,0.945741,0.94193,0.94193
0.522,0.941923,0.945739,0.941923,0.941923
0.523,0.941916,0.945737,0.941916,0.941916
0.524,0.941909,0.945734,0.941909,0.941909
0.525,0.941901,0.945732,0.941901,0.941901
0.526,0.941893,0.945729,0.941893,0.941893
0.527,0.941885,0.945725,0.941885,0.941885
0.528,0.941876,0.945722,0.941876,0.941876
0.529,0.941868,0.945718,0.941868,0.941868
0.53,0.941858,0.945715,0.941858,0.941858
0.531,0.941849,0.945711,0.941849,0.941849
0.532,0.941839,0.945706,0.941839,0.941839
0.533,0.941829,0.945702,0.941829,0.941829
0.534,0.941819,0.945697,0.941819,0.941819
0.535,0.941808,0.945692,0.941808,0.941808
0.536,0.941797,0.945687,0.941797,0.941797
0.537,0.941786,0.945682,0.941786,0.941786
0.538,0.941774,0.945676,0.941774,0.941774
0.539,0.941762,0.94567,0.941762,0.941762
0.54,0.94175,0.945664,0.94175,0.94175
0.541,0.941737,0.945658,0.941737,0.941737
0.542,0.941725,0.945651,0.941725,0.941725
0.543,0.941712,0.945645,0.941712,0.941712
0.544,0.941698,0.945638,0.941698,0.941698
0.545,0.941685,0.945631,0.941685,0.941685
0.546,0.941671,0.945623,0.941671,0.941671
0.547,0.941656,0.945616,0.941656,0.941656
0.548,0.941642,0.945608,0.941642,0.941642
0.549,0.941627,0.9456,0.941627,0.941627
0.55,0.941612,0.945591,0.941612,0.941612
0.551,0.941596,0.945583,0.941596,0.941596
0.552,0.941581,0.945574,0.941581,0.941581
0.553,0.941565,0.945565,0.941565,0.941565
0.554,0.941548,0.945556,0.941548,0.941548
0.555,0.941532,0.945547,0.941532,0.941532
0.556,0.941515,0.945538,0.941515,0.941515
0.557,0.941498,0.945528,0.941498,0.941498
0.558,0.941481,0.945518,0.941481,0.941481
0.559,0.941463,0.945508,0.941463,0.941463
0.56,0.941445,0.945497,0.941445,0.941445
0.561,0.941427,0.945487,0.941427,0.941427
0.562,0.941408,0.945476,0.941408,0.941408
0.563,0.941389,0.945465,0.941389,0.941389
0.564,0.94137,0.945454,0.94137,0.94137
0.565,0.941351,0.945442,0.941351,0.941351
0.566,0.941331,0.945431,0.941331,0.941331
0.567,0.941311,0.945419,0.941311,0.941311
0.568,0.941291,0.945407,0.941291,0.941291
0.569,0.94127,0.945394,0.94127,0.94127
0.57,0.941249,0.945382,0.941249,0.941249
0.571,0.941228,0.945369,0.941228,0.941228
0.572,0.941207,0.945356,0.941207,0.941207
0.573,0.941185,0.945343,0.941185,0.941185
0.574,0.941163,0.94533,0.941163,0.941163
0.575,0.941141,0.945316,0.941141,0.941141
0.576,0.941119,0.945303,0.941119,0.941119
0.577,0.941096,0.945289,0.941096,0.941096
0.578,0.941073,0.945275,0.941073,0.941073
0.579,0.94105,0.94526,0.94105,0.94105
0.58,0.941026,0.945246,0.941026,0.941026
0.581,0.941002,0.945231,0.941002,0.941002
0.582,0.940978,0.945216,0.940978,0.940978
0.583,0.940954,0.945201,0.940954,0.940954
0.584,0.940929,0.945186,0.940929,0.940929
0.585,0.940904,0.94517,0.940904,0.940904
0.586,0.940879,0.945154,0.940879,0.940879
0.587,0.940853,0.945138,0.940853,0.940853
0.588,0.940828,0.945122,0.940828,0.940828
0.589,0.940802,0.945106,0.940802,0.940802
0.59,0.940775,0.945089,0.940775,0.940775
0.591,0.940749,0.945073,0.940749,0.940749
0.592,0.940722,0.945056,0.940722,0.940722
0.593,0.940695,0.945038,0.940695,0.940695
0.594,0.940668,0.945021,0.940668,0.940668
0.595,0.94064,0.945004,0.94064,0.94064
0.596,0.940612,0.944986,0.940612,0.940612
0.597,0.940584,0.944968,0.940584,0.940584
0.598,0.940556,0.94495,0.940556,0.940556
0.599,0.940527,0.944931,0.940527,0.940527
0.6,0.940498,0.944913,0.940498,0.940498
0.601,0.940469,0.944894,0.940469,0.940469
0.602,0.940439,0.944875,0.940439,0.940439
0.603,0.94041,0.944856,0.94041,0.94041
0.604,0.94038,0.944837,0.94038,0.94038
0.605,0.94035,0.944817,0.94035,0.94035
0.606,0.940319,0.944798,0.940319,0.940319
0.607,0.940288,0.944778,0.940288,0.940288
0.608,0.940257,0.944758,0.940257,0.940257
0.609,0.940226,0.944738,0.940226,0.940226
0.61,0.940195,0.944717,0.940195,0.940195
0.611,0.940163,0.944697,0.940163,0.940163
0.612,0.940131,0.944676,0.940131,0.940131
0.613,0.940099,0.944655,0.940099,0.940099
0.614,0.940066,0.944634,0.940066,0.940066
0.615,0.940033,0.944612,0.940033,0.940033
0.616,0.94,0.944591,0.94,0.94
0.617,0.939967,0.944569,0.939967,0.939967
0.618,0.939933,0.944547,0.939933,0.939933
0.619,0.9399,0.944525,0.9399,0.9399
0.62,0.939866,0.944502,0.939866,0.939866
0.621,0.939831,0.94448,0.939831,0.939831
0.622,0.939797,0.944457,0.939797,0.939797
0.623,0.939762,0.944434,0.939762,0.939762
0.624,0.939727,0.944411,0.939727,0.939727
0.625,0.939692,0.944388,0.939692,0.939692
0.626,0.939656,0.944365,0.939656,0.939656
0.627,0.93962,0.944341,0.93962,0.93962
0.628,0.939584,0.944317,0.939584,0.939584
0.629,0.939548,0.944293,0.939548,0.939548
0.63,0.939512,0.944269,0.939512,0.939512
0.631,0.939475,0.944245,0.939475,0.939475
0.632,0.939438,0.94422,0.939438,0.939438
0.633,0.939401,0.944195,0.939401,0.939401
0.634,0.939363,0.944171,0.939363,0.939363
0.635,0.939325,0.944145,0.939325,0.939325
0.636,0.939287,0.94412,0.939287,0.939287
0.637,0.939249,0.944095,0.939249,0.939249
0.638,0.939211,0.944069,0.939211,0.939211
0.639,0.939172,0.944043,0.939172,0.939172
0.64,0.939133,0.944017,0.939133,0.939133
0.641,0.939094,0.943991,0.939094,0.939094
0.642,0.939054,0.943965,0.939054,0.939054
0.643,0.939015,0.943938,0.939015,0.939015
0.644,0.938975,0.943912,0.938975,0.938975
0.645,0.938935,0.943885,0.938935,0.938935
0.646,0.938894,0.943858,0.938894,0.938894
0.647,0.938854,0.943831,0.938854,0.938854
0.648,0.938813,0.943803,0.938813,0.938813
0.649,0.938772,0.943776,0.938772,0.938772
0.65,0.93873,0.943748,0.93873,0.93873
0.651,0.938689,0.94372,0.938689,0.938689
0.652,0.938647,0.943692,0.938647,0.938647
0.653,0.938605,0.943664,0.938605,0.938605
0.654,0.938563,0.943635,0.938563,0.938563
0.655,0.93852,0.943607,0.93852,0.93852
0.656,0.938477,0.943578,0.938477,0.938477
0.657,0.938435,0.943549,0.938435,0.938435
0.658,0.938391,0.94352,0.938391,0.938391
0.659,0.938348,0.94349,0.938348,0.938348
0.66,0.938304,0.943461,0.938304,0.938304
0.661,0.93826,0.943431,0.93826,0.93826
0.662,0.938216,0.943402,0.938216,0.938216
0.663,0.938172,0.943372,0.938172,0.938172
0.664,0.938127,0.943341,0.938127,0.938127
0.665,0.938083,0.943311,0.938083,0.938083
0.666,0.938038,0.943281,0.938038,0.938038
0.667,0.937992,0.94325,0.937992,0.937992
0.668,0.937947,0.943219,0.937947,0.937947
0.669,0.937901,0.943188,0.937901,0.937901
0.67,0.937855,0.943157,0.937855,0.937855
0.671,0.937809,0.943126,0.937809,0.937809
0.672,0.937763,0.943094,0.937763,0.937763
0.673,0.937716,0.943063,0.937716,0.937716
0.674,0.937669,0.943031,0.937669,0.937669
0.675,0.937622,0.942999,0.937622,0.937622
0.676,0.937575,0.942967,0.937575,0.937575
0.677,0.937527,0.942934,0.937527,0.937527
0.678,0.93748,0.942902,0.93748,0.93748
0.679,0.937432,0.942869,0.937432,0.937432
0.68,0.937384,0.942836,0.937384,0.937384
0.681,0.937335,0.942803,0.937335,0.937335
0.682,0.937287,0.94277,0.937287,0.937287
0.683,0.937238,0.942737,0.937238,0.937238
0.684,0.937189,0.942704,0.937189,0.937189
0.685,0.93714,0.94267,0.93714,0.93714
0.686,0.93709,0.942636,0.93709,0.93709
0.687,0.93704,0.942602,0.93704,0.93704
0.688,0.936991,0.942568,0.936991,0.936991
0.689,0.93694,0.942534,0.93694,0.93694
0.69,0.93689,0.9425,0.93689,0.93689
0.691,0.93684,0.942465,0.93684,0.93684
0.692,0.936789,0.94243,0.936789,0.936789
0.693,0.936738,0.942395,0.936738,0.936738
0.694,0.936687,0.94236,0.936687,0.936687
0.695,0.936635,0.942325,0.936635,0.936635
0.696,0.936584,0.94229,0.936584,0.936584
0.697,0.936532,0.942254,0.936532,0.936532
0.698,0.93648,0.942219,0.93648,0.93648
0.699,0.936428,0.942183,0.936428,0.936428
0.7,0.936375,0.942147,0.936375,0.936375
0.701,0.936322,0.942111,0.936322,0.936322
0.702,0.93627,0.942074,0.93627,0.93627
0.703,0.936216,0.942038,0.936216,0.936216
0.704,0.936163,0.942001,0.936163,0.936163
0.705,0.93611,0.941964,0.93611,0.93611
0.706,0.936056,0.941927,0.936056,0.936056
0.707,0.936002,0.94189,0.936002,0.936002
0.708,0.935948,0.941853,0.935948,0.935948
0.709,0.935894,0.941816,0.935894,0.935894
0.71,0.935839,0.941778,0.935839,0.935839
0.711,0.935784,0.941741,0.935784,0.935784
0.712,0.935729,0.941703,0.935729,0.935729
0.713,0.935674,0.941665,0.935674,0.935674
0.714,0.935619,0.941627,0.935619,0.935619
0.715,0.935563,0.941588,0.935563,0.935563
0.716,0.935507,0.94155,0.935507,0.935507
0.717,0.935452,0.941511,0.935452,0.935452
0.718,0.935395,0.941473,0.935395,0.935395
0.719,0.935339,0.941434,0.935339,0.935339
0.72,0.935282,0.941395,0.935282,0.935282
0.721,0.935226,0.941355,0.935226,0.935226
0.722,0.935169,0.941316,0.935169,0.935169
0.723,0.935111,0.941277,0.935111,0.935111
0.724,0.935054,0.941237,0.935054,0.935054
0.725,0.934997,0.941197,0.934997,0.934997
0.726,0.934939,0.941157,0.934939,0.934939
0.727,0.934881,0.941117,0.934881,0.934881
0.728,0.934823,0.941077,0.934823,0.934823
0.729,0.934764,0.941037,0.934764,0.934764
0.73,0.934706,0.940996,0.934706,0.934706
0.731,0.934647,0.940955,0.934647,0.934647
0.732,0.934588,0.940915,0.934588,0.934588
0.733,0.934529,0.940874,0.934529,0.934529
0.734,0.934469,0.940833,0.934469,0.934469
0.735,0.93441,0.940791,0.93441,0.93441
0.736,0.93435,0.94075,0.93435,0.93435
0.737,0.93429,0.940709,0.93429,0.93429
0.738,0.93423,0.940667,0.93423,0.93423
0.739,0.93417,0.940625,0.93417,0.93417
0.74,0.934109,0.940583,0.934109,0.934109
0.741,0.934049,0.940541,0.934049,0.934049
0.742,0.933988,0.940499,0.933988,0.933988
0.743,0.933927,0.940456,0.933927,0.933927
0.744,0.933865,0.940414,0.933865,0.933865
0.745,0.933804,0.940371,0.933804,0.933804
0.746,0.933742,0.940328,0.933742,0.933742
0.747,0.93368,0.940286,0.93368,0.93368
0.748,0.933618,0.940242,0.933618,0.933618
0.749,0.933556,0.940199,0.933556,0.933556
0.75,0.933494,0.940156,0.933494,0.933494
0.751,0.933431,0.940112,0.933431,0.933431
0.752,0.933368,0.940069,0.933368,0.933368
0.753,0.933305,0.940025,0.933305,0.933305
0.754,0.933242,0.939981,0.933242,0.933242
0.755,0.933179,0.939937,0.933179,0.933179
0.756,0.933115,0.939893,0.933115,0.933115
0.757,0.933052,0.939849,0.933052,0.933052
0.758,0.932988,0.939804,0.932988,0.932988
0.759,0.932924,0.93976,0.932924,0.932924
0.76,0.93286,0.939715,0.93286,0.93286
0.761,0.932795,0.93967,0.932795,0.932795
0.762,0.93273,0.939625,0.93273,0.93273
0.763,0.932666,0.93958,0.932666,0.932666
0.764,0.932601,0.939535,0.932601,0.932601
0.765,0.932535,0.939489,0.932535,0.932535
0.766,0.93247,0.939444,0.93247,0.93247
0.767,0.932405,0.939398,0.932405,0.932405
0.768,0.932339,0.939352,0.932339,0.932339
0.769,0.932273,0.939306,0.932273,0.932273
0.77,0.932207,0.93926,0.932207,0.932207
0.771,0.932141,0.939214,0.932141,0.932141
0.772,0.932074,0.939168,0.932074,0.932074
0.773,0.932008,0.939121,0.932008,0.932008
0.774,0.931941,0.939075,0.931941,0.931941
0.775,0.931874,0.939028,0.931874,0.931874
0.776,0.931807,0.938981,0.931807,0.931807
0.777,0.931739,0.938934,0.931739,0.931739
0.778,0.931672,0.938887,0.931672,0.931672
0.779,0.931604,0.93884,0.931604,0.931604
0.78,0.931536,0.938793,0.931536,0.931536
0.781,0.931468,0.938745,0.931468,0.931468
0.782,0.9314,0.938697,0.9314,0.9314
0.783,0.931332,0.93865,0.931332,0.931332
0.784,0.931263,0.938602,0.931263,0.931263
0.785,0.931195,0.938554,0.931195,0.931195
0.786,0.931126,0.938506,0.931126,0.931126
0.787,0.931057,0.938457,0.931057,0.931057
0.788,0.930987,0.938409,0.930987,0.930987
0.789,0.930918,0.938361,0.930918,0.930918
0.79,0.930848,0.938312,0.930848,0.930848
0.791,0.930779,0.938263,0.930779,0.930779
0.792,0.930709,0.938214,0.930709,0.930709
0.793,0.930639,0.938165,0.930639,0.930639
0.794,0.930568,0.938116,0.930568,0.930568
0.795,0.930498,0.938067,0.930498,0.930498
0.796,0.930427,0.938018,0.930427,0.930427
0.797,0.930357,0.937968,0.930357,0.930357
0.798,0.930286,0.937918,0.930286,0.930286
0.799,0.930215,0.937869,0.930215,0.930215
0.8,0.930143,0.937819,0.930143,0.930143
0.801,0.930072,0.937769,0.930072,0.930072
0.802,0.93,0.937719,0.93,0.93
0.803,0.929929,0.937668,0.929929,0.929929
0.804,0.929857,0.937618,0.929857,0.929857
0.805,0.929785,0.937568,0.929785,0.929785
0.806,0.929712,0.937517,0.929712,0.929712
0.807,0.92964,0.937466,0.92964,0.92964
0.808,0.929567,0.937415,0.929567,0.929567
0.809,0.929495,0.937364,0.929495,0.929495
0.81,0.929422,0.937313,0.929422,0.929422
0.811,0.929349,0.937262,0.929349,0.929349
0.812,0.929275,0.937211,0.929275,0.929275
0.813,0.929202,0.937159,0.929202,0.929202
0.814,0.929129,0.937108,0.929129,0.929129
0.815,0.929055,0.937056,0.929055,0.929055
0.816,0.928981,0.937004,0.928981,0.928981
0.817,0.928907,0.936952,0.928907,0.928907
0.818,0.928833,0.9369,0.928833,0.928833
0.819,0.928758,0.936848,0.928758,0.928758
0.82,0.928684,0.936796,0.928684,0.928684
0.821,0.928609,0.936744,0.928609,0.928609
0.822,0.928534,0.936691,0.928534,0.928534
0.823,0.928459,0.936639,0.928459,0.928459
0.824,0.928384,0.936586,0.928384,0.928384
0.825,0.928309,0.936533,0.928309,0.928309
0.826,0.928233,0.93648,0.928233,0.928233
0.827,0.928158,0.936427,0.928158,0.928158
0.828,0.928082,0.936374,0.928082,0.928082
0.829,0.928006,0.93632,0.928006,0.928006
0.83,0.92793,0.936267,0.92793,0.92793
0.831,0.927854,0.936213,0.927854,0.927854
0.832,0.927777,0.93616,0.927777,0.927777
0.833,0.927701,0.936106,0.927701,0.927701
0.834,0.927624,0.936052,0.927624,0.927624
0.835,0.927547,0.935998,0.927547,0.927547
0.836,0.92747,0.935944,0.92747,0.92747
0.837,0.927393,0.93589,0.927393,0.927393
0.838,0.927316,0.935836,0.927316,0.927316
0.839,0.927238,0.935781,0.927238,0.927238
0.84,0.927161,0.935727,0.927161,0.927161
0.841,0.927083,0.935672,0.927083,0.927083
0.842,0.927005,0.935617,0.927005,0.927005
0.843,0.926927,0.935562,0.926927,0.926927
0.844,0.926849,0.935507,0.926849,0.926849
0.845,0.926771,0.935452,0.926771,0.926771
0.846,0.926692,0.935397,0.926692,0.926692
0.847,0.926613,0.935342,0.926613,0.926613
0.848,0.926535,0.935286,0.926535,0.926535
0.849,0.926456,0.935231,0.926456,0.926456
0.85,0.926377,0.935175,0.926377,0.926377
0.851,0.926297,0.935119,0.926297,0.926297
0.852,0.926218,0.935064,0.926218,0.926218
0.853,0.926138,0.935008,0.926138,0.926138
0.854,0.926059,0.934952,0.926059,0.926059
0.855,0.925979,0.934895,0.925979,0.925979
0.856,0.925899,0.934839,0.925899,0.925899
0.857,0.925819,0.934783,0.925819,0.925819
0.858,0.925739,0.934726,0.925739,0.925739
0.859,0.925658,0.93467,0.925658,0.925658
0.86,0.925578,0.934613,0.925578,0.925578
0.861,0.925497,0.934556,0.925497,0.925497
0.862,0.925416,0.934499,0.925416,0.925416
0.863,0.925335,0.934442,0.925335,0.925335
0.864,0.925254,0.934385,0.925254,0.925254
0.865,0.925173,0.934328,0.925173,0.925173
0.866,0.925091,0.934271,0.925091,0.925091
0.867,0.92501,0.934213,0.92501,0.92501
0.868,0.924928,0.934156,0.924928,0.924928
0.869,0.924846,0.934098,0.924846,0.924846
0.87,0.924764,0.93404,0.924764,0.924764
0.871,0.924682,0.933983,0.924682,0.924682
0.872,0.9246,0.933925,0.9246,0.9246
0.873,0.924517,0.933867,0.924517,0.924517
0.874,0.924435,0.933808,0.924435,0.924435
0.875,0.924352,0.93375,0.924352,0.924352
0.876,0.92427,0.933692,0.92427,0.92427
0.877,0.924187,0.933633,0.924187,0.924187
0.878,0.924103,0.933575,0.924103,0.924103
0.879,0.92402,0.933516,0.92402,0.92402
0.88,0.923937,0.933457,0.923937,0.923937
0.881,0.923853,0.933399,0.923853,0.923853
0.882,0.92377,0.93334,0.92377,0.92377
0.883,0.923686,0.933281,0.923686,0.923686
0.884,0.923602,0.933221,0.923602,0.923602
0.885,0.923518,0.933162,0.923518,0.923518
0.886,0.923434,0.933103,0.923434,0.923434
0.887,0.92335,0.933043,0.92335,0.92335
0.888,0.923265,0.932984,0.923265,0.923265
0.889,0.923181,0.932924,0.923181,0.923181
0.89,0.923096,0.932865,0.923096,0.923096
0.891,0.923011,0.932805,0.923011,0.923011
0.892,0.922926,0.932745,0.922926,0.922926
0.893,0.922841,0.932685,0.922841,0.922841
0.894,0.922756,0.932625,0.922756,0.922756
0.895,0.922671,0.932565,0.922671,0.922671
0.896,0.922585,0.932504,0.922585,0.922585
0.897,0.922499,0.932444,0.922499,0.922499
0.898,0.922414,0.932383,0.922414,0.922414
0.899,0.922328,0.932323,0.922328,0.922328
0.9,0.922242,0.932262,0.922242,0.922242
0.901,0.922156,0.932201,0.922156,0.922156
0.902,0.922069,0.93214,0.922069,0.922069
0.903,0.921983,0.93208,0.921983,0.921983
0.904,0.921897,0.932018,0.921897,0.921897
0.905,0.92181,0.931957,0.92181,0.92181
0.906,0.921723,0.931896,0.921723,0.921723
0.907,0.921636,0.931835,0.921636,0.921636
0.908,0.921549,0.931773,0.921549,0.921549
0.909,0.921462,0.931712,0.921462,0.921462
0.91,0.921375,0.93165,0.921375,0.921375
0.911,0.921287,0.931588,0.921287,0.921287
0.912,0.9212,0.931527,0.9212,0.9212
0.913,0.921112,0.931465,0.921112,0.921112
0.914,0.921024,0.931403,0.921024,0.921024
0.915,0.920936,0.931341,0.920936,0.920936
0.916,0.920848,0.931279,0.920848,0.920848
0.917,0.92076,0.931216,0.92076,0.92076
0.918,0.920672,0.931154,0.920672,0.920672
0.919,0.920584,0.931092,0.920584,0.920584
0.92,0.920495,0.931029,0.920495,0.920495
0.921,0.920406,0.930967,0.920406,0.920406
0.922,0.920318,0.930904,0.920318,0.920318
0.923,0.920229,0.930841,0.920229,0.920229
0.924,0.92014,0.930778,0.92014,0.92014
0.925,0.920051,0.930715,0.920051,0.920051
0.926,0.919961,0.930652,0.919961,0.919961
0.927,0.919872,0.930589,0.919872,0.919872
0.928,0.919783,0.930526,0.919783,0.919783
0.929,0.919693,0.930463,0.919693,0.919693
0.93,0.919603,0.930399,0.919603,0.919603
0.931,0.919513,0.930336,0.919513,0.919513
0.932,0.919423,0.930272,0.919423,0.919423
0.933,0.919333,0.930208,0.919333,0.919333
0.934,0.919243,0.930145,0.919243,0.919243
0.935,0.919153,0.930081,0.919153,0.919153
0.936,0.919062,0.930017,0.919062,0.919062
0.937,0.918972,0.929953,0.918972,0.918972
0.938,0.918881,0.929889,0.918881,0.918881
0.939,0.91879,0.929825,0.91879,0.91879
0.94,0.918699,0.929761,0.918699,0.918699
0.941,0.918608,0.929696,0.918608,0.918608
0.942,0.918517,0.929632,0.918517,0.918517
0.943,0.918426,0.929567,0.918426,0.918426
0.944,0.918335,0.929503,0.918335,0.918335
0.945,0.918243,0.929438,0.918243,0.918243
0.946,0.918152,0.929373,0.918152,0.918152
0.947,0.91806,0.929309,0.91806,0.91806
0.948,0.917968,0.929244,0.917968,0.917968
0.949,0.917876,0.929179,0.917876,0.917876
0.95,0.917784,0.929114,0.917784,0.917784
0.951,0.917692,0.929048,0.917692,0.917692
0.952,0.9176,0.928983,0.9176,0.9176
0.953,0.917507,0.928918,0.917507,0.917507
0.954,0.917415,0.928852,0.917415,0.917415
0.955,0.917322,0.928787,0.917322,0.917322
0.956,0.917229,0.928721,0.917229,0.917229
0.957,0.917137,0.928656,0.917137,0.917137
0.958,0.917044,0.92859,0.917044,0.917044
0.959,0.916951,0.928524,0.916951,0.916951
0.96,0.916857,0.928458,0.916857,0.916857
0.961,0.916764,0.928392,0.916764,0.916764
0.962,0.916671,0.928326,0.916671,0.916671
0.963,0.916577,0.92826,0.916577,0.916577
0.964,0.916484,0.928194,0.916484,0.916484
0.965,0.91639,0.928128,0.91639,0.91639
0.966,0.916296,0.928062,0.916296,0.916296
0.967,0.916202,0.927995,0.916202,0.916202
0.968,0.916108,0.927929,0.916108,0.916108
0.969,0.916014,0.927862,0.916014,0.916014
0.97,0.91592,0.927795,0.91592,0.91592
0.971,0.915825,0.927729,0.915825,0.915825
0.972,0.915731,0.927662,0.915731,0.915731
0.973,0.915636,0.927595,0.915636,0.915636
0.974,0.915542,0.927528,0.915542,0.915542
0.975,0.915447,0.927461,0.915447,0.915447
0.976,0.915352,0.927394,0.915352,0.915352
0.977,0.915257,0.927327,0.915257,0.915257
0.978,0.915162,0.927259,0.915162,0.915162
0.979,0.915067,0.927192,0.915067,0.915067
0.98,0.914972,0.927125,0.914972,0.914972
0.981,0.914876,0.927057,0.914876,0.914876
0.982,0.914781,0.92699,0.914781,0.914781
0.983,0.914685,0.926922,0.914685,0.914685
0.984,0.914589,0.926854,0.914589,0.914589
0.985,0.914494,0.926786,0.914494,0.914494
0.986,0.914398,0.926719,0.914398,0.914398
0.987,0.914302,0.926651,0.914302,0.914302
0.988,0.914206,0.926583,0.914206,0.914206
0.989,0.914109,0.926515,0.914109,0.914109
0.99,0.914013,0.926446,0.914013,0.914013
0.991,0.913917,0.926378,0.913917,0.913917
0.992,0.91382,0.92631,0.91382,0.91382
0.993,0.913724,0.926242,0.913724,0.913724
0.994,0.913627,0.926173,0.913627,0.913627
0.995,0.91353,0.926105,0.91353,0.91353
0.996,0.913433,0.926036,0.913433,0.913433
0.997,0.913336,0.925967,0.913336,0.913336
0.998,0.913239,0.925899,0.913239,0.913239
0.999,0.913142,0.92583,0.913142,0.913142
1,0.913045,0.925761,0.913045,0.913045
1.001,0.912947,0.925692,0.912947,0.912947
1.002,0.91285,0.925623,0.91285,0.91285
1.003,0.912752,0.925554,0.912752,0.912752
1.004,0.912654,0.925485,0.912654,0.912654
1.005,0.912557,0.925416,0.912557,0.912557
1.006,0.912459,0.925346,0.912459,0.912459
1.007,0.912361,0.925277,0.912361,0.912361
1.008,0.912263,0.925208,0.912263,0.912263
1.009,0.912164,0.925138,0.912164,0.912164
1.01,0.912066,0.925069,0.912066,0.912066
1.011,0.911968,0.924999,0.911968,0.911968
1.012,0.911869,0.924929,0.911869,0.911869
1.013,0.911771,0.92486,0.911771,0.911771
1.014,0.911672,0.92479,0.911672,0.911672
1.015,0.911574,0.92472,0.911574,0.911574
1.016,0.911475,0.92465,0.911475,0.911475
1.017,0.911376,0.92458,0.911376,0.911376
1.018,0.911277,0.92451,0.911277,0.911277
1.019,0.911178,0.92444,0.911178,0.911178
1.02,0.911078,0.92437,0.911078,0.911078
1.021,0.910979,0.924299,0.910979,0.910979
1.022,0.91088,0.924229,0.91088,0.91088
1.023,0.91078,0.924159,0.91078,0.91078
1.024,0.910681,0.924088,0.910681,0.910681
1.025,0.910581,0.924018,0.910581,0.910581
1.026,0.910481,0.923947,0.910481,0.910481
1.027,0.910382,0.923876,0.910382,0.910382
1.028,0.910282,0.923806,0.910282,0.910282
1.029,0.910182,0.923735,0.910182,0.910182
1.03,0.910082,0.923664,0.910082,0.910082
1.031,0.909981,0.923593,0.909981,0.909981
1.032,0.909881,0.923522,0.909881,0.909881
1.033,0.909781,0.923451,0.909781,0.909781
1.034,0.90968,0.92338,0.90968,0.90968
1.035,0.90958,0.923309,0.90958,0.90958
1.036,0.909479,0.923237,0.909479,0.909479
1.037,0.909378,0.923166,0.909378,0.909378
1.038,0.909278,0.923095,0.909278,0.909278
1.039,0.909177,0.923023,0.909177,0.909177
1.04,0.909076,0.922952,0.909076,0.909076
1.041,0.908975,0.92288,0.908975,0.908975
1.042,0.908874,0.922809,0.908874,0.908874
1.043,0.908772,0.922737,0.908772,0.908772
1.044,0.908671,0.922665,0.908671,0.908671
1.045,0.90857,0.922593,0.90857,0.90857
1.046,0.908468,0.922522,0.908468,0.908468
1.047,0.908367,0.92245,0.908367,0.908367
1.048,0.908265,0.922378,0.908265,0.908265
1.049,0.908163,0.922306,0.908163,0.908163
1.05,0.908061,0.922234,0.908061,0.908061
1.051,0.907959,0.922162,0.907959,0.907959
1.052,0.907857,0.922089,0.907857,0.907857
1.053,0.907755,0.922017,0.907755,0.907755
1.054,0.907653,0.921945,0.907653,0.907653
1.055,0.907551,0.921872,0.907551,0.907551
1.056,0.907449,0.9218,0.907449,0.907449
1.057,0.907346,0.921727,0.907346,0.907346
1.058,0.907244,0.921655,0.907244,0.907244
1.059,0.907141,0.921582,0.907141,0.907141
1.06,0.907039,0.92151,0.907039,0.907039
1.061,0.906936,0.921437,0.906936,0.906936
1.062,0.906833,0.921364,0.906833,0.906833
1.063,0.90673,0.921291,0.90673,0.90673
1.064,0.906627,0.921218,0.906627,0.906627
1.065,0.906524,0.921145,0.906524,0.906524
1.066,0.906421,0.921072,0.906421,0.906421
1.067,0.906318,0.920999,0.906318,0.906318
1.068,0.906215,0.920926,0.906215,0.906215
1.069,0.906111,0.920853,0.906111,0.906111
1.07,0.906008,0.92078,0.906008,0.906008
1.071,0.905904,0.920706,0.905904,0.905904
1.072,0.905801,0.920633,0.905801,0.905801
1.073,0.905697,0.92056,0.905697,0.905697
1.074,0.905593,0.920486,0.905593,0.905593
1.075,0.90549,0.920413,0.90549,0.90549
1.076,0.905386,0.920339,0.905386,0.905386
1.077,0.905282,0.920266,0.905282,0.905282
1.078,0.905178,0.920192,0.905178,0.905178
1.079,0.905073,0.920118,0.905073,0.905073
1.08,0.904969,0.920044,0.904969,0.904969
1.081,0.904865,0.919971,0.904865,0.904865
1.082,0.904761,0.919897,0.904761,0.904761
1.083,0.904656,0.919823,0.904656,0.904656
1.084,0.904552,0.919749,0.904552,0.904552
1.085,0.904447,0.919675,0.904447,0.904447
1.086,0.904342,0.919601,0.904342,0.904342
1.087,0.904238,0.919527,0.904238,0.904238
1.088,0.904133,0.919452,0.904133,0.904133
1.089,0.904028,0.919378,0.904028,0.904028
1.09,0.903923,0.919304,0.903923,0.903923
1.091,0.903818,0.919229,0.903818,0.903818
1.092,0.903713,0.919155,0.903713,0.903713
1.093,0.903608,0.919081,0.903608,0.903608
1.094,0.903503,0.919006,0.903503,0.903503
1.095,0.903397,0.918932,0.903397,0.903397
1.096,0.903292,0.918857,0.903292,0.903292
1.097,0.903186,0.918782,0.903186,0.903186
1.098,0.903081,0.918708,0.903081,0.903081
1.099,0.902975,0.918633,0.902975,0.902975
1.1,0.90287,0.918558,0.90287,0.90287
1.101,0.902764,0.918483,0.902764,0.902764
1.102,0.902658,0.918408,0.902658,0.902658
1.103,0.902552,0.918333,0.902552,0.902552
1.104,0.902446,0.918258,0.902446,0.902446
1.105,0.90234,0.918183,0.90234,0.90234
1.106,0.902234,0.918108,0.902234,0.902234
1.107,0.902128,0.918033,0.902128,0.902128
1.108,0.902022,0.917958,0.902022,0.902022
1.109,0.901916,0.917883,0.901916,0.901916
1.11,0.901809,0.917807,0.901809,0.901809
1.111,0.901703,0.917732,0.901703,0.901703
1.112,0.901596,0.917657,0.901596,0.901596
1.113,0.90149,0.917581,0.90149,0.90149
1.114,0.901383,0.917506,0.901383,0.901383
1.115,0.901276,0.91743,0.901276,0.901276
1.116,0.90117,0.917355,0.90117,0.90117
1.117,0.901063,0.917279,0.901063,0.901063
1.118,0.900956,0.917203,0.900956,0.900956
1.119,0.900849,0.917128,0.900849,0.900849
1.12,0.900742,0.917052,0.900742,0.900742
1.121,0.900635,0.916976,0.900635,0.900635
1.122,0.900528,0.9169,0.900528,0.900528
1.123,0.90042,0.916824,0.90042,0.90042
1.124,0.900313,0.916748,0.900313,0.900313
1.125,0.900206,0.916672,0.900206,0.900206
1.126,0.900098,0.916596,0.900098,0.900098
1.127,0.899991,0.91652,0.899991,0.899991
1.128,0.899883,0.916444,0.899883,0.899883
1.129,0.899776,0.916368,0.899776,0.899776
1.13,0.899668,0.916292,0.899668,0.899668
1.131,0.89956,0.916216,0.89956,0.89956
1.132,0.899452,0.916139,0.899452,0.899452
1.133,0.899345,0.916063,0.899345,0.899345
1.134,0.899237,0.915987,0.899237,0.899237
1.135,0.899129,0.91591,0.899129,0.899129
1.136,0.899021,0.915834,0.899021,0.899021
1.137,0.898913,0.915757,0.898913,0.898913
1.138,0.898804,0.915681,0.898804,0.898804
1.139,0.898696,0.915604,0.898696,0.898696
1.14,0.898588,0.915527,0.898588,0.898588
1.141,0.898479,0.915451,0.898479,0.898479
1.142,0.898371,0.915374,0.898371,0.898371
1.143,0.898263,0.915297,0.898263,0.898263
1.144,0.898154,0.91522,0.898154,0.898154
1.145,0.898045,0.915144,0.898045,0.898045
1.146,0.897937,0.915067,0.897937,0.897937
1.147,0.897828,0.91499,0.897828,0.897828
1.148,0.897719,0.914913,0.897719,0.897719
1.149,0.89761,0.914836,0.89761,0.89761
1.15,0.897502,0.914759,0.897502,0.897502
1.151,0.897393,0.914682,0.897393,0.897393
1.152,0.897284,0.914605,0.897284,0.897284
1.153,0.897175,0.914527,0.897175,0.897175
1.154,0.897065,0.91445,0.897065,0.897065
1.155,0.896956,0.914373,0.896956,0.896956
1.156,0.896847,0.914296,0.896847,0.896847
1.157,0.896738,0.914218,0.896738,0.896738
1.158,0.896628,0.914141,0.896628,0.896628
1.159,0.896519,0.914064,0.896519,0.896519
1.16,0.896409,0.913986,0.896409,0.896409
1.161,0.8963,0.913909,0.8963,0.8963
1.162,0.89619,0.913831,0.89619,0.89619
1.163,0.896081,0.913754,0.896081,0.896081
1.164,0.895971,0.913676,0.895971,0.895971
1.165,0.895861,0.913598,0.895861,0.895861
1.166,0.895751,0.913521,0.895751,0.895751
1.167,0.895642,0.913443,0.895642,0.895642
1.168,0.895532,0.913365,0.895532,0.895532
1.169,0.895422,0.913287,0.895422,0.895422
1.17,0.895312,0.91321,0.895314,0.895312
1.171,0.895202,0.913132,0.895212,0.895202
1.172,0.895091,0.913054,0.895115,0.895091
1.173,0.894981,0.912976,0.895025,0.894981
1.174,0.894871,0.912898,0.89494,0.894871
1.175,0.894761,0.91282,0.894861,0.894761
1.176,0.89465,0.912742,0.894786,0.89465
1.177,0.89454,0.912664,0.894717,0.89454
1.178,0.894429,0.912586,0.894653,0.894429
1.179,0.894319,0.912508,0.894593,0.894319
1.18,0.894208,0.912429,0.894539,0.894208
1.181,0.894098,0.912351,0.894488,0.894098
1.182,0.893987,0.912273,0.894442,0.893987
1.183,0.893876,0.912195,0.8944,0.893876
1.184,0.893766,0.912116,0.894362,0.893766
1.185,0.893655,0.912038,0.894328,0.893655
1.186,0.893544,0.91196,0.894298,0.893544
1.187,0.893433,0.911881,0.894272,0.893433
1.188,0.893322,0.911803,0.894249,0.893322
1.189,0.893211,0.911724,0.89423,0.893211
1.19,0.8931,0.911646,0.894214,0.8931
1.191,0.892989,0.911567,0.894201,0.892989
1.192,0.892878,0.911488,0.894191,0.892878
1.193,0.892766,0.91141,0.894185,0.892766
1.194,0.892655,0.911331,0.894181,0.892655
1.195,0.892544,0.911252,0.89418,0.892544
1.196,0.892433,0.911174,0.894182,0.892433
1.197,0.892321,0.911095,0.894187,0.892321
1.198,0.89221,0.911016,0.894194,0.89221
1.199,0.892098,0.910937,0.894203,0.892098
1.2,0.891987,0.910859,0.894215,0.891987
1.201,0.891875,0.91078,0.89423,0.891875
1.202,0.891763,0.910701,0.894246,0.891763
1.203,0.891652,0.910622,0.894265,0.891652
1.204,0.89154,0.910543,0.894285,0.89154
1.205,0.891428,0.910464,0.894308,0.891428
1.206,0.891316,0.910385,0.894333,0.891316
1.207,0.891204,0.910306,0.894359,0.891204
1.208,0.891092,0.910227,0.894388,0.891092
1.209,0.89098,0.910147,0.894417,0.89098
1.21,0.890868,0.910068,0.894449,0.890868
1.211,0.890756,0.909989,0.894482,0.890756
1.212,0.890644,0.90991,0.894517,0.890644
1.213,0.890532,0.909831,0.894553,0.890532
1.214,0.89042,0.909751,0.894591,0.89042
1.215,0.890308,0.909672,0.89463,0.890308
1.216,0.890195,0.909593,0.894671,0.890195
1.217,0.890083,0.909513,0.894712,0.890083
1.218,0.889971,0.909434,0.894755,0.889971
1.219,0.889858,0.909354,0.894799,0.889858
1.22,0.889746,0.909275,0.894844,0.889746
1.221,0.889633,0.909195,0.89489,0.889633
1.222,0.889521,0.909116,0.894938,0.889521
1.223,0.889408,0.909036,0.894986,0.889408
1.224,0.889295,0.908957,0.895035,0.889295
1.225,0.889183,0.908877,0.895085,0.889183
1.226,0.88907,0.908797,0.895136,0.88907
1.227,0.888957,0.908718,0.895188,0.888957
1.228,0.888844,0.908638,0.89524,0.888844
1.229,0.888731,0.908558,0.895294,0.888731
1.23,0.888619,0.908479,0.895348,0.888619
1.231,0.888506,0.908399,0.895402,0.888506
1.232,0.888393,0.908319,0.895458,0.888393
1.233,0.88828,0.908239,0.895514,0.88828
1.234,0.888166,0.908159,0.89557,0.888166
1.235,0.888053,0.908079,0.895627,0.888053
1.236,0.88794,0.908,0.895685,0.88794
1.237,0.887827,0.90792,0.895743,0.887827
1.238,0.887714,0.90784,0.895802,0.887714
1.239,0.887601,0.90776,0.895861,0.887601
1.24,0.887487,0.90768,0.89592,0.887487
1.241,0.887374,0.9076,0.89598,0.887374
1.242,0.88726,0.90752,0.89604,0.88726
1.243,0.887147,0.907439,0.896101,0.887147
1.244,0.887034,0.907359,0.896162,0.887034
1.245,0.88692,0.907279,0.896223,0.88692
1.246,0.886806,0.907199,0.896285,0.886806
1.247,0.886693,0.907119,0.896346,0.886693
1.248,0.886579,0.907039,0.896408,0.886579
1.249,0.886466,0.906958,0.896471,0.886466
1.25,0.886352,0.906878,0.896533,0.886352
1.251,0.886238,0.906798,0.896596,0.886238
1.252,0.886124,0.906717,0.896659,0.886124
1.253,0.886011,0.906637,0.896722,0.886011
1.254,0.885897,0.906557,0.896785,0.885897
1.255,0.885783,0.906476,0.896848,0.885783
1.256,0.885669,0.906396,0.896911,0.885669
1.257,0.885555,0.906316,0.896975,0.885555
1.258,0.885441,0.906235,0.897038,0.885441
1.259,0.885327,0.906155,0.897102,0.885327
1.26,0.885213,0.906074,0.897166,0.885213
1.261,0.885099,0.905994,0.897229,0.885099
1.262,0.884985,0.905913,0.897293,0.884985
1.263,0.88487,0.905832,0.897357,0.88487
1.264,0.884756,0.905752,0.897421,0.884756
1.265,0.884642,0.905671,0.897485,0.884642
1.266,0.884528,0.905591,0.897548,0.884528
1.267,0.884413,0.90551,0.897612,0.884413
1.268,0.884299,0.905429,0.897676,0.884299
1.269,0.884185,0.905348,0.89774,0.884185
1.27,0.88407,0.905268,0.897803,0.88407
1.271,0.883956,0.905187,0.897867,0.883956
1.272,0.883841,0.905106,0.89793,0.883841
1.273,0.883727,0.905025,0.897994,0.883727
1.274,0.883612,0.904945,0.898057,0.883612
1.275,0.883497,0.904864,0.898121,0.883497
1.276,0.883383,0.904783,0.898184,0.883383
1.277,0.883268,0.904702,0.898247,0.883268
1.278,0.883154,0.904621,0.89831,0.883154
1.279,0.883039,0.90454,0.898373,0.883039
1.28,0.882924,0.904459,0.898436,0.882924
1.281,0.882809,0.904378,0.898498,0.882809
1.282,0.882694,0.904297,0.898561,0.882694
1.283,0.88258,0.904216,0.898623,0.88258
1.284,0.882465,0.904135,0.898686,0.882465
1.285,0.88235,0.904054,0.898748,0.88235
1.286,0.882235,0.903973,0.89881,0.882235
1.287,0.88212,0.903892,0.898872,0.88212
1.288,0.882005,0.903811,0.898933,0.882005
1.289,0.88189,0.90373,0.898995,0.88189
1.29,0.881775,0.903649,0.899056,0.881775
1.291,0.88166,0.903568,0.899118,0.88166
1.292,0.881544,0.903486,0.899179,0.881544
1.293,0.881429,0.903405,0.899239,0.881429
1.294,0.881314,0.903324,0.8993,0.881314
1.295,0.881199,0.903243,0.899361,0.881199
1.296,0.881084,0.903162,0.899421,0.881084
1.297,0.880968,0.90308,0.899481,0.880968
1.298,0.880853,0.902999,0.899541,0.880853
1.299,0.880738,0.902918,0.899601,0.880738
1.3,0.880622,0.902836,0.899661,0.880622
1.301,0.880507,0.902755,0.89972,0.880507
1.302,0.880391,0.902674,0.899779,0.880391
1.303,0.880276,0.902592,0.899838,0.880276
1.304,0.88016,0.902511,0.899897,0.88016
1.305,0.880045,0.90243,0.899956,0.880045
1.306,0.879929,0.902348,0.900014,0.879929
1.307,0.879814,0.902267,0.900073,0.879814
1.308,0.879698,0.902185,0.900131,0.879698
1.309,0.879583,0.902104,0.900189,0.879583
1.31,0.879467,0.902022,0.900246,0.879467
1.311,0.879351,0.901941,0.900304,0.879351
1.312,0.879236,0.901859,0.900361,0.879236
1.313,0.87912,0.901778,0.900418,0.87912
1.314,0.879004,0.901696,0.900475,0.879004
1.315,0.878888,0.901615,0.900532,0.878888
1.316,0.878772,0.901533,0.900588,0.878772
1.317,0.878657,0.901451,0.900645,0.878657
1.318,0.878541,0.90137,0.900701,0.878541
1.319,0.878425,0.901288,0.900757,0.878425
1.32,0.878309,0.901207,0.900812,0.878309
1.321,0.878193,0.901125,0.900868,0.878193
1.322,0.878077,0.901043,0.900923,0.878077
1.323,0.877961,0.900962,0.900978,0.877961
1.324,0.877845,0.90088,0.901033,0.877845
1.325,0.877729,0.900798,0.901088,0.877729
1.326,0.877613,0.900716,0.901142,0.877613
1.327,0.877497,0.900635,0.901196,0.877497
1.328,0.877381,0.900553,0.90125,0.877381
1.329,0.877265,0.900471,0.901304,0.877265
1.33,0.877148,0.900389,0.901358,0.877148
1.331,0.877032,0.900308,0.901411,0.877032
1.332,0.876916,0.900226,0.901465,0.876916
1.333,0.8768,0.900144,0.901518,0.8768
1.334,0.876684,0.900062,0.901571,0.876684
1.335,0.876567,0.89998,0.901623,0.876567
1.336,0.876451,0.899898,0.901676,0.876451
1.337,0.876335,0.899817,0.901728,0.876335
1.338,0.876218,0.899735,0.90178,0.876218
1.339,0.876102,0.899653,0.901832,0.876102
1.34,0.875986,0.899571,0.901884,0.875986
1.341,0.875869,0.899489,0.901935,0.875869
1.342,0.875753,0.899407,0.901987,0.875753
1.343,0.875636,0.899325,0.902038,0.875636
1.344,0.87552,0.899243,0.902089,0.87552
1.345,0.875403,0.899161,0.90214,0.875403
1.346,0.875287,0.899079,0.90219,0.875287
1.347,0.87517,0.898997,0.902241,0.87517
1.348,0.875054,0.898915,0.902291,0.875054
1.349,0.874937,0.898833,0.902341,0.874937
1.35,0.87482,0.898751,0.902391,0.87482
1.351,0.874704,0.898669,0.902441,0.874704
1.352,0.874587,0.898587,0.90249,0.874587
1.353,0.87447,0.898505,0.902539,0.87447
1.354,0.874354,0.898423,0.902589,0.874354
1.355,0.874237,0.898341,0.902638,0.874237
1.356,0.87412,0.898259,0.902686,0.87412
1.357,0.874004,0.898177,0.902735,0.874004
1.358,0.873887,0.898094,0.902783,0.873887
1.359,0.87377,0.898012,0.902832,0.87377
1.36,0.873653,0.89793,0.90288,0.873653
1.361,0.873536,0.897848,0.902928,0.873536
1.362,0.873419,0.897766,0.902976,0.873419
1.363,0.873303,0.897684,0.903023,0.873303
1.364,0.873186,0.897602,0.903071,0.873186
1.365,0.873069,0.897519,0.903118,0.873069
1.366,0.872952,0.897437,0.903165,0.872952
1.367,0.872835,0.897355,0.903212,0.872835
1.368,0.872718,0.897273,0.903259,0.872718
1.369,0.872601,0.897191,0.903306,0.872601
1.37,0.872484,0.897108,0.903352,0.872486
1.371,0.872367,0.897026,0.903398,0.872379
1.372,0.87225,0.896944,0.903445,0.872279
1.373,0.872133,0.896862,0.903491,0.872186
1.374,0.872016,0.896779,0.903536,0.872099
1.375,0.871899,0.896697,0.903582,0.872019
1.376,0.871782,0.896615,0.903628,0.871946
1.377,0.871665,0.896532,0.903673,0.871878
1.378,0.871547,0.89645,0.903718,0.871816
1.379,0.87143,0.896368,0.903763,0.871761
1.38,0.871313,0.896286,0.903808,0.87171
1.381,0.871196,0.896203,0.903853,0.871666
1.382,0.871079,0.896121,0.903898,0.871626
1.383,0.870962,0.896039,0.903943,0.871591
1.384,0.870844,0.895956,0.903987,0.871562
1.385,0.870727,0.895874,0.904031,0.871537
1.386,0.87061,0.895792,0.904075,0.871517
1.387,0.870493,0.895709,0.904119,0.871501
1.388,0.870375,0.895627,0.904163,0.871489
1.389,0.870258,0.895544,0.904207,0.871482
1.39,0.870141,0.895462,0.90425,0.871479
1.391,0.870023,0.89538,0.904294,0.871479
1.392,0.869906,0.895297,0.904337,0.871484
1.393,0.869789,0.895215,0.90438,0.871492
1.394,0.869671,0.895132,0.904423,0.871503
1.395,0.869554,0.89505,0.904466,0.871518
1.396,0.869437,0.894968,0.904509,0.871536
1.397,0.869319,0.894885,0.904552,0.871558
1.398,0.869202,0.894803,0.904594,0.871582
1.399,0.869084,0.89472,0.904637,0.871609
1.4,0.868967,0.894638,0.904679,0.87164
1.401,0.868849,0.894556,0.904721,0.871673
1.402,0.868732,0.894473,0.904763,0.871708
1.403,0.868614,0.894391,0.904805,0.871747
1.404,0.868497,0.894308,0.904847,0.871787
1.405,0.868379,0.894226,0.904889,0.87183
1.406,0.868262,0.894143,0.90493,0.871876
1.407,0.868144,0.894061,0.904972,0.871923
1.408,0.868027,0.893978,0.905013,0.871973
1.409,0.867909,0.893896,0.905054,0.872025
1.41,0.867792,0.893813,0.905096,0.872079
1.411,0.867674,0.893731,0.905137,0.872134
1.412,0.867556,0.893648,0.905177,0.872192
1.413,0.867439,0.893566,0.905218,0.872251
1.414,0.867321,0.893483,0.905259,0.872312
1.415,0.867204,0.893401,0.9053,0.872375
1.416,0.867086,0.893318,0.90534,0.872439
1.417,0.866968,0.893236,0.90538,0.872504
1.418,0.866851,0.893153,0.905421,0.872571
1.419,0.866733,0.893071,0.905461,0.87264
1.42,0.866615,0.892988,0.905501,0.87271
1.421,0.866498,0.892906,0.905541,0.872781
1.422,0.86638,0.892823,0.905581,0.872853
1.423,0.866262,0.892741,0.90562,0.872926
1.424,0.866144,0.892658,0.90566,0.873001
1.425,0.866027,0.892576,0.9057,0.873076
1.426,0.865909,0.892493,0.905739,0.873153
1.427,0.865791,0.892411,0.905778,0.87323
1.428,0.865673,0.892328,0.905818,0.873309
1.429,0.865556,0.892245,0.905857,0.873388
1.43,0.865438,0.892163,0.905896,0.873468
1.431,0.86532,0.89208,0.905935,0.873549
1.432,0.865202,0.891998,0.905974,0.873631
1.433,0.865084,0.891915,0.906012,0.873713
1.434,0.864967,0.891833,0.906051,0.873796
1.435,0.864849,0.89175,0.90609,0.87388
1.436,0.864731,0.891668,0.906128,0.873964
1.437,0.864613,0.891585,0.906167,0.874049
1.438,0.864495,0.891502,0.906205,0.874135
1.439,0.864377,0.89142,0.906243,0.874221
1.44,0.86426,0.891337,0.906281,0.874307
1.441,0.864142,0.891255,0.906319,0.874394
1.442,0.864024,0.891172,0.906357,0.874481
1.443,0.863906,0.89109,0.906395,0.874569
1.444,0.863788,0.891007,0.906433,0.874657
1.445,0.86367,0.890924,0.906471,0.874746
1.446,0.863552,0.890842,0.906508,0.874834
1.447,0.863434,0.890759,0.906546,0.874923
1.448,0.863316,0.890677,0.906583,0.875013
1.449,0.863198,0.890594,0.906621,0.875102
1.45,0.863081,0.890512,0.906658,0.875192
1.451,0.862963,0.890429,0.906695,0.875282
1.452,0.862845,0.890347,0.906733,0.875372
1.453,0.862727,0.890264,0.90677,0.875462
1.454,0.862609,0.890181,0.906807,0.875553
1.455,0.862491,0.890099,0.906844,0.875644
1.456,0.862373,0.890016,0.90688,0.875734
1.457,0.862255,0.889934,0.906917,0.875825
1.458,0.862137,0.889851,0.906954,0.875916
1.459,0.862019,0.889769,0.90699,0.876007
1.46,0.861901,0.889686,0.907027,0.876098
1.461,0.861783,0.889603,0.907063,0.876189
1.462,0.861665,0.889521,0.9071,0.87628
1.463,0.861547,0.889438,0.907136,0.876371
1.464,0.861429,0.889356,0.907172,0.876462
1.465,0.861311,0.889273,0.907209,0.876553
1.466,0.861193,0.889191,0.907245,0.876644
1.467,0.861075,0.889108,0.907281,0.876735
1.468,0.860957,0.889026,0.907317,0.876826
1.469,0.860839,0.888943,0.907353,0.876916
1.47,0.860721,0.88886,0.907389,0.877007
1.471,0.860603,0.888778,0.907424,0.877098
1.472,0.860485,0.888695,0.90746,0.877188
1.473,0.860367,0.888613,0.907496,0.877279
1.474,0.860249,0.88853,0.907531,0.877369
1.475,0.860131,0.888448,0.907567,0.877459
1.476,0.860012,0.888365,0.907602,0.877549
1.477,0.859894,0.888283,0.907637,0.877639
1.478,0.859776,0.8882,0.907673,0.877729
1.479,0.859658,0.888118,0.907708,0.877818
1.48,0.85954,0.888035,0.907743,0.877908
1.481,0.859422,0.887953,0.907778,0.877997
1.482,0.859304,0.88787,0.907813,0.878086
1.483,0.859186,0.887788,0.907848,0.878175
1.484,0.859068,0.887705,0.907883,0.878264
1.485,0.85895,0.887623,0.907918,0.878352
1.486,0.858832,0.88754,0.907953,0.878441
1.487,0.858714,0.887458,0.907988,0.878529
1.488,0.858596,0.887375,0.908022,0.878617
1.489,0.858478,0.887293,0.908057,0.878704
1.49,0.858359,0.88721,0.908091,0.878792
1.491,0.858241,0.887128,0.908126,0.878879
1.492,0.858123,0.887045,0.90816,0.878966
1.493,0.858005,0.886963,0.908195,0.879053
1.494,0.857887,0.88688,0.908229,0.87914
1.495,0.857769,0.886798,0.908263,0.879226
1.496,0.857651,0.886715,0.908298,0.879312
1.497,0.857533,0.886633,0.908332,0.879398
1.498,0.857415,0.88655,0.908366,0.879484
1.499,0.857297,0.886468,0.9084,0.879569
1.5,0.857179,0.886385,0.908434,0.879655
1.501,0.857061,0.886303,0.908468,0.87974
1.502,0.856942,0.886221,0.908502,0.879824
1.503,0.856824,0.886138,0.908535,0.879909
1.504,0.856706,0.886056,0.908569,0.879993
1.505,0.856588,0.885973,0.908603,0.880077
1.506,0.85647,0.885891,0.908636,0.880161
1.507,0.856352,0.885808,0.90867,0.880244
1.508,0.856234,0.885726,0.908704,0.880327
1.509,0.856116,0.885644,0.908737,0.88041
1.51,0.855998,0.885561,0.90877,0.880493
1.511,0.85588,0.885479,0.908804,0.880575
1.512,0.855762,0.885397,0.908837,0.880658
1.513,0.855643,0.885314,0.90887,0.880739
1.514,0.855525,0.885232,0.908904,0.880821
1.515,0.855407,0.885149,0.908937,0.880903
1.516,0.855289,0.885067,0.90897,0.880984
1.517,0.855171,0.884985,0.909003,0.881065
1.518,0.855053,0.884902,0.909036,0.881145
1.519,0.854935,0.88482,0.909069,0.881226
1.52,0.854817,0.884738,0.909102,0.881306
1.521,0.854699,0.884655,0.909135,0.881385
1.522,0.854581,0.884573,0.909168,0.881465
1.523,0.854463,0.884491,0.9092,0.881544
1.524,0.854345,0.884409,0.909233,0.881623
1.525,0.854227,0.884326,0.909266,0.881702
1.526,0.854109,0.884244,0.909298,0.881781
1.527,0.853991,0.884162,0.909331,0.881859
1.528,0.853873,0.884079,0.909364,0.881937
1.529,0.853754,0.883997,0.909396,0.882015
1.53,0.853636,0.883915,0.909428,0.882093
1.531,0.853518,0.883833,0.909461,0.88217
1.532,0.8534,0.88375,0.909493,0.882247
1.533,0.853282,0.883668,0.909525,0.882324
1.534,0.853164,0.883586,0.909558,0.8824
1.535,0.853046,0.883504,0.90959,0.882476
1.536,0.852928,0.883422,0.909622,0.882552
1.537,0.85281,0.883339,0.909654,0.882628
1.538,0.852692,0.883257,0.909686,0.882704
1.539,0.852574,0.883175,0.909718,0.882779
1.54,0.852456,0.883093,0.90975,0.882854
1.541,0.852338,0.883011,0.909782,0.882929
1.542,0.85222,0.882928,0.909814,0.883003
1.543,0.852102,0.882846,0.909846,0.883078
1.544,0.851984,0.882764,0.909878,0.883152
1.545,0.851866,0.882682,0.909909,0.883226
1.546,0.851748,0.8826,0.909941,0.883299
1.547,0.85163,0.882518,0.909973,0.883373
1.548,0.851512,0.882436,0.910004,0.883446
1.549,0.851394,0.882354,0.910036,0.883519
1.55,0.851277,0.882271,0.910068,0.883591
1.551,0.851159,0.882189,0.910099,0.883664
1.552,0.851041,0.882107,0.91013,0.883736
1.553,0.850923,0.882025,0.910162,0.883808
1.554,0.850805,0.881943,0.910193,0.88388
1.555,0.850687,0.881861,0.910225,0.883951
1.556,0.850569,0.881779,0.910256,0.884023
1.557,0.850451,0.881697,0.910287,0.884094
1.558,0.850333,0.881615,0.910318,0.884164
1.559,0.850215,0.881533,0.910349,0.884235
1.56,0.850097,0.881451,0.910381,0.884306
1.561,0.849979,0.881369,0.910412,0.884376
1.562,0.849862,0.881287,0.910443,0.884446
1.563,0.849744,0.881205,0.910474,0.884516
1.564,0.849626,0.881123,0.910505,0.884585
1.565,0.849508,0.881041,0.910535,0.884654
1.566,0.84939,0.880959,0.910566,0.884724
1.567,0.849272,0.880877,0.910597,0.884793
1.568,0.849155,0.880796,0.910628,0.884861
1.569,0.849037,0.880714,0.910659,0.88493
1.57,0.848919,0.880632,0.910689,0.884998
1.571,0.848801,0.88055,0.91072,0.885066
1.572,0.848683,0.880468,0.910751,0.885134
1.573,0.848565,0.880386,0.910781,0.885202
1.574,0.848448,0.880304,0.910812,0.885269
1.575,0.84833,0.880223,0.910842,0.885337
1.576,0.848212,0.880141,0.910873,0.885404
1.577,0.848094,0.880059,0.910903,0.885471
1.578,0.847977,0.879977,0.910934,0.885538
1.579,0.847859,0.879895,0.910964,0.885604
1.58,0.847741,0.879814,0.910994,0.885671
1.581,0.847623,0.879732,0.911024,0.885737
1.582,0.847506,0.87965,0.911055,0.885803
1.583,0.847388,0.879568,0.911085,0.885869
1.584,0.84727,0.879487,0.911115,0.885934
1.585,0.847153,0.879405,0.911145,0.886
1.586,0.847035,0.879323,0.911175,0.886065
1.587,0.846917,0.879242,0.911205,0.88613
1.588,0.8468,0.87916,0.911235,0.886195
1.589,0.846682,0.879078,0.911265,0.88626
1.59,0.846564,0.878997,0.911295,0.886324
1.591,0.846447,0.878915,0.911325,0.886389
1.592,0.846329,0.878833,0.911355,0.886453
1.593,0.846211,0.878752,0.911385,0.886517
1.594,0.846094,0.87867,0.911415,0.886581
1.595,0.845976,0.878588,0.911444,0.886645
1.596,0.845859,0.878507,0.911474,0.886708
1.597,0.845741,0.878425,0.911504,0.886772
1.598,0.845623,0.878344,0.911533,0.886835
1.599,0.845506,0.878262,0.911563,0.886898
1.6,0.845388,0.878181,0.911592,0.886961
1.601,0.845271,0.878099,0.911622,0.887024
1.602,0.845153,0.878018,0.911651,0.887086
1.603,0.845036,0.877936,0.911681,0.887149
1.604,0.844918,0.877855,0.91171,0.887211
1.605,0.844801,0.877773,0.91174,0.887273
1.606,0.844683,0.877692,0.911769,0.887335
1.607,0.844566,0.87761,0.911798,0.887397
1.608,0.844448,0.877529,0.911828,0.887459
1.609,0.844331,0.877448,0.911857,0.88752
1.61,0.844214,0.877366,0.911886,0.887582
1.611,0.844096,0.877285,0.911915,0.887643
1.612,0.843979,0.877204,0.911944,0.887704
1.613,0.843861,0.877122,0.911973,0.887765
1.614,0.843744,0.877041,0.912003,0.887826
1.615,0.843627,0.87696,0.912032,0.887886
1.616,0.843509,0.876878,0.912061,0.887947
1.617,0.843392,0.876797,0.912089,0.888007
1.618,0.843275,0.876716,0.912118,0.888067
1.619,0.843157,0.876634,0.912147,0.888128
1.62,0.84304,0.876553,0.912176,0.888188
1.621,0.842923,0.876472,0.912205,0.888247
1.622,0.842805,0.876391,0.912234,0.888307
1.623,0.842688,0.87631,0.912262,0.888367
1.624,0.842571,0.876228,0.912291,0.888426
1.625,0.842454,0.876147,0.91232,0.888485
1.626,0.842336,0.876066,0.912349,0.888544
1.627,0.842219,0.875985,0.912377,0.888604
1.628,0.842102,0.875904,0.912406,0.888662
1.629,0.841985,0.875823,0.912434,0.888721
1.63,0.841868,0.875742,0.912463,0.88878
1.631,0.84175,0.875661,0.912491,0.888838
1.632,0.841633,0.875579,0.91252,0.888897
1.633,0.841516,0.875498,0.912548,0.888955
1.634,0.841399,0.875417,0.912576,0.889013
1.635,0.841282,0.875336,0.912605,0.889071
1.636,0.841165,0.875255,0.912633,0.889129
1.637,0.841048,0.875174,0.912661,0.889187
1.638,0.840931,0.875093,0.91269,0.889245
1.639,0.840814,0.875013,0.912718,0.889302
1.64,0.840696,0.874932,0.912746,0.88936
1.641,0.840579,0.874851,0.912774,0.889417
1.642,0.840462,0.87477,0.912802,0.889474
1.643,0.840345,0.874689,0.91283,0.889531
1.644,0.840228,0.874608,0.912858,0.889588
1.645,0.840111,0.874527,0.912886,0.889645
1.646,0.839995,0.874446,0.912914,0.889702
1.647,0.839878,0.874366,0.912942,0.889759
1.648,0.839761,0.874285,0.91297,0.889815
1.649,0.839644,0.874204,0.912998,0.889872
1.65,0.839527,0.874123,0.913026,0.889928
1.651,0.83941,0.874042,0.913054,0.889984
1.652,0.839293,0.873962,0.913082,0.89004
1.653,0.839176,0.873881,0.913109,0.890096
1.654,0.839059,0.8738,0.913137,0.890152
1.655,0.838943,0.87372,0.913165,0.890208
1.656,0.838826,0.873639,0.913192,0.890264
1.657,0.838709,0.873558,0.91322,0.890319
1.658,0.838592,0.873478,0.913248,0.890375
1.659,0.838476,0.873397,0.913275,0.89043
1.66,0.838359,0.873316,0.913303,0.890485
1.661,0.838242,0.873236,0.91333,0.890541
1.662,0.838125,0.873155,0.913358,0.890596
1.663,0.838009,0.873075,0.913385,0.890651
1.664,0.837892,0.872994,0.913412,0.890706
1.665,0.837775,0.872914,0.91344,0.89076
1.666,0.837659,0.872833,0.913467,0.890815
1.667,0.837542,0.872753,0.913494,0.89087
1.668,0.837425,0.872672,0.913522,0.890924
1.669,0.837309,0.872592,0.913549,0.890979
1.67,0.837192,0.872512,0.913576,0.891033
1.671,0.837076,0.872431,0.913603,0.891087
1.672,0.836959,0.872351,0.913631,0.891141
1.673,0.836843,0.87227,0.913658,0.891195
1.674,0.836726,0.87219,0.913685,0.891249
1.675,0.83661,0.87211,0.913712,0.891303
1.676,0.836493,0.872029,0.913739,0.891357
1.677,0.836377,0.871949,0.913766,0.89141
1.678,0.83626,0.871869,0.913793,0.891464
1.679,0.836144,0.871789,0.91382,0.891517
1.68,0.836028,0.871708,0.913847,0.891571
1.681,0.835911,0.871628,0.913873,0.891624
1.682,0.835795,0.871548,0.9139,0.891677
1.683,0.835678,0.871468,0.913927,0.891731
1.684,0.835562,0.871388,0.913954,0.891784
1.685,0.835446,0.871308,0.913981,0.891837
1.686,0.835329,0.871227,0.914007,0.891889
1.687,0.835213,0.871147,0.914034,0.891942
1.688,0.835097,0.871067,0.914061,0.891995
1.689,0.834981,0.870987,0.914087,0.892048
1.69,0.834865,0.870907,0.914114,0.8921
1.691,0.834748,0.870827,0.91414,0.892153
1.692,0.834632,0.870747,0.914167,0.892205
1.693,0.834516,0.870667,0.914194,0.892257
1.694,0.8344,0.870587,0.91422,0.892309
1.695,0.834284,0.870507,0.914246,0.892362
1.696,0.834168,0.870427,0.914273,0.892414
1.697,0.834051,0.870347,0.914299,0.892466
1.698,0.833935,0.870268,0.914326,0.892517
1.699,0.833819,0.870188,0.914352,0.892569
1.7,0.833703,0.870108,0.914378,0.892621
1.701,0.833587,0.870028,0.914404,0.892673
1.702,0.833471,0.869948,0.914431,0.892724
1.703,0.833355,0.869868,0.914457,0.892776
1.704,0.833239,0.869789,0.914483,0.892827
1.705,0.833123,0.869709,0.914509,0.892878
1.706,0.833008,0.869629,0.914535,0.89293
1.707,0.832892,0.86955,0.914561,0.892981
1.708,0.832776,0.86947,0.914588,0.893032
1.709,0.83266,0.86939,0.914614,0.893083
1.71,0.832544,0.869311,0.91464,0.893134
1.711,0.832428,0.869231,0.914666,0.893185
1.712,0.832313,0.869151,0.914691,0.893236
1.713,0.832197,0.869072,0.914717,0.893286
1.714,0.832081,0.868992,0.914743,0.893337
1.715,0.831965,0.868913,0.914769,0.893388
1.716,0.83185,0.868833,0.914795,0.893438
1.717,0.831734,0.868754,0.914821,0.893489
1.718,0.831618,0.868674,0.914846,0.893539
1.719,0.831503,0.868595,0.914872,0.893589
1.72,0.831387,0.868515,0.914898,0.89364
1.721,0.831271,0.868436,0.914924,0.89369
1.722,0.831156,0.868357,0.914949,0.89374
1.723,0.83104,0.868277,0.914975,0.89379
1.724,0.830925,0.868198,0.915,0.89384
1.725,0.830809,0.868119,0.915026,0.89389
1.726,0.830694,0.868039,0.915052,0.893939
1.727,0.830578,0.86796,0.915077,0.893989
1.728,0.830463,0.867881,0.915103,0.894039
1.729,0.830347,0.867802,0.915128,0.894089
1.73,0.830232,0.867722,0.915153,0.894138
1.731,0.830116,0.867643,0.915179,0.894188
1.732,0.830001,0.867564,0.915204,0.894237
1.733,0.829886,0.867485,0.91523,0.894286
1.734,0.82977,0.867406,0.915255,0.894336
1.735,0.829655,0.867327,0.91528,0.894385
1.736,0.82954,0.867248,0.915305,0.894434
1.737,0.829424,0.867169,0.915331,0.894483
1.738,0.829309,0.86709,0.915356,0.894532
1.739,0.829194,0.86701,0.915381,0.894581
1.74,0.829079,0.866932,0.915406,0.89463
1.741,0.828964,0.866853,0.915431,0.894679
1.742,0.828848,0.866774,0.915456,0.894727
1.743,0.828733,0.866695,0.915481,0.894776
1.744,0.828618,0.866616,0.915506,0.894825
1.745,0.828503,0.866537,0.915531,0.894873
1.746,0.828388,0.866458,0.915556,0.894922
1.747,0.828273,0.866379,0.915581,0.89497
1.748,0.828158,0.8663,0.915606,0.895018
1.749,0.828043,0.866222,0.915631,0.895067
1.75,0.827928,0.866143,0.915656,0.895115
1.751,0.827813,0.866064,0.915681,0.895163
1.752,0.827698,0.865985,0.915705,0.895211
1.753,0.827583,0.865907,0.91573,0.895259
1.754,0.827468,0.865828,0.915755,0.895307
1.755,0.827354,0.865749,0.91578,0.895355
1.756,0.827239,0.865671,0.915804,0.895403
1.757,0.827124,0.865592,0.915829,0.895451
1.758,0.827009,0.865514,0.915854,0.895498
1.759,0.826894,0.865435,0.915878,0.895546
1.76,0.82678,0.865357,0.915903,0.895594
1.761,0.826665,0.865278,0.915927,0.895641
1.762,0.82655,0.8652,0.915952,0.895689
1.763,0.826436,0.865121,0.915976,0.895736
1.764,0.826321,0.865043,0.916001,0.895784
1.765,0.826206,0.864964,0.916025,0.895831
1.766,0.826092,0.864886,0.91605,0.895878
1.767,0.825977,0.864808,0.916074,0.895925
1.768,0.825863,0.864729,0.916098,0.895972
1.769,0.825748,0.864651,0.916123,0.896019
1.77,0.825634,0.864573,0.916147,0.896066
1.771,0.825519,0.864494,0.916171,0.896113
1.772,0.825405,0.864416,0.916196,0.89616
1.773,0.82529,0.864338,0.91622,0.896207
1.774,0.825176,0.86426,0.916244,0.896254
1.775,0.825061,0.864182,0.916268,0.896301
1.776,0.824947,0.864104,0.916292,0.896347
1.777,0.824833,0.864025,0.916317,0.896394
1.778,0.824718,0.863947,0.916341,0.89644
1.779,0.824604,0.863869,0.916365,0.896487
1.78,0.82449,0.863791,0.916389,0.896533
1.781,0.824376,0.863713,0.916413,0.89658
1.782,0.824262,0.863635,0.916437,0.896626
1.783,0.824147,0.863557,0.916461,0.896672
1.784,0.824033,0.863479,0.916485,0.896718
1.785,0.823919,0.863401,0.916508,0.896765
1.786,0.823805,0.863324,0.916532,0.896811
1.787,0.823691,0.863246,0.916556,0.896857
1.788,0.823577,0.863168,0.91658,0.896903
1.789,0.823463,0.86309,0.916604,0.896949
1.79,0.823349,0.863012,0.916628,0.896995
1.791,0.823235,0.862934,0.916651,0.89704
1.792,0.823121,0.862857,0.916675,0.897086
1.793,0.823007,0.862779,0.916699,0.897132
1.794,0.822893,0.862701,0.916722,0.897177
1.795,0.822779,0.862624,0.916746,0.897223
1.796,0.822665,0.862546,0.91677,0.897269
1.797,0.822552,0.862468,0.916793,0.897314
1.798,0.822438,0.862391,0.916817,0.897359
1.799,0.822324,0.862313,0.91684,0.897405
1.8,0.82221,0.862236,0.916864,0.89745
1.801,0.822097,0.862158,0.916887,0.897495
1.802,0.821983,0.862081,0.916911,0.897541
1.803,0.821869,0.862003,0.916934,0.897586
1.804,0.821756,0.861926,0.916958,0.897631
1.805,0.821642,0.861848,0.916981,0.897676
1.806,0.821528,0.861771,0.917004,0.897721
1.807,0.821415,0.861694,0.917028,0.897766
1.808,0.821301,0.861616,0.917051,0.897811
1.809,0.821188,0.861539,0.917074,0.897855
1.81,0.821074,0.861462,0.917097,0.8979
1.811,0.820961,0.861385,0.917121,0.897945
1.812,0.820847,0.861307,0.917144,0.89799
1.813,0.820734,0.86123,0.917167,0.898034
1.814,0.820621,0.861153,0.91719,0.898079
1.815,0.820507,0.861076,0.917213,0.898123
1.816,0.820394,0.860999,0.917236,0.898168
1.817,0.820281,0.860922,0.917259,0.898212
1.818,0.820167,0.860845,0.917282,0.898257
1.819,0.820054,0.860767,0.917305,0.898301
1.82,0.819941,0.86069,0.917328,0.898345
1.821,0.819828,0.860613,0.917351,0.898389
1.822,0.819715,0.860537,0.917374,0.898433
1.823,0.819602,0.86046,0.917397,0.898477
1.824,0.819488,0.860383,0.91742,0.898522
1.825,0.819375,0.860306,0.917443,0.898566
1.826,0.819262,0.860229,0.917466,0.898609
1.827,0.819149,0.860152,0.917489,0.898653
1.828,0.819036,0.860075,0.917511,0.898697
1.829,0.818923,0.859999,0.917534,0.898741
1.83,0.81881,0.859922,0.917557,0.898785
1.831,0.818698,0.859845,0.91758,0.898828
1.832,0.818585,0.859768,0.917602,0.898872
1.833,0.818472,0.859692,0.917625,0.898916
1.834,0.818359,0.859615,0.917647,0.898959
1.835,0.818246,0.859539,0.91767,0.899003
1.836,0.818134,0.859462,0.917693,0.899046
1.837,0.818021,0.859385,0.917715,0.899089
1.838,0.817908,0.859309,0.917738,0.899133
1.839,0.817795,0.859232,0.91776,0.899176
1.84,0.817683,0.859156,0.917783,0.899219
1.841,0.81757,0.859079,0.917805,0.899262
1.842,0.817458,0.859003,0.917828,0.899306
1.843,0.817345,0.858927,0.91785,0.899349
1.844,0.817232,0.85885,0.917872,0.899392
1.845,0.81712,0.858774,0.917895,0.899435
1.846,0.817007,0.858698,0.917917,0.899478
1.847,0.816895,0.858621,0.917939,0.89952
1.848,0.816783,0.858545,0.917962,0.899563
1.849,0.81667,0.858469,0.917984,0.899606
1.85,0.816558,0.858393,0.918006,0.899649
1.851,0.816446,0.858317,0.918028,0.899691
1.852,0.816333,0.85824,0.918051,0.899734
1.853,0.816221,0.858164,0.918073,0.899777
1.854,0.816109,0.858088,0.918095,0.899819
1.855,0.815997,0.858012,0.918117,0.899862
1.856,0.815884,0.857936,0.918139,0.899904
1.857,0.815772,0.85786,0.918161,0.899947
1.858,0.81566,0.857784,0.918183,0.899989
1.859,0.815548,0.857708,0.918205,0.900031
1.86,0.815436,0.857632,0.918227,0.900073
1.861,0.815324,0.857557,0.918249,0.900116
1.862,0.815212,0.857481,0.918271,0.900158
1.863,0.8151,0.857405,0.918293,0.9002
1.864,0.814988,0.857329,0.918315,0.900242
1.865,0.814876,0.857253,0.918337,0.900284
1.866,0.814764,0.857178,0.918358,0.900326
1.867,0.814652,0.857102,0.91838,0.900368
1.868,0.814541,0.857026,0.918402,0.90041
1.869,0.814429,0.856951,0.918424,0.900451
1.87,0.814317,0.856875,0.918446,0.900493
1.871,0.814205,0.856799,0.918467,0.900535
1.872,0.814094,0.856724,0.918489,0.900577
1.873,0.813982,0.856648,0.918511,0.900618
1.874,0.81387,0.856573,0.918532,0.90066
1.875,0.813759,0.856497,0.918554,0.900701
1.876,0.813647,0.856422,0.918576,0.900743
1.877,0.813535,0.856346,0.918597,0.900784
1.878,0.813424,0.856271,0.918619,0.900826
1.879,0.813312,0.856196,0.91864,0.900867
1.88,0.813201,0.85612,0.918662,0.900908
1.881,0.81309,0.856045,0.918683,0.900949
1.882,0.812978,0.85597,0.918705,0.900991
1.883,0.812867,0.855895,0.918726,0.901032
1.884,0.812755,0.855819,0.918747,0.901073
1.885,0.812644,0.855744,0.918769,0.901114
1.886,0.812533,0.855669,0.91879,0.901155
1.887,0.812422,0.855594,0.918812,0.901196
1.888,0.81231,0.855519,0.918833,0.901237
1.889,0.812199,0.855444,0.918854,0.901278
1.89,0.812088,0.855369,0.918875,0.901319
1.891,0.811977,0.855294,0.918897,0.901359
1.892,0.811866,0.855219,0.918918,0.9014
1.893,0.811755,0.855144,0.918939,0.901441
1.894,0.811644,0.855069,0.91896,0.901481
1.895,0.811533,0.854994,0.918981,0.901522
1.896,0.811422,0.854919,0.919002,0.901563
1.897,0.811311,0.854844,0.919024,0.901603
1.898,0.8112,0.85477,0.919045,0.901644
1.899,0.811089,0.854695,0.919066,0.901684
1.9,0.810978,0.85462,0.919087,0.901724
1.901,0.810867,0.854545,0.919108,0.901765
1.902,0.810757,0.854471,0.919129,0.901805
1.903,0.810646,0.854396,0.91915,0.901845
1.904,0.810535,0.854321,0.919171,0.901885
1.905,0.810425,0.854247,0.919191,0.901925
1.906,0.810314,0.854172,0.919212,0.901966
1.907,0.810203,0.854098,0.919233,0.902006
1.908,0.810093,0.854023,0.919254,0.902046
1.909,0.809982,0.853949,0.919275,0.902086
1.91,0.809872,0.853874,0.919296,0.902125
1.911,0.809761,0.8538,0.919316,0.902165
1.912,0.809651,0.853726,0.919337,0.902205
1.913,0.80954,0.853651,0.919358,0.902245
1.914,0.80943,0.853577,0.919379,0.902285
1.915,0.80932,0.853503,0.919399,0.902324
1.916,0.809209,0.853428,0.91942,0.902364
1.917,0.809099,0.853354,0.919441,0.902404
1.918,0.808989,0.85328,0.919461,0.902443
1.919,0.808878,0.853206,0.919482,0.902483
1.92,0.808768,0.853132,0.919502,0.902522
1.921,0.808658,0.853058,0.919523,0.902562
1.922,0.808548,0.852984,0.919543,0.902601
1.923,0.808438,0.85291,0.919564,0.90264
1.924,0.808328,0.852836,0.919584,0.90268
1.925,0.808218,0.852762,0.919605,0.902719
1.926,0.808108,0.852688,0.919625,0.902758
1.927,0.807998,0.852614,0.919646,0.902797
1.928,0.807888,0.85254,0.919666,0.902836
1.929,0.807778,0.852466,0.919686,0.902875
1.93,0.807668,0.852392,0.919707,0.902914
1.931,0.807558,0.852319,0.919727,0.902953
1.932,0.807449,0.852245,0.919747,0.902992
1.933,0.807339,0.852171,0.919768,0.903031
1.934,0.807229,0.852097,0.919788,0.90307
1.935,0.807119,0.852024,0.919808,0.903109
1.936,0.80701,0.85195,0.919828,0.903148
1.937,0.8069,0.851876,0.919849,0.903186
1.938,0.80679,0.851803,0.919869,0.903225
1.939,0.806681,0.851729,0.919889,0.903264
1.94,0.806571,0.851656,0.919909,0.903302
1.941,0.806462,0.851582,0.919929,0.903341
1.942,0.806352,0.851509,0.919949,0.903379
1.943,0.806243,0.851436,0.919969,0.903418
1.944,0.806133,0.851362,0.919989,0.903456
1.945,0.806024,0.851289,0.920009,0.903495
1.946,0.805915,0.851216,0.920029,0.903533
1.947,0.805805,0.851142,0.920049,0.903571
1.948,0.805696,0.851069,0.920069,0.90361
1.949,0.805587,0.850996,0.920089,0.903648
1.95,0.805478,0.850923,0.920109,0.903686
1.951,0.805369,0.85085,0.920129,0.903724
1.952,0.80526,0.850776,0.920149,0.903762
1.953,0.80515,0.850703,0.920168,0.9038
1.954,0.805041,0.85063,0.920188,0.903838
1.955,0.804932,0.850557,0.920208,0.903876
1.956,0.804823,0.850484,0.920228,0.903914
1.957,0.804714,0.850411,0.920247,0.903952
1.958,0.804605,0.850338,0.920267,0.90399
1.959,0.804497,0.850266,0.920287,0.904027
1.96,0.804388,0.850193,0.920307,0.904065
1.961,0.804279,0.85012,0.920326,0.904103
1.962,0.80417,0.850047,0.920346,0.904141
1.963,0.804061,0.849974,0.920365,0.904178
1.964,0.803953,0.849902,0.920385,0.904216
1.965,0.803844,0.849829,0.920405,0.904253
1.966,0.803735,0.849756,0.920424,0.904291
1.967,0.803627,0.849684,0.920444,0.904328
1.968,0.803518,0.849611,0.920463,0.904366
1.969,0.80341,0.849539,0.920483,0.904403
1.97,0.803301,0.849466,0.920502,0.90444
1.971,0.803193,0.849394,0.920521,0.904478
1.972,0.803084,0.849321,0.920541,0.904515
1.973,0.802976,0.849249,0.92056,0.904552
1.974,0.802867,0.849176,0.92058,0.904589
1.975,0.802759,0.849104,0.920599,0.904626
1.976,0.802651,0.849032,0.920618,0.904663
1.977,0.802542,0.848959,0.920638,0.9047
1.978,0.802434,0.848887,0.920657,0.904737
1.979,0.802326,0.848815,0.920676,0.904774
1.98,0.802218,0.848743,0.920695,0.904811
1.981,0.80211,0.84867,0.920715,0.904848
1.982,0.802002,0.848598,0.920734,0.904885
1.983,0.801894,0.848526,0.920753,0.904922
1.984,0.801786,0.848454,0.920772,0.904958
1.985,0.801678,0.848382,0.920791,0.904995
1.986,0.80157,0.84831,0.92081,0.905032
1.987,0.801462,0.848238,0.920829,0.905068
1.988,0.801354,0.848166,0.920849,0.905105
1.989,0.801246,0.848094,0.920868,0.905141
1.99,0.801138,0.848022,0.920887,0.905178
1.991,0.80103,0.847951,0.920906,0.905214
1.992,0.800923,0.847879,0.920925,0.905251
1.993,0.800815,0.847807,0.920944,0.905287
1.994,0.800707,0.847735,0.920962,0.905324
1.995,0.8006,0.847664,0.920981,0.90536
1.996,0.800492,0.847592,0.921,0.905396
1.997,0.800384,0.84752,0.921019,0.905432
1.998,0.800277,0.847449,0.921038,0.905469
1.999,0.800169,0.847377,0.921057,0.905505
2,0.800062,0.847306,0.921076,0.905541
2.001,0.799955,0.847234,0.921094,0.905577
2.002,0.799847,0.847163,0.921113,0.905613
2.003,0.79974,0.847091,0.921132,0.905649
2.004,0.799632,0.84702,0.921151,0.905685
2.005,0.799525,0.846948,0.921169,0.905721
2.006,0.799418,0.846877,0.921188,0.905756
2.007,0.799311,0.846806,0.921207,0.905792
2.008,0.799204,0.846734,0.921225,0.905828
2.009,0.799096,0.846663,0.921244,0.905864
2.01,0.798989,0.846592,0.921263,0.905899
2.011,0.798882,0.846521,0.921281,0.905935
2.012,0.798775,0.84645,0.9213,0.905971
2.013,0.798668,0.846379,0.921318,0.906006
2.014,0.798561,0.846308,0.921337,0.906042
2.015,0.798454,0.846237,0.921355,0.906077
2.016,0.798348,0.846166,0.921374,0.906113
2.017,0.798241,0.846095,0.921392,0.906148
2.018,0.798134,0.846024,0.921411,0.906184
2.019,0.798027,0.845953,0.921429,0.906219
2.02,0.79792,0.845882,0.921448,0.906254
2.021,0.797814,0.845811,0.921466,0.906289
2.022,0.797707,0.84574,0.921484,0.906325
2.023,0.7976,0.84567,0.921503,0.90636
2.024,0.797494,0.845599,0.921521,0.906395
2.025,0.797387,0.845528,0.921539,0.90643
2.026,0.797281,0.845458,0.921558,0.906465
2.027,0.797174,0.845387,0.921576,0.9065
2.028,0.797068,0.845316,0.921594,0.906535
2.029,0.796961,0.845246,0.921612,0.90657
2.03,0.796855,0.845175,0.921631,0.906605
2.031,0.796749,0.845105,0.921649,0.90664
2.032,0.796642,0.845034,0.921667,0.906675
2.033,0.796536,0.844964,0.921685,0.906709
2.034,0.79643,0.844894,0.921703,0.906744
2.035,0.796324,0.844823,0.921721,0.906779
2.036,0.796218,0.844753,0.921739,0.906814
2.037,0.796112,0.844683,0.921757,0.906848
2.038,0.796006,0.844613,0.921775,0.906883
2.039,0.795899,0.844542,0.921793,0.906917
2.04,0.795793,0.844472,0.921811,0.906952
2.041,0.795688,0.844402,0.921829,0.906986
2.042,0.795582,0.844332,0.921847,0.907021
2.043,0.795476,0.844262,0.921865,0.907055
2.044,0.79537,0.844192,0.921883,0.90709
2.045,0.795264,0.844122,0.921901,0.907124
2.046,0.795158,0.844052,0.921919,0.907158
2.047,0.795053,0.843982,0.921937,0.907193
2.048,0.794947,0.843912,0.921955,0.907227
2.049,0.794841,0.843842,0.921972,0.907261
2.05,0.794736,0.843773,0.92199,0.907295
2.051,0.79463,0.843703,0.922008,0.907329
2.052,0.794524,0.843633,0.922026,0.907363
2.053,0.794419,0.843563,0.922044,0.907397
2.054,0.794313,0.843494,0.922061,0.907431
2.055,0.794208,0.843424,0.922079,0.907465
2.056,0.794103,0.843354,0.922097,0.907499
2.057,0.793997,0.843285,0.922114,0.907533
2.058,0.793892,0.843215,0.922132,0.907567
2.059,0.793787,0.843146,0.92215,0.907601
2.06,0.793681,0.843076,0.922167,0.907634
2.061,0.793576,0.843007,0.922185,0.907668
2.062,0.793471,0.842938,0.922202,0.907702
2.063,0.793366,0.842868,0.92222,0.907735
2.064,0.793261,0.842799,0.922237,0.907769
2.065,0.793156,0.84273,0.922255,0.907803
2.066,0.793051,0.84266,0.922272,0.907836
2.067,0.792946,0.842591,0.92229,0.90787
2.068,0.792841,0.842522,0.922307,0.907903
2.069,0.792736,0.842453,0.922325,0.907937
2.07,0.792631,0.842384,0.922342,0.90797
2.071,0.792526,0.842315,0.92236,0.908003
2.072,0.792421,0.842246,0.922377,0.908037
2.073,0.792317,0.842177,0.922394,0.90807
2.074,0.792212,0.842108,0.922412,0.908103
2.075,0.792107,0.842039,0.922429,0.908136
2.076,0.792003,0.84197,0.922446,0.908169
2.077,0.791898,0.841901,0.922463,0.908203
2.078,0.791793,0.841832,0.922481,0.908236
2.079,0.791689,0.841763,0.922498,0.908269
2.08,0.791584,0.841695,0.922515,0.908302
2.081,0.79148,0.841626,0.922532,0.908335
2.082,0.791376,0.841557,0.92255,0.908368
2.083,0.791271,0.841489,0.922567,0.908401
2.084,0.791167,0.84142,0.922584,0.908433
2.085,0.791063,0.841352,0.922601,0.908466
2.086,0.790958,0.841283,0.922618,0.908499
2.087,0.790854,0.841214,0.922635,0.908532
2.088,0.79075,0.841146,0.922652,0.908565
2.089,0.790646,0.841078,0.922669,0.908597
2.09,0.790542,0.841009,0.922686,0.90863
2.091,0.790438,0.840941,0.922703,0.908663
2.092,0.790334,0.840873,0.92272,0.908695
2.093,0.79023,0.840804,0.922737,0.908728
2.094,0.790126,0.840736,0.922754,0.90876
2.095,0.790022,0.840668,0.922771,0.908793
2.096,0.789918,0.8406,0.922788,0.908825
2.097,0.789814,0.840532,0.922805,0.908857
2.098,0.78971,0.840463,0.922822,0.90889
2.099,0.789607,0.840395,0.922839,0.908922
2.1,0.789503,0.840327,0.922855,0.908954
2.101,0.789399,0.840259,0.922872,0.908987
2.102,0.789296,0.840191,0.922889,0.909019
2.103,0.789192,0.840124,0.922906,0.909051
2.104,0.789088,0.840056,0.922923,0.909083
2.105,0.788985,0.839988,0.922939,0.909115
2.106,0.788881,0.83992,0.922956,0.909147
2.107,0.788778,0.839852,0.922973,0.909179
2.108,0.788675,0.839785,0.922989,0.909211
2.109,0.788571,0.839717,0.923006,0.909243
2.11,0.788468,0.839649,0.923023,0.909275
2.111,0.788365,0.839582,0.923039,0.909307
2.112,0.788261,0.839514,0.923056,0.909339
2.113,0.788158,0.839446,0.923073,0.909371
2.114,0.788055,0.839379,0.923089,0.909403
2.115,0.787952,0.839311,0.923106,0.909435
2.116,0.787849,0.839244,0.923122,0.909466
2.117,0.787746,0.839177,0.923139,0.909498
2.118,0.787643,0.839109,0.923155,0.90953
2.119,0.78754,0.839042,0.923172,0.909561
2.12,0.787437,0.838975,0.923188,0.909593
2.121,0.787334,0.838907,0.923205,0.909624
2.122,0.787231,0.83884,0.923221,0.909656
2.123,0.787128,0.838773,0.923238,0.909687
2.124,0.787025,0.838706,0.923254,0.909719
2.125,0.786923,0.838639,0.92327,0.90975
2.126,0.78682,0.838572,0.923287,0.909782
2.127,0.786717,0.838505,0.923303,0.909813
2.128,0.786615,0.838438,0.923319,0.909844
2.129,0.786512,0.838371,0.923336,0.909875
2.13,0.78641,0.838304,0.923352,0.909907
2.131,0.786307,0.838237,0.923368,0.909938
2.132,0.786205,0.83817,0.923384,0.909969
2.133,0.786102,0.838103,0.923401,0.91
2.134,0.786,0.838036,0.923417,0.910031
2.135,0.785898,0.83797,0.923433,0.910062
2.136,0.785795,0.837903,0.923449,0.910093
2.137,0.785693,0.837836,0.923465,0.910124
2.138,0.785591,0.83777,0.923482,0.910155
2.139,0.785489,0.837703,0.923498,0.910186
2.14,0.785386,0.837637,0.923514,0.910217
2.141,0.785284,0.83757,0.92353,0.910248
2.142,0.785182,0.837504,0.923546,0.910279
2.143,0.78508,0.837437,0.923562,0.91031
2.144,0.784978,0.837371,0.923578,0.91034
2.145,0.784876,0.837304,0.923594,0.910371
2.146,0.784774,0.837238,0.92361,0.910402
2.147,0.784673,0.837172,0.923626,0.910432
2.148,0.784571,0.837106,0.923642,0.910463
2.149,0.784469,0.837039,0.923658,0.910494
2.15,0.784367,0.836973,0.923674,0.910524
2.151,0.784266,0.836907,0.92369,0.910555
2.152,0.784164,0.836841,0.923706,0.910585
2.153,0.784062,0.836775,0.923722,0.910616
2.154,0.783961,0.836709,0.923737,0.910646
2.155,0.783859,0.836643,0.923753,0.910676
2.156,0.783758,0.836577,0.923769,0.910707
2.157,0.783656,0.836511,0.923785,0.910737
2.158,0.783555,0.836445,0.923801,0.910767
2.159,0.783453,0.836379,0.923816,0.910797
2.16,0.783352,0.836314,0.923832,0.910828
2.161,0.783251,0.836248,0.923848,0.910858
2.162,0.78315,0.836182,0.923864,0.910888
2.163,0.783048,0.836116,0.923879,0.910918
2.164,0.782947,0.836051,0.923895,0.910948
2.165,0.782846,0.835985,0.923911,0.910978
2.166,0.782745,0.83592,0.923926,0.911008
2.167,0.782644,0.835854,0.923942,0.911038
2.168,0.782543,0.835788,0.923958,0.911068
2.169,0.782442,0.835723,0.923973,0.911098
2.17,0.782341,0.835658,0.923989,0.911128
2.171,0.78224,0.835592,0.924004,0.911158
2.172,0.782139,0.835527,0.92402,0.911188
2.173,0.782038,0.835462,0.924035,0.911217
2.174,0.781938,0.835396,0.924051,0.911247
2.175,0.781837,0.835331,0.924066,0.911277
2.176,0.781736,0.835266,0.924082,0.911306
2.177,0.781636,0.835201,0.924097,0.911336
2.178,0.781535,0.835136,0.924113,0.911366
2.179,0.781434,0.835071,0.924128,0.911395
2.18,0.781334,0.835005,0.924144,0.911425
2.181,0.781233,0.83494,0.924159,0.911454
2.182,0.781133,0.834876,0.924174,0.911484
2.183,0.781032,0.834811,0.92419,0.911513
2.184,0.780932,0.834746,0.924205,0.911543
2.185,0.780832,0.834681,0.92422,0.911572
2.186,0.780731,0.834616,0.924236,0.911601
2.187,0.780631,0.834551,0.924251,0.911631
2.188,0.780531,0.834487,0.924266,0.91166
2.189,0.780431,0.834422,0.924281,0.911689
2.19,0.780331,0.834357,0.924297,0.911719
2.191,0.780231,0.834293,0.924312,0.911748
2.192,0.780131,0.834228,0.924327,0.911777
2.193,0.780031,0.834163,0.924342,0.911806
2.194,0.779931,0.834099,0.924357,0.911835
2.195,0.779831,0.834034,0.924373,0.911864
2.196,0.779731,0.83397,0.924388,0.911893
2.197,0.779631,0.833906,0.924403,0.911922
2.198,0.779531,0.833841,0.924418,0.911951
2.199,0.779432,0.833777,0.924433,0.91198
2.2,0.779332,0.833713,0.924448,0.912009
2.201,0.779232,0.833648,0.924463,0.912038
2.202,0.779133,0.833584,0.924478,0.912067
2.203,0.779033,0.83352,0.924493,0.912095
2.204,0.778933,0.833456,0.924508,0.912124
2.205,0.778834,0.833392,0.924523,0.912153
2.206,0.778734,0.833328,0.924538,0.912182
2.207,0.778635,0.833264,0.924553,0.91221
2.208,0.778536,0.8332,0.924568,0.912239
2.209,0.778436,0.833136,0.924583,0.912268
2.21,0.778337,0.833072,0.924598,0.912296
2.211,0.778238,0.833008,0.924613,0.912325
2.212,0.778138,0.832944,0.924628,0.912353
2.213,0.778039,0.832881,0.924642,0.912382
2.214,0.77794,0.832817,0.924657,0.91241
2.215,0.777841,0.832753,0.924672,0.912439
2.216,0.777742,0.83269,0.924687,0.912467
2.217,0.777643,0.832626,0.924702,0.912495
2.218,0.777544,0.832562,0.924716,0.912524
2.219,0.777445,0.832499,0.924731,0.912552
2.22,0.777346,0.832435,0.924746,0.91258
2.221,0.777247,0.832372,0.924761,0.912608
2.222,0.777149,0.832308,0.924775,0.912637
2.223,0.77705,0.832245,0.92479,0.912665
2.224,0.776951,0.832182,0.924805,0.912693
2.225,0.776852,0.832118,0.924819,0.912721
2.226,0.776754,0.832055,0.924834,0.912749
2.227,0.776655,0.831992,0.924849,0.912777
2.228,0.776557,0.831929,0.924863,0.912805
2.229,0.776458,0.831865,0.924878,0.912833
2.23,0.77636,0.831802,0.924892,0.912861
2.231,0.776261,0.831739,0.924907,0.912889
2.232,0.776163,0.831676,0.924921,0.912917
2.233,0.776064,0.831613,0.924936,0.912945
2.234,0.775966,0.83155,0.92495,0.912972
2.235,0.775868,0.831487,0.924965,0.913
2.236,0.77577,0.831424,0.924979,0.913028
2.237,0.775672,0.831362,0.924994,0.913056
2.238,0.775573,0.831299,0.925008,0.913083
2.239,0.775475,0.831236,0.925023,0.913111
2.24,0.775377,0.831173,0.925037,0.913139
2.241,0.775279,0.831111,0.925052,0.913166
2.242,0.775181,0.831048,0.925066,0.913194
2.243,0.775083,0.830985,0.92508,0.913222
2.244,0.774985,0.830923,0.925095,0.913249
2.245,0.774888,0.83086,0.925109,0.913277
2.246,0.77479,0.830798,0.925123,0.913304
2.247,0.774692,0.830735,0.925138,0.913331
2.248,0.774594,0.830673,0.925152,0.913359
2.249,0.774497,0.830611,0.925166,0.913386
2.25,0.774399,0.830548,0.92518,0.913413
2.251,0.774301,0.830486,0.925195,0.913441
2.252,0.774204,0.830424,0.925209,0.913468
2.253,0.774106,0.830361,0.925223,0.913495
2.254,0.774009,0.830299,0.925237,0.913523
2.255,0.773911,0.830237,0.925251,0.91355
2.256,0.773814,0.830175,0.925266,0.913577
2.257,0.773717,0.830113,0.92528,0.913604
2.258,0.773619,0.830051,0.925294,0.913631
2.259,0.773522,0.829989,0.925308,0.913658
2.26,0.773425,0.829927,0.925322,0.913685
2.261,0.773328,0.829865,0.925336,0.913712
2.262,0.773231,0.829803,0.92535,0.913739
2.263,0.773133,0.829741,0.925364,0.913766
2.264,0.773036,0.82968,0.925378,0.913793
2.265,0.772939,0.829618,0.925392,0.91382
2.266,0.772842,0.829556,0.925406,0.913847
2.267,0.772746,0.829495,0.92542,0.913874
2.268,0.772649,0.829433,0.925434,0.9139
2.269,0.772552,0.829371,0.925448,0.913927
2.27,0.772455,0.82931,0.925462,0.913954
2.271,0.772358,0.829248,0.925476,0.913981
2.272,0.772262,0.829187,0.92549,0.914007
2.273,0.772165,0.829125,0.925504,0.914034
2.274,0.772068,0.829064,0.925518,0.91406
2.275,0.771972,0.829003,0.925532,0.914087
2.276,0.771875,0.828941,0.925545,0.914114
2.277,0.771779,0.82888,0.925559,0.91414
2.278,0.771682,0.828819,0.925573,0.914167
2.279,0.771586,0.828758,0.925587,0.914193
2.28,0.771489,0.828696,0.925601,0.91422
2.281,0.771393,0.828635,0.925614,0.914246
2.282,0.771297,0.828574,0.925628,0.914272
2.283,0.7712,0.828513,0.925642,0.914299
2.284,0.771104,0.828452,0.925656,0.914325
2.285,0.771008,0.828391,0.925669,0.914351
2.286,0.770912,0.82833,0.925683,0.914378
2.287,0.770816,0.82827,0.925697,0.914404
2.288,0.77072,0.828209,0.92571,0.91443
2.289,0.770624,0.828148,0.925724,0.914456
2.29,0.770528,0.828087,0.925738,0.914482
2.291,0.770432,0.828026,0.925751,0.914508
2.292,0.770336,0.827966,0.925765,0.914535
2.293,0.77024,0.827905,0.925779,0.914561
2.294,0.770144,0.827844,0.925792,0.914587
2.295,0.770049,0.827784,0.925806,0.914613
2.296,0.769953,0.827723,0.925819,0.914639
2.297,0.769857,0.827663,0.925833,0.914665
2.298,0.769762,0.827603,0.925846,0.91469
2.299,0.769666,0.827542,0.92586,0.914716
2.3,0.769571,0.827482,0.925873,0.914742
2.301,0.769475,0.827421,0.925887,0.914768
2.302,0.76938,0.827361,0.9259,0.914794
2.303,0.769284,0.827301,0.925914,0.91482
2.304,0.769189,0.827241,0.925927,0.914845
2.305,0.769094,0.827181,0.92594,0.914871
2.306,0.768998,0.82712,0.925954,0.914897
2.307,0.768903,0.82706,0.925967,0.914922
2.308,0.768808,0.827,0.925981,0.914948
2.309,0.768713,0.82694,0.925994,0.914974
2.31,0.768618,0.82688,0.926007,0.914999
2.311,0.768523,0.82682,0.926021,0.915025
2.312,0.768428,0.826761,0.926034,0.91505
2.313,0.768333,0.826701,0.926047,0.915076
2.314,0.768238,0.826641,0.92606,0.915101
2.315,0.768143,0.826581,0.926074,0.915127
2.316,0.768048,0.826521,0.926087,0.915152
2.317,0.767953,0.826462,0.9261,0.915177
2.318,0.767858,0.826402,0.926113,0.915203
2.319,0.767764,0.826343,0.926127,0.915228
2.32,0.767669,0.826283,0.92614,0.915253
2.321,0.767574,0.826223,0.926153,0.915279
2.322,0.76748,0.826164,0.926166,0.915304
2.323,0.767385,0.826105,0.926179,0.915329
2.324,0.767291,0.826045,0.926192,0.915354
2.325,0.767196,0.825986,0.926205,0.915379
2.326,0.767102,0.825926,0.926219,0.915404
2.327,0.767007,0.825867,0.926232,0.91543
2.328,0.766913,0.825808,0.926245,0.915455
2.329,0.766819,0.825749,0.926258,0.91548
2.33,0.766724,0.82569,0.926271,0.915505
2.331,0.76663,0.82563,0.926284,0.91553
2.332,0.766536,0.825571,0.926297,0.915555
2.333,0.766442,0.825512,0.92631,0.91558
2.334,0.766348,0.825453,0.926323,0.915604
2.335,0.766254,0.825394,0.926336,0.915629
2.336,0.76616,0.825336,0.926349,0.915654
2.337,0.766066,0.825277,0.926362,0.915679
2.338,0.765972,0.825218,0.926375,0.915704
2.339,0.765878,0.825159,0.926387,0.915728
2.34,0.765784,0.8251,0.9264,0.915753
2.341,0.765691,0.825042,0.926413,0.915778
2.342,0.765597,0.824983,0.926426,0.915803
2.343,0.765503,0.824924,0.926439,0.915827
2.344,0.765409,0.824866,0.926452,0.915852
2.345,0.765316,0.824807,0.926465,0.915876
2.346,0.765222,0.824749,0.926477,0.915901
2.347,0.765129,0.82469,0.92649,0.915926
2.348,0.765035,0.824632,0.926503,0.91595
2.349,0.764942,0.824573,0.926516,0.915975
2.35,0.764848,0.824515,0.926529,0.915999
2.351,0.764755,0.824457,0.926541,0.916023
2.352,0.764662,0.824398,0.926554,0.916048
2.353,0.764568,0.82434,0.926567,0.916072
2.354,0.764475,0.824282,0.926579,0.916097
2.355,0.764382,0.824224,0.926592,0.916121
2.356,0.764289,0.824166,0.926605,0.916145
2.357,0.764196,0.824108,0.926617,0.916169
2.358,0.764103,0.82405,0.92663,0.916194
2.359,0.76401,0.823992,0.926643,0.916218
2.36,0.763917,0.823934,0.926655,0.916242
2.361,0.763824,0.823876,0.926668,0.916266
2.362,0.763731,0.823818,0.92668,0.91629
2.363,0.763638,0.82376,0.926693,0.916315
2.364,0.763545,0.823702,0.926706,0.916339
2.365,0.763453,0.823645,0.926718,0.916363
2.366,0.76336,0.823587,0.926731,0.916387
2.367,0.763267,0.823529,0.926743,0.916411
2.368,0.763175,0.823472,0.926756,0.916435
2.369,0.763082,0.823414,0.926768,0.916459
2.37,0.76299,0.823356,0.926781,0.916483
2.371,0.762897,0.823299,0.926793,0.916506
2.372,0.762805,0.823241,0.926806,0.91653
2.373,0.762712,0.823184,0.926818,0.916554
2.374,0.76262,0.823127,0.92683,0.916578
2.375,0.762527,0.823069,0.926843,0.916602
2.376,0.762435,0.823012,0.926855,0.916626
2.377,0.762343,0.822955,0.926868,0.916649
2.378,0.762251,0.822898,0.92688,0.916673
2.379,0.762159,0.82284,0.926892,0.916697
2.38,0.762067,0.822783,0.926905,0.91672
2.381,0.761974,0.822726,0.926917,0.916744
2.382,0.761882,0.822669,0.926929,0.916768
2.383,0.76179,0.822612,0.926942,0.916791
2.384,0.761699,0.822555,0.926954,0.916815
2.385,0.761607,0.822498,0.926966,0.916838
2.386,0.761515,0.822441,0.926978,0.916862
2.387,0.761423,0.822384,0.926991,0.916885
2.388,0.761331,0.822328,0.927003,0.916909
2.389,0.761239,0.822271,0.927015,0.916932
2.39,0.761148,0.822214,0.927027,0.916955
2.391,0.761056,0.822157,0.927039,0.916979
2.392,0.760965,0.822101,0.927052,0.917002
2.393,0.760873,0.822044,0.927064,0.917025
2.394,0.760782,0.821988,0.927076,0.917049
2.395,0.76069,0.821931,0.927088,0.917072
2.396,0.760599,0.821875,0.9271,0.917095
2.397,0.760507,0.821818,0.927112,0.917118
2.398,0.760416,0.821762,0.927124,0.917142
2.399,0.760325,0.821705,0.927136,0.917165
2.4,0.760233,0.821649,0.927148,0.917188
2.401,0.760142,0.821593,0.927161,0.917211
2.402,0.760051,0.821537,0.927173,0.917234
2.403,0.75996,0.82148,0.927185,0.917257
2.404,0.759869,0.821424,0.927197,0.91728
2.405,0.759778,0.821368,0.927209,0.917303
2.406,0.759687,0.821312,0.927221,0.917326
2.407,0.759596,0.821256,0.927233,0.917349
2.408,0.759505,0.8212,0.927244,0.917372
2.409,0.759414,0.821144,0.927256,0.917395
2.41,0.759323,0.821088,0.927268,0.917418
2.411,0.759233,0.821032,0.92728,0.917441
2.412,0.759142,0.820976,0.927292,0.917464
2.413,0.759051,0.820921,0.927304,0.917486
2.414,0.758961,0.820865,0.927316,0.917509
2.415,0.75887,0.820809,0.927328,0.917532
2.416,0.758779,0.820754,0.92734,0.917555
2.417,0.758689,0.820698,0.927352,0.917577
2.418,0.758598,0.820642,0.927363,0.9176
2.419,0.758508,0.820587,0.927375,0.917623
2.42,0.758418,0.820531,0.927387,0.917645
2.421,0.758327,0.820476,0.927399,0.917668
2.422,0.758237,0.82042,0.927411,0.917691
2.423,0.758147,0.820365,0.927422,0.917713
2.424,0.758057,0.82031,0.927434,0.917736
2.425,0.757966,0.820254,0.927446,0.917758
2.426,0.757876,0.820199,0.927457,0.917781
2.427,0.757786,0.820144,0.927469,0.917803
2.428,0.757696,0.820089,0.927481,0.917825
2.429,0.757606,0.820034,0.927493,0.917848
2.43,0.757516,0.819979,0.927504,0.91787
2.431,0.757426,0.819923,0.927516,0.917893
2.432,0.757336,0.819868,0.927528,0.917915
2.433,0.757247,0.819814,0.927539,0.917937
2.434,0.757157,0.819759,0.927551,0.91796
2.435,0.757067,0.819704,0.927562,0.917982
2.436,0.756977,0.819649,0.927574,0.918004
2.437,0.756888,0.819594,0.927586,0.918026
2.438,0.756798,0.819539,0.927597,0.918048
2.439,0.756709,0.819485,0.927609,0.918071
2.44,0.756619,0.81943,0.92762,0.918093
2.441,0.75653,0.819375,0.927632,0.918115
2.442,0.75644,0.819321,0.927643,0.918137
2.443,0.756351,0.819266,0.927655,0.918159
2.444,0.756262,0.819212,0.927666,0.918181
2.445,0.756172,0.819157,0.927678,0.918203
2.446,0.756083,0.819103,0.927689,0.918225
2.447,0.755994,0.819048,0.927701,0.918247
2.448,0.755905,0.818994,0.927712,0.918269
2.449,0.755816,0.81894,0.927723,0.918291
2.45,0.755726,0.818885,0.927735,0.918313
2.451,0.755637,0.818831,0.927746,0.918335
2.452,0.755548,0.818777,0.927758,0.918356
2.453,0.755459,0.818723,0.927769,0.918378
2.454,0.755371,0.818669,0.92778,0.9184
2.455,0.755282,0.818615,0.927792,0.918422
2.456,0.755193,0.818561,0.927803,0.918443
2.457,0.755104,0.818507,0.927814,0.918465
2.458,0.755015,0.818453,0.927826,0.918487
2.459,0.754927,0.818399,0.927837,0.918509
2.46,0.754838,0.818345,0.927848,0.91853
2.461,0.754749,0.818291,0.92786,0.918552
2.462,0.754661,0.818237,0.927871,0.918573
2.463,0.754572,0.818184,0.927882,0.918595
2.464,0.754484,0.81813,0.927893,0.918617
2.465,0.754395,0.818076,0.927905,0.918638
2.466,0.754307,0.818023,0.927916,0.91866
2.467,0.754219,0.817969,0.927927,0.918681
2.468,0.75413,0.817916,0.927938,0.918703
2.469,0.754042,0.817862,0.927949,0.918724
2.47,0.753954,0.817809,0.92796,0.918745
2.471,0.753866,0.817755,0.927972,0.918767
2.472,0.753778,0.817702,0.927983,0.918788
2.473,0.75369,0.817649,0.927994,0.918809
2.474,0.753602,0.817595,0.928005,0.918831
2.475,0.753514,0.817542,0.928016,0.918852
2.476,0.753426,0.817489,0.928027,0.918873
2.477,0.753338,0.817436,0.928038,0.918895
2.478,0.75325,0.817383,0.928049,0.918916
2.479,0.753162,0.817329,0.92806,0.918937
2.48,0.753074,0.817276,0.928071,0.918958
2.481,0.752987,0.817223,0.928082,0.918979
2.482,0.752899,0.81717,0.928093,0.919
2.483,0.752811,0.817118,0.928104,0.919021
2.484,0.752724,0.817065,0.928115,0.919043
2.485,0.752636,0.817012,0.928126,0.919064
2.486,0.752549,0.816959,0.928137,0.919085
2.487,0.752461,0.816906,0.928148,0.919106
2.488,0.752374,0.816854,0.928159,0.919127
2.489,0.752286,0.816801,0.92817,0.919148
2.49,0.752199,0.816748,0.928181,0.919169
2.491,0.752112,0.816696,0.928192,0.919189
2.492,0.752024,0.816643,0.928203,0.91921
2.493,0.751937,0.816591,0.928214,0.919231
2.494,0.75185,0.816538,0.928225,0.919252
2.495,0.751763,0.816486,0.928236,0.919273
2.496,0.751676,0.816434,0.928246,0.919294
2.497,0.751589,0.816381,0.928257,0.919314
2.498,0.751502,0.816329,0.928268,0.919335
2.499,0.751415,0.816277,0.928279,0.919356
2.5,0.751328,0.816224,0.92829,0.919377
2.501,0.751241,0.816172,0.9283,0.919397
2.502,0.751154,0.81612,0.928311,0.919418
2.503,0.751067,0.816068,0.928322,0.919439
2.504,0.750981,0.816016,0.928333,0.919459
2.505,0.750894,0.815964,0.928343,0.91948
2.506,0.750807,0.815912,0.928354,0.9195
2.507,0.750721,0.81586,0.928365,0.919521
2.508,0.750634,0.815808,0.928376,0.919541
2.509,0.750548,0.815756,0.928386,0.919562
2.51,0.750461,0.815705,0.928397,0.919582
2.511,0.750375,0.815653,0.928408,0.919603
2.512,0.750288,0.815601,0.928418,0.919623
2.513,0.750202,0.81555,0.928429,0.919644
2.514,0.750116,0.815498,0.928439,0.919664
2.515,0.750029,0.815446,0.92845,0.919684
2.516,0.749943,0.815395,0.928461,0.919705
2.517,0.749857,0.815343,0.928471,0.919725
2.518,0.749771,0.815292,0.928482,0.919745
2.519,0.749685,0.81524,0.928492,0.919766
2.52,0.749599,0.815189,0.928503,0.919786
2.521,0.749513,0.815138,0.928514,0.919806
2.522,0.749427,0.815086,0.928524,0.919826
2.523,0.749341,0.815035,0.928535,0.919846
2.524,0.749255,0.814984,0.928545,0.919867
2.525,0.749169,0.814933,0.928556,0.919887
2.526,0.749084,0.814882,0.928566,0.919907
2.527,0.748998,0.814831,0.928577,0.919927
2.528,0.748912,0.81478,0.928587,0.919947
2.529,0.748826,0.814729,0.928598,0.919967
2.53,0.748741,0.814678,0.928608,0.919987
2.531,0.748655,0.814627,0.928618,0.920007
2.532,0.74857,0.814576,0.928629,0.920027
2.533,0.748484,0.814525,0.928639,0.920047
2.534,0.748399,0.814474,0.92865,0.920067
2.535,0.748313,0.814423,0.92866,0.920087
2.536,0.748228,0.814373,0.92867,0.920107
2.537,0.748143,0.814322,0.928681,0.920127
2.538,0.748058,0.814271,0.928691,0.920147
2.539,0.747972,0.814221,0.928701,0.920166
2.54,0.747887,0.81417,0.928712,0.920186
2.541,0.747802,0.81412,0.928722,0.920206
2.542,0.747717,0.814069,0.928732,0.920226
2.543,0.747632,0.814019,0.928743,0.920245
2.544,0.747547,0.813968,0.928753,0.920265
2.545,0.747462,0.813918,0.928763,0.920285
2.546,0.747377,0.813868,0.928773,0.920305
2.547,0.747292,0.813818,0.928784,0.920324
2.548,0.747207,0.813767,0.928794,0.920344
2.549,0.747123,0.813717,0.928804,0.920363
2.55,0.747038,0.813667,0.928814,0.920383
2.551,0.746953,0.813617,0.928825,0.920403
2.552,0.746869,0.813567,0.928835,0.920422
2.553,0.746784,0.813517,0.928845,0.920442
2.554,0.746699,0.813467,0.928855,0.920461
2.555,0.746615,0.813417,0.928865,0.920481
2.556,0.74653,0.813367,0.928875,0.9205
2.557,0.746446,0.813317,0.928886,0.920519
2.558,0.746362,0.813267,0.928896,0.920539
2.559,0.746277,0.813218,0.928906,0.920558
2.56,0.746193,0.813168,0.928916,0.920578
2.561,0.746109,0.813118,0.928926,0.920597
2.562,0.746024,0.813069,0.928936,0.920616
2.563,0.74594,0.813019,0.928946,0.920636
2.564,0.745856,0.81297,0.928956,0.920655
2.565,0.745772,0.81292,0.928966,0.920674
2.566,0.745688,0.812871,0.928976,0.920693
2.567,0.745604,0.812821,0.928986,0.920713
2.568,0.74552,0.812772,0.928996,0.920732
2.569,0.745436,0.812722,0.929006,0.920751
2.57,0.745352,0.812673,0.929016,0.92077
2.571,0.745268,0.812624,0.929026,0.920789
2.572,0.745185,0.812575,0.929036,0.920808
2.573,0.745101,0.812525,0.929046,0.920828
2.574,0.745017,0.812476,0.929056,0.920847
2.575,0.744934,0.812427,0.929066,0.920866
2.576,0.74485,0.812378,0.929076,0.920885
2.577,0.744766,0.812329,0.929086,0.920904
2.578,0.744683,0.81228,0.929096,0.920923
2.579,0.744599,0.812231,0.929106,0.920942
2.58,0.744516,0.812182,0.929116,0.920961
2.581,0.744433,0.812134,0.929125,0.920979
2.582,0.744349,0.812085,0.929135,0.920998
2.583,0.744266,0.812036,0.929145,0.921017
2.584,0.744183,0.811987,0.929155,0.921036
2.585,0.744099,0.811939,0.929165,0.921055
2.586,0.744016,0.81189,0.929175,0.921074
2.587,0.743933,0.811841,0.929184,0.921093
2.588,0.74385,0.811793,0.929194,0.921111
2.589,0.743767,0.811744,0.929204,0.92113
2.59,0.743684,0.811696,0.929214,0.921149
2.591,0.743601,0.811647,0.929223,0.921168
2.592,0.743518,0.811599,0.929233,0.921186
2.593,0.743435,0.811551,0.929243,0.921205
2.594,0.743352,0.811502,0.929253,0.921224
2.595,0.74327,0.811454,0.929262,0.921242
2.596,0.743187,0.811406,0.929272,0.921261
2.597,0.743104,0.811358,0.929282,0.921279
2.598,0.743022,0.81131,0.929291,0.921298
2.599,0.742939,0.811261,0.929301,0.921317
2.6,0.742856,0.811213,0.929311,0.921335
2.601,0.742774,0.811165,0.92932,0.921354
2.602,0.742691,0.811117,0.92933,0.921372
2.603,0.742609,0.81107,0.92934,0.92139
2.604,0.742527,0.811022,0.929349,0.921409
2.605,0.742444,0.810974,0.929359,0.921427
2.606,0.742362,0.810926,0.929369,0.921446
2.607,0.74228,0.810878,0.929378,0.921464
2.608,0.742197,0.810831,0.929388,0.921483
2.609,0.742115,0.810783,0.929397,0.921501
2.61,0.742033,0.810735,0.929407,0.921519
2.611,0.741951,0.810688,0.929416,0.921537
2.612,0.741869,0.81064,0.929426,0.921556
2.613,0.741787,0.810593,0.929435,0.921574
2.614,0.741705,0.810545,0.929445,0.921592
2.615,0.741623,0.810498,0.929454,0.92161
2.616,0.741541,0.81045,0.929464,0.921629
2.617,0.741459,0.810403,0.929473,0.921647
2.618,0.741378,0.810356,0.929483,0.921665
2.619,0.741296,0.810308,0.929492,0.921683
2.62,0.741214,0.810261,0.929502,0.921701
2.621,0.741132,0.810214,0.929511,0.921719
2.622,0.741051,0.810167,0.929521,0.921737
2.623,0.740969,0.81012,0.92953,0.921756
2.624,0.740888,0.810073,0.929539,0.921774
2.625,0.740806,0.810026,0.929549,0.921792
2.626,0.740725,0.809979,0.929558,0.92181
2.627,0.740643,0.809932,0.929568,0.921828
2.628,0.740562,0.809885,0.929577,0.921846
2.629,0.740481,0.809838,0.929586,0.921863
2.63,0.740399,0.809791,0.929596,0.921881
2.631,0.740318,0.809744,0.929605,0.921899
2.632,0.740237,0.809698,0.929614,0.921917
2.633,0.740156,0.809651,0.929624,0.921935
2.634,0.740075,0.809604,0.929633,0.921953
2.635,0.739994,0.809558,0.929642,0.921971
2.636,0.739913,0.809511,0.929651,0.921988
2.637,0.739832,0.809465,0.929661,0.922006
2.638,0.739751,0.809418,0.92967,0.922024
2.639,0.73967,0.809372,0.929679,0.922042
2.64,0.739589,0.809325,0.929688,0.922059
2.641,0.739508,0.809279,0.929698,0.922077
2.642,0.739427,0.809233,0.929707,0.922095
2.643,0.739347,0.809187,0.929716,0.922113
2.644,0.739266,0.80914,0.929725,0.92213
2.645,0.739185,0.809094,0.929735,0.922148
2.646,0.739105,0.809048,0.929744,0.922165
2.647,0.739024,0.809002,0.929753,0.922183
2.648,0.738944,0.808956,0.929762,0.922201
2.649,0.738863,0.80891,0.929771,0.922218
2.65,0.738783,0.808864,0.92978,0.922236
2.651,0.738703,0.808818,0.929789,0.922253
2.652,0.738622,0.808772,0.929799,0.922271
2.653,0.738542,0.808726,0.929808,0.922288
2.654,0.738462,0.80868,0.929817,0.922306
2.655,0.738382,0.808635,0.929826,0.922323
2.656,0.738301,0.808589,0.929835,0.92234
2.657,0.738221,0.808543,0.929844,0.922358
2.658,0.738141,0.808498,0.929853,0.922375
2.659,0.738061,0.808452,0.929862,0.922392
2.66,0.737981,0.808406,0.929871,0.92241
2.661,0.737901,0.808361,0.92988,0.922427
2.662,0.737821,0.808315,0.929889,0.922444
2.663,0.737741,0.80827,0.929898,0.922462
2.664,0.737662,0.808225,0.929907,0.922479
2.665,0.737582,0.808179,0.929916,0.922496
2.666,0.737502,0.808134,0.929925,0.922513
2.667,0.737423,0.808089,0.929934,0.922531
2.668,0.737343,0.808043,0.929943,0.922548
2.669,0.737263,0.807998,0.929952,0.922565
2.67,0.737184,0.807953,0.929961,0.922582
2.671,0.737104,0.807908,0.92997,0.922599
2.672,0.737025,0.807863,0.929979,0.922616
2.673,0.736945,0.807818,0.929988,0.922633
2.674,0.736866,0.807773,0.929997,0.92265
2.675,0.736787,0.807728,0.930006,0.922667
2.676,0.736707,0.807683,0.930014,0.922685
2.677,0.736628,0.807638,0.930023,0.922702
2.678,0.736549,0.807594,0.930032,0.922719
2.679,0.73647,0.807549,0.930041,0.922735
2.68,0.736391,0.807504,0.93005,0.922752
2.681,0.736311,0.807459,0.930059,0.922769
2.682,0.736232,0.807415,0.930067,0.922786
2.683,0.736153,0.80737,0.930076,0.922803
2.684,0.736074,0.807326,0.930085,0.92282
2.685,0.735996,0.807281,0.930094,0.922837
2.686,0.735917,0.807237,0.930103,0.922854
2.687,0.735838,0.807192,0.930111,0.922871
2.688,0.735759,0.807148,0.93012,0.922887
2.689,0.73568,0.807103,0.930129,0.922904
2.69,0.735602,0.807059,0.930138,0.922921
2.691,0.735523,0.807015,0.930146,0.922938
2.692,0.735444,0.806971,0.930155,0.922954
2.693,0.735366,0.806926,0.930164,0.922971
2.694,0.735287,0.806882,0.930173,0.922988
2.695,0.735209,0.806838,0.930181,0.923004
2.696,0.73513,0.806794,0.93019,0.923021
2.697,0.735052,0.80675,0.930199,0.923038
2.698,0.734974,0.806706,0.930207,0.923054
2.699,0.734895,0.806662,0.930216,0.923071
2.7,0.734817,0.806618,0.930225,0.923088
2.701,0.734739,0.806574,0.930233,0.923104
2.702,0.734661,0.806531,0.930242,0.923121
2.703,0.734582,0.806487,0.93025,0.923137
2.704,0.734504,0.806443,0.930259,0.923154
2.705,0.734426,0.806399,0.930268,0.92317
2.706,0.734348,0.806356,0.930276,0.923187
2.707,0.73427,0.806312,0.930285,0.923203
2.708,0.734192,0.806269,0.930293,0.92322
2.709,0.734114,0.806225,0.930302,0.923236
2.71,0.734037,0.806182,0.93031,0.923252
2.711,0.733959,0.806138,0.930319,0.923269
2.712,0.733881,0.806095,0.930328,0.923285
2.713,0.733803,0.806051,0.930336,0.923301
2.714,0.733726,0.806008,0.930345,0.923318
2.715,0.733648,0.805965,0.930353,0.923334
2.716,0.73357,0.805922,0.930362,0.92335
2.717,0.733493,0.805878,0.93037,0.923367
2.718,0.733415,0.805835,0.930378,0.923383
2.719,0.733338,0.805792,0.930387,0.923399
2.72,0.733261,0.805749,0.930395,0.923415
2.721,0.733183,0.805706,0.930404,0.923431
2.722,0.733106,0.805663,0.930412,0.923448
2.723,0.733029,0.80562,0.930421,0.923464
2.724,0.732951,0.805577,0.930429,0.92348
2.725,0.732874,0.805534,0.930438,0.923496
2.726,0.732797,0.805492,0.930446,0.923512
2.727,0.73272,0.805449,0.930454,0.923528
2.728,0.732643,0.805406,0.930463,0.923544
2.729,0.732566,0.805363,0.930471,0.92356
2.73,0.732489,0.805321,0.930479,0.923576
2.731,0.732412,0.805278,0.930488,0.923592
2.732,0.732335,0.805236,0.930496,0.923608
2.733,0.732258,0.805193,0.930504,0.923624
2.734,0.732181,0.805151,0.930513,0.92364
2.735,0.732104,0.805108,0.930521,0.923656
2.736,0.732028,0.805066,0.930529,0.923672
2.737,0.731951,0.805023,0.930538,0.923688
2.738,0.731874,0.804981,0.930546,0.923704
2.739,0.731798,0.804939,0.930554,0.92372
2.74,0.731721,0.804897,0.930563,0.923736
2.741,0.731645,0.804854,0.930571,0.923752
2.742,0.731568,0.804812,0.930579,0.923767
2.743,0.731492,0.80477,0.930587,0.923783
2.744,0.731415,0.804728,0.930596,0.923799
2.745,0.731339,0.804686,0.930604,0.923815
2.746,0.731263,0.804644,0.930612,0.923831
2.747,0.731186,0.804602,0.93062,0.923846
2.748,0.73111,0.80456,0.930628,0.923862
2.749,0.731034,0.804518,0.930637,0.923878
2.75,0.730958,0.804477,0.930645,0.923893
2.751,0.730882,0.804435,0.930653,0.923909
2.752,0.730806,0.804393,0.930661,0.923925
2.753,0.73073,0.804351,0.930669,0.92394
2.754,0.730654,0.80431,0.930677,0.923956
2.755,0.730578,0.804268,0.930685,0.923972
2.756,0.730502,0.804227,0.930694,0.923987
2.757,0.730426,0.804185,0.930702,0.924003
2.758,0.73035,0.804144,0.93071,0.924018
2.759,0.730274,0.804102,0.930718,0.924034
2.76,0.730199,0.804061,0.930726,0.924049
2.761,0.730123,0.804019,0.930734,0.924065
2.762,0.730047,0.803978,0.930742,0.92408
2.763,0.729972,0.803937,0.93075,0.924096
2.764,0.729896,0.803895,0.930758,0.924111
2.765,0.729821,0.803854,0.930766,0.924127
2.766,0.729745,0.803813,0.930774,0.924142
2.767,0.72967,0.803772,0.930782,0.924157
2.768,0.729594,0.803731,0.93079,0.924173
2.769,0.729519,0.80369,0.930798,0.924188
2.77,0.729444,0.803649,0.930806,0.924203
2.771,0.729368,0.803608,0.930814,0.924219
2.772,0.729293,0.803567,0.930822,0.924234
2.773,0.729218,0.803526,0.93083,0.924249
2.774,0.729143,0.803485,0.930838,0.924265
2.775,0.729068,0.803445,0.930846,0.92428
2.776,0.728993,0.803404,0.930854,0.924295
2.777,0.728918,0.803363,0.930862,0.92431
2.778,0.728843,0.803322,0.93087,0.924326
2.779,0.728768,0.803282,0.930878,0.924341
2.78,0.728693,0.803241,0.930886,0.924356
2.781,0.728618,0.803201,0.930894,0.924371
2.782,0.728543,0.80316,0.930902,0.924386
2.783,0.728469,0.80312,0.93091,0.924401
2.784,0.728394,0.803079,0.930917,0.924416
2.785,0.728319,0.803039,0.930925,0.924431
2.786,0.728245,0.802999,0.930933,0.924447
2.787,0.72817,0.802958,0.930941,0.924462
2.788,0.728095,0.802918,0.930949,0.924477
2.789,0.728021,0.802878,0.930957,0.924492
2.79,0.727946,0.802838,0.930964,0.924507
2.791,0.727872,0.802798,0.930972,0.924522
2.792,0.727798,0.802758,0.93098,0.924537
2.793,0.727723,0.802718,0.930988,0.924552
2.794,0.727649,0.802678,0.930996,0.924566
2.795,0.727575,0.802638,0.931003,0.924581
2.796,0.727501,0.802598,0.931011,0.924596
2.797,0.727426,0.802558,0.931019,0.924611
2.798,0.727352,0.802518,0.931027,0.924626
2.799,0.727278,0.802478,0.931034,0.924641
2.8,0.727204,0.802438,0.931042,0.924656
2.801,0.72713,0.802399,0.93105,0.924671
2.802,0.727056,0.802359,0.931058,0.924685
2.803,0.726982,0.802319,0.931065,0.9247
2.804,0.726908,0.80228,0.931073,0.924715
2.805,0.726835,0.80224,0.931081,0.92473
2.806,0.726761,0.802201,0.931088,0.924744
2.807,0.726687,0.802161,0.931096,0.924759
2.808,0.726613,0.802122,0.931104,0.924774
2.809,0.72654,0.802083,0.931111,0.924789
2.81,0.726466,0.802043,0.931119,0.924803
2.811,0.726392,0.802004,0.931127,0.924818
2.812,0.726319,0.801965,0.931134,0.924832
2.813,0.726245,0.801925,0.931142,0.924847
2.814,0.726172,0.801886,0.93115,0.924862
2.815,0.726099,0.801847,0.931157,0.924876
2.816,0.726025,0.801808,0.931165,0.924891
2.817,0.725952,0.801769,0.931172,0.924905
2.818,0.725879,0.80173,0.93118,0.92492
2.819,0.725805,0.801691,0.931188,0.924934
2.82,0.725732,0.801652,0.931195,0.924949
2.821,0.725659,0.801613,0.931203,0.924964
2.822,0.725586,0.801574,0.93121,0.924978
2.823,0.725513,0.801536,0.931218,0.924992
2.824,0.72544,0.801497,0.931225,0.925007
2.825,0.725367,0.801458,0.931233,0.925021
2.826,0.725294,0.801419,0.93124,0.925036
2.827,0.725221,0.801381,0.931248,0.92505
2.828,0.725148,0.801342,0.931255,0.925065
2.829,0.725075,0.801304,0.931263,0.925079
2.83,0.725002,0.801265,0.93127,0.925093
2.831,0.72493,0.801227,0.931278,0.925108
2.832,0.724857,0.801188,0.931285,0.925122
2.833,0.724784,0.80115,0.931293,0.925136
2.834,0.724712,0.801111,0.9313,0.92515
2.835,0.724639,0.801073,0.931308,0.925165
2.836,0.724566,0.801035,0.931315,0.925179
2.837,0.724494,0.800997,0.931322,0.925193
2.838,0.724422,0.800958,0.93133,0.925207
2.839,0.724349,0.80092,0.931337,0.925222
2.84,0.724277,0.800882,0.931345,0.925236
2.841,0.724204,0.800844,0.931352,0.92525
2.842,0.724132,0.800806,0.931359,0.925264
2.843,0.72406,0.800768,0.931367,0.925278
2.844,0.723988,0.80073,0.931374,0.925292
2.845,0.723915,0.800692,0.931382,0.925307
2.846,0.723843,0.800654,0.931389,0.925321
2.847,0.723771,0.800617,0.931396,0.925335
2.848,0.723699,0.800579,0.931404,0.925349
2.849,0.723627,0.800541,0.931411,0.925363
2.85,0.723555,0.800503,0.931418,0.925377
2.851,0.723483,0.800466,0.931426,0.925391
2.852,0.723411,0.800428,0.931433,0.925405
2.853,0.72334,0.800391,0.93144,0.925419
2.854,0.723268,0.800353,0.931447,0.925433
2.855,0.723196,0.800315,0.931455,0.925447
2.856,0.723124,0.800278,0.931462,0.925461
2.857,0.723053,0.800241,0.931469,0.925475
2.858,0.722981,0.800203,0.931476,0.925489
2.859,0.722909,0.800166,0.931484,0.925502
2.86,0.722838,0.800129,0.931491,0.925516
2.861,0.722766,0.800091,0.931498,0.92553
2.862,0.722695,0.800054,0.931505,0.925544
2.863,0.722623,0.800017,0.931513,0.925558
2.864,0.722552,0.79998,0.93152,0.925572
2.865,0.722481,0.799943,0.931527,0.925586
2.866,0.722409,0.799906,0.931534,0.925599
2.867,0.722338,0.799869,0.931541,0.925613
2.868,0.722267,0.799832,0.931549,0.925627
2.869,0.722196,0.799795,0.931556,0.925641
2.87,0.722125,0.799758,0.931563,0.925654
2.871,0.722054,0.799721,0.93157,0.925668
2.872,0.721982,0.799684,0.931577,0.925682
2.873,0.721911,0.799648,0.931584,0.925695
2.874,0.721841,0.799611,0.931591,0.925709
2.875,0.72177,0.799574,0.931599,0.925723
2.876,0.721699,0.799538,0.931606,0.925736
2.877,0.721628,0.799501,0.931613,0.92575
2.878,0.721557,0.799465,0.93162,0.925764
2.879,0.721486,0.799428,0.931627,0.925777
2.88,0.721416,0.799392,0.931634,0.925791
2.881,0.721345,0.799355,0.931641,0.925804
2.882,0.721274,0.799319,0.931648,0.925818
2.883,0.721204,0.799282,0.931655,0.925831
2.884,0.721133,0.799246,0.931662,0.925845
2.885,0.721063,0.79921,0.931669,0.925858
2.886,0.720992,0.799174,0.931676,0.925872
2.887,0.720922,0.799137,0.931683,0.925885
2.888,0.720851,0.799101,0.93169,0.925899
2.889,0.720781,0.799065,0.931697,0.925912
2.89,0.720711,0.799029,0.931704,0.925926
2.891,0.72064,0.798993,0.931711,0.925939
2.892,0.72057,0.798957,0.931718,0.925952
2.893,0.7205,0.798921,0.931725,0.925966
2.894,0.72043,0.798885,0.931732,0.925979
2.895,0.72036,0.798849,0.931739,0.925993
2.896,0.720289,0.798814,0.931746,0.926006
2.897,0.720219,0.798778,0.931753,0.926019
2.898,0.720149,0.798742,0.93176,0.926032
2.899,0.720079,0.798706,0.931767,0.926046
2.9,0.72001,0.798671,0.931774,0.926059
2.901,0.71994,0.798635,0.931781,0.926072
2.902,0.71987,0.7986,0.931788,0.926086
2.903,0.7198,0.798564,0.931795,0.926099
2.904,0.71973,0.798529,0.931802,0.926112
2.905,0.719661,0.798493,0.931808,0.926125
2.906,0.719591,0.798458,0.931815,0.926138
2.907,0.719521,0.798422,0.931822,0.926152
2.908,0.719452,0.798387,0.931829,0.926165
2.909,0.719382,0.798352,0.931836,0.926178
2.91,0.719313,0.798317,0.931843,0.926191
2.911,0.719243,0.798281,0.93185,0.926204
2.912,0.719174,0.798246,0.931856,0.926217
2.913,0.719104,0.798211,0.931863,0.92623
2.914,0.719035,0.798176,0.93187,0.926243
2.915,0.718966,0.798141,0.931877,0.926256
2.916,0.718897,0.798106,0.931884,0.926269
2.917,0.718827,0.798071,0.93189,0.926282
2.918,0.718758,0.798036,0.931897,0.926295
2.919,0.718689,0.798001,0.931904,0.926308
2.92,0.71862,0.797966,0.931911,0.926321
2.921,0.718551,0.797932,0.931917,0.926334
2.922,0.718482,0.797897,0.931924,0.926347
2.923,0.718413,0.797862,0.931931,0.92636
2.924,0.718344,0.797827,0.931938,0.926373
2.925,0.718275,0.797793,0.931944,0.926386
2.926,0.718206,0.797758,0.931951,0.926399
2.927,0.718137,0.797724,0.931958,0.926412
2.928,0.718069,0.797689,0.931965,0.926425
2.929,0.718,0.797655,0.931971,0.926438
2.93,0.717931,0.79762,0.931978,0.926451
2.931,0.717863,0.797586,0.931985,0.926463
2.932,0.717794,0.797551,0.931991,0.926476
2.933,0.717725,0.797517,0.931998,0.926489
2.934,0.717657,0.797483,0.932005,0.926502
2.935,0.717588,0.797449,0.932011,0.926514
2.936,0.71752,0.797414,0.932018,0.926527
2.937,0.717451,0.79738,0.932025,0.92654
2.938,0.717383,0.797346,0.932031,0.926553
2.939,0.717315,0.797312,0.932038,0.926565
2.94,0.717246,0.797278,0.932045,0.926578
2.941,0.717178,0.797244,0.932051,0.926591
2.942,0.71711,0.79721,0.932058,0.926603
2.943,0.717042,0.797176,0.932064,0.926616
2.944,0.716974,0.797142,0.932071,0.926629
2.945,0.716906,0.797109,0.932078,0.926641
2.946,0.716838,0.797075,0.932084,0.926654
2.947,0.71677,0.797041,0.932091,0.926667
2.948,0.716702,0.797007,0.932097,0.926679
2.949,0.716634,0.796974,0.932104,0.926692
2.95,0.716566,0.79694,0.93211,0.926704
2.951,0.716498,0.796907,0.932117,0.926717
2.952,0.71643,0.796873,0.932123,0.926729
2.953,0.716362,0.796839,0.93213,0.926742
2.954,0.716295,0.796806,0.932136,0.926754
2.955,0.716227,0.796773,0.932143,0.926767
2.956,0.716159,0.796739,0.932149,0.926779
2.957,0.716092,0.796706,0.932156,0.926792
2.958,0.716024,0.796673,0.932162,0.926804
2.959,0.715957,0.796639,0.932169,0.926817
2.96,0.715889,0.796606,0.932175,0.926829
2.961,0.715822,0.796573,0.932182,0.926842
2.962,0.715754,0.79654,0.932188,0.926854
2.963,0.715687,0.796507,0.932195,0.926866
2.964,0.71562,0.796474,0.932201,0.926879
2.965,0.715552,0.796441,0.932208,0.926891
2.966,0.715485,0.796408,0.932214,0.926903
2.967,0.715418,0.796375,0.932221,0.926916
2.968,0.715351,0.796342,0.932227,0.926928
2.969,0.715284,0.796309,0.932233,0.92694
2.97,0.715217,0.796276,0.93224,0.926953
2.971,0.715149,0.796243,0.932246,0.926965
2.972,0.715082,0.796211,0.932253,0.926977
2.973,0.715016,0.796178,0.932259,0.926989
2.974,0.714949,0.796145,0.932265,0.927002
2.975,0.714882,0.796113,0.932272,0.927014
2.976,0.714815,0.79608,0.932278,0.927026
2.977,0.714748,0.796048,0.932284,0.927038
2.978,0.714681,0.796015,0.932291,0.92705
2.979,0.714615,0.795983,0.932297,0.927062
2.98,0.714548,0.79595,0.932303,0.927075
2.981,0.714481,0.795918,0.93231,0.927087
2.982,0.714415,0.795886,0.932316,0.927099
2.983,0.714348,0.795853,0.932322,0.927111
2.984,0.714282,0.795821,0.932329,0.927123
2.985,0.714215,0.795789,0.932335,0.927135
2.986,0.714149,0.795757,0.932341,0.927147
2.987,0.714082,0.795724,0.932348,0.927159
2.988,0.714016,0.795692,0.932354,0.927171
2.989,0.713949,0.79566,0.93236,0.927183
2.99,0.713883,0.795628,0.932366,0.927195
2.991,0.713817,0.795596,0.932373,0.927207
2.992,0.713751,0.795564,0.932379,0.927219
2.993,0.713685,0.795533,0.932385,0.927231
2.994,0.713618,0.795501,0.932391,0.927243
2.995,0.713552,0.795469,0.932398,0.927255
2.996,0.713486,0.795437,0.932404,0.927267
2.997,0.71342,0.795405,0.93241,0.927279
2.998,0.713354,0.795374,0.932416,0.927291
2.999,0.713288,0.795342,0.932422,0.927303
3,0.713222,0.79531,0.932429,0.927315
3.001,0.713157,0.795279,0.932435,0.927327
3.002,0.713091,0.795247,0.932441,0.927338
3.003,0.713025,0.795216,0.932447,0.92735
3.004,0.712959,0.795184,0.932453,0.927362
3.005,0.712894,0.795153,0.932459,0.927374
3.006,0.712828,0.795122,0.932466,0.927386
3.007,0.712762,0.79509,0.932472,0.927398
3.008,0.712697,0.795059,0.932478,0.927409
3.009,0.712631,0.795028,0.932484,0.927421
3.01,0.712566,0.794997,0.93249,0.927433
3.011,0.7125,0.794965,0.932496,0.927445
3.012,0.712435,0.794934,0.932502,0.927456
3.013,0.712369,0.794903,0.932509,0.927468
3.014,0.712304,0.794872,0.932515,0.92748
3.015,0.712239,0.794841,0.932521,0.927491
3.016,0.712174,0.79481,0.932527,0.927503
3.017,0.712108,0.794779,0.932533,0.927515
3.018,0.712043,0.794748,0.932539,0.927526
3.019,0.711978,0.794718,0.932545,0.927538
3.02,0.711913,0.794687,0.932551,0.92755
3.021,0.711848,0.794656,0.932557,0.927561
3.022,0.711783,0.794625,0.932563,0.927573
3.023,0.711718,0.794595,0.932569,0.927584
3.024,0.711653,0.794564,0.932575,0.927596
3.025,0.711588,0.794533,0.932581,0.927607
3.026,0.711523,0.794503,0.932587,0.927619
3.027,0.711458,0.794472,0.932593,0.927631
3.028,0.711393,0.794442,0.932599,0.927642
3.029,0.711329,0.794411,0.932605,0.927654
3.03,0.711264,0.794381,0.932611,0.927665
3.031,0.711199,0.79435,0.932617,0.927677
3.032,0.711135,0.79432,0.932623,0.927688
3.033,0.71107,0.79429,0.932629,0.927699
3.034,0.711006,0.79426,0.932635,0.927711
3.035,0.710941,0.794229,0.932641,0.927722
3.036,0.710877,0.794199,0.932647,0.927734
3.037,0.710812,0.794169,0.932653,0.927745
3.038,0.710748,0.794139,0.932659,0.927757
3.039,0.710683,0.794109,0.932665,0.927768
3.04,0.710619,0.794079,0.932671,0.927779
3.041,0.710555,0.794049,0.932677,0.927791
3.042,0.710491,0.794019,0.932683,0.927802
3.043,0.710426,0.793989,0.932689,0.927813
3.044,0.710362,0.793959,0.932694,0.927825
3.045,0.710298,0.793929,0.9327,0.927836
3.046,0.710234,0.7939,0.932706,0.927847
3.047,0.71017,0.79387,0.932712,0.927858
3.048,0.710106,0.79384,0.932718,0.92787
3.049,0.710042,0.793811,0.932724,0.927881
3.05,0.709978,0.793781,0.93273,0.927892
3.051,0.709914,0.793751,0.932736,0.927903
3.052,0.70985,0.793722,0.932741,0.927915
3.053,0.709786,0.793692,0.932747,0.927926
3.054,0.709723,0.793663,0.932753,0.927937
3.055,0.709659,0.793634,0.932759,0.927948
3.056,0.709595,0.793604,0.932765,0.927959
3.057,0.709532,0.793575,0.932771,0.927971
3.058,0.709468,0.793545,0.932776,0.927982
3.059,0.709404,0.793516,0.932782,0.927993
3.06,0.709341,0.793487,0.932788,0.928004
3.061,0.709277,0.793458,0.932794,0.928015
3.062,0.709214,0.793429,0.9328,0.928026
3.063,0.70915,0.7934,0.932805,0.928037
3.064,0.709087,0.793371,0.932811,0.928048
3.065,0.709024,0.793342,0.932817,0.928059
3.066,0.70896,0.793313,0.932823,0.92807
3.067,0.708897,0.793284,0.932828,0.928081
3.068,0.708834,0.793255,0.932834,0.928092
3.069,0.708771,0.793226,0.93284,0.928103
3.07,0.708707,0.793197,0.932846,0.928114
3.071,0.708644,0.793168,0.932851,0.928125
3.072,0.708581,0.79314,0.932857,0.928136
3.073,0.708518,0.793111,0.932863,0.928147
3.074,0.708455,0.793082,0.932868,0.928158
3.075,0.708392,0.793054,0.932874,0.928169
3.076,0.708329,0.793025,0.93288,0.92818
3.077,0.708266,0.792996,0.932885,0.928191
3.078,0.708204,0.792968,0.932891,0.928202
3.079,0.708141,0.792939,0.932897,0.928213
3.08,0.708078,0.792911,0.932902,0.928224
3.081,0.708015,0.792883,0.932908,0.928234
3.082,0.707953,0.792854,0.932914,0.928245
3.083,0.70789,0.792826,0.932919,0.928256
3.084,0.707827,0.792798,0.932925,0.928267
3.085,0.707765,0.792769,0.932931,0.928278
3.086,0.707702,0.792741,0.932936,0.928289
3.087,0.70764,0.792713,0.932942,0.928299
3.088,0.707577,0.792685,0.932948,0.92831
3.089,0.707515,0.792657,0.932953,0.928321
3.09,0.707452,0.792629,0.932959,0.928332
3.091,0.70739,0.792601,0.932964,0.928342
3.092,0.707328,0.792573,0.93297,0.928353
3.093,0.707265,0.792545,0.932976,0.928364
3.094,0.707203,0.792517,0.932981,0.928374
3.095,0.707141,0.792489,0.932987,0.928385
3.096,0.707079,0.792462,0.932992,0.928396
3.097,0.707017,0.792434,0.932998,0.928406
3.098,0.706955,0.792406,0.933003,0.928417
3.099,0.706893,0.792378,0.933009,0.928428
3.1,0.706831,0.792351,0.933015,0.928438
3.101,0.706769,0.792323,0.93302,0.928449
3.102,0.706707,0.792296,0.933026,0.92846
3.103,0.706645,0.792268,0.933031,0.92847
3.104,0.706583,0.792241,0.933037,0.928481
3.105,0.706521,0.792213,0.933042,0.928491
3.106,0.706459,0.792186,0.933048,0.928502
3.107,0.706398,0.792158,0.933053,0.928512
3.108,0.706336,0.792131,0.933059,0.928523
3.109,0.706274,0.792104,0.933064,0.928534
3.11,0.706213,0.792076,0.93307,0.928544
3.111,0.706151,0.792049,0.933075,0.928555
3.112,0.706089,0.792022,0.933081,0.928565
3.113,0.706028,0.791995,0.933086,0.928576
3.114,0.705966,0.791968,0.933091,0.928586
3.115,0.705905,0.791941,0.933097,0.928596
3.116,0.705844,0.791914,0.933102,0.928607
3.117,0.705782,0.791887,0.933108,0.928617
3.118,0.705721,0.79186,0.933113,0.928628
3.119,0.70566,0.791833,0.933119,0.928638
3.12,0.705598,0.791806,0.933124,0.928649
3.121,0.705537,0.791779,0.93313,0.928659
3.122,0.705476,0.791753,0.933135,0.928669
3.123,0.705415,0.791726,0.93314,0.92868
3.124,0.705354,0.791699,0.933146,0.92869
3.125,0.705293,0.791672,0.933151,0.9287
3.126,0.705232,0.791646,0.933156,0.928711
3.127,0.705171,0.791619,0.933162,0.928721
3.128,0.70511,0.791593,0.933167,0.928731
3.129,0.705049,0.791566,0.933173,0.928742
3.13,0.704988,0.79154,0.933178,0.928752
3.131,0.704927,0.791513,0.933183,0.928762
3.132,0.704866,0.791487,0.933189,0.928772
3.133,0.704806,0.791461,0.933194,0.928783
3.134,0.704745,0.791434,0.933199,0.928793
3.135,0.704684,0.791408,0.933205,0.928803
3.136,0.704624,0.791382,0.93321,0.928813
3.137,0.704563,0.791356,0.933215,0.928824
3.138,0.704502,0.791329,0.933221,0.928834
3.139,0.704442,0.791303,0.933226,0.928844
3.14,0.704381,0.791277,0.933231,0.928854
3.141,0.704321,0.791251,0.933237,0.928864
3.142,0.70426,0.791225,0.933242,0.928874
3.143,0.7042,0.791199,0.933247,0.928885
3.144,0.70414,0.791173,0.933252,0.928895
3.145,0.704079,0.791147,0.933258,0.928905
3.146,0.704019,0.791122,0.933263,0.928915
3.147,0.703959,0.791096,0.933268,0.928925
3.148,0.703899,0.79107,0.933273,0.928935
3.149,0.703839,0.791044,0.933279,0.928945
3.15,0.703778,0.791019,0.933284,0.928955
3.151,0.703718,0.790993,0.933289,0.928965
3.152,0.703658,0.790967,0.933294,0.928975
3.153,0.703598,0.790942,0.9333,0.928985
3.154,0.703538,0.790916,0.933305,0.928995
3.155,0.703478,0.790891,0.93331,0.929005
3.156,0.703419,0.790865,0.933315,0.929015
3.157,0.703359,0.79084,0.93332,0.929025
3.158,0.703299,0.790814,0.933326,0.929035
3.159,0.703239,0.790789,0.933331,0.929045
3.16,0.703179,0.790764,0.933336,0.929055
3.161,0.70312,0.790739,0.933341,0.929065
3.162,0.70306,0.790713,0.933346,0.929075
3.163,0.703,0.790688,0.933352,0.929085
3.164,0.702941,0.790663,0.933357,0.929095
3.165,0.702881,0.790638,0.933362,0.929105
3.166,0.702822,0.790613,0.933367,0.929115
3.167,0.702762,0.790588,0.933372,0.929124
3.168,0.702703,0.790563,0.933377,0.929134
3.169,0.702643,0.790538,0.933382,0.929144
3.17,0.702584,0.790513,0.933388,0.929154
3.171,0.702525,0.790488,0.933393,0.929164
3.172,0.702465,0.790463,0.933398,0.929174
3.173,0.702406,0.790438,0.933403,0.929183
3.174,0.702347,0.790414,0.933408,0.929193
3.175,0.702288,0.790389,0.933413,0.929203
3.176,0.702229,0.790364,0.933418,0.929213
3.177,0.702169,0.79034,0.933423,0.929222
3.178,0.70211,0.790315,0.933428,0.929232
3.179,0.702051,0.79029,0.933433,0.929242
3.18,0.701992,0.790266,0.933439,0.929252
3.181,0.701933,0.790241,0.933444,0.929261
3.182,0.701874,0.790217,0.933449,0.929271
3.183,0.701815,0.790193,0.933454,0.929281
3.184,0.701757,0.790168,0.933459,0.92929
3.185,0.701698,0.790144,0.933464,0.9293
3.186,0.701639,0.79012,0.933469,0.92931
3.187,0.70158,0.790095,0.933474,0.929319
3.188,0.701522,0.790071,0.933479,0.929329
3.189,0.701463,0.790047,0.933484,0.929339
3.19,0.701404,0.790023,0.933489,0.929348
3.191,0.701346,0.789999,0.933494,0.929358
3.192,0.701287,0.789975,0.933499,0.929368
3.193,0.701229,0.789951,0.933504,0.929377
3.194,0.70117,0.789927,0.933509,0.929387
3.195,0.701112,0.789903,0.933514,0.929396
3.196,0.701053,0.789879,0.933519,0.929406
3.197,0.700995,0.789855,0.933524,0.929415
3.198,0.700937,0.789831,0.933529,0.929425
3.199,0.700878,0.789807,0.933534,0.929434
3.2,0.70082,0.789783,0.933539,0.929444
3.201,0.700762,0.78976,0.933544,0.929453
3.202,0.700704,0.789736,0.933549,0.929463
3.203,0.700645,0.789712,0.933554,0.929472
3.204,0.700587,0.789689,0.933559,0.929482
3.205,0.700529,0.789665,0.933564,0.929491
3.206,0.700471,0.789642,0.933568,0.929501
3.207,0.700413,0.789618,0.933573,0.92951
3.208,0.700355,0.789595,0.933578,0.92952
3.209,0.700297,0.789571,0.933583,0.929529
3.21,0.700239,0.789548,0.933588,0.929538
3.211,0.700181,0.789525,0.933593,0.929548
3.212,0.700124,0.789501,0.933598,0.929557
3.213,0.700066,0.789478,0.933603,0.929567
3.214,0.700008,0.789455,0.933608,0.929576
3.215,0.69995,0.789432,0.933613,0.929585
3.216,0.699893,0.789409,0.933617,0.929595
3.217,0.699835,0.789385,0.933622,0.929604
3.218,0.699777,0.789362,0.933627,0.929613
3.219,0.69972,0.789339,0.933632,0.929623
3.22,0.699662,0.789316,0.933637,0.929632
3.221,0.699605,0.789293,0.933642,0.929641
3.222,0.699547,0.78927,0.933647,0.929651
3.223,0.69949,0.789248,0.933651,0.92966
3.224,0.699433,0.789225,0.933656,0.929669
3.225,0.699375,0.789202,0.933661,0.929678
3.226,0.699318,0.789179,0.933666,0.929688
3.227,0.699261,0.789156,0.933671,0.929697
3.228,0.699203,0.789134,0.933675,0.929706
3.229,0.699146,0.789111,0.93368,0.929715
3.23,0.699089,0.789088,0.933685,0.929724
3.231,0.699032,0.789066,0.93369,0.929734
3.232,0.698975,0.789043,0.933695,0.929743
3.233,0.698918,0.789021,0.933699,0.929752
3.234,0.698861,0.788998,0.933704,0.929761
3.235,0.698804,0.788976,0.933709,0.92977
3.236,0.698747,0.788954,0.933714,0.929779
3.237,0.69869,0.788931,0.933718,0.929789
3.238,0.698633,0.788909,0.933723,0.929798
3.239,0.698576,0.788887,0.933728,0.929807
3.24,0.698519,0.788864,0.933733,0.929816
3.241,0.698463,0.788842,0.933737,0.929825
3.242,0.698406,0.78882,0.933742,0.929834
3.243,0.698349,0.788798,0.933747,0.929843
3.244,0.698292,0.788776,0.933752,0.929852
3.245,0.698236,0.788754,0.933756,0.929861
3.246,0.698179,0.788732,0.933761,0.92987
3.247,0.698123,0.78871,0.933766,0.929879
3.248,0.698066,0.788688,0.93377,0.929888
3.249,0.69801,0.788666,0.933775,0.929897
3.25,0.697953,0.788644,0.93378,0.929906
3.251,0.697897,0.788622,0.933785,0.929915
3.252,0.69784,0.788601,0.933789,0.929924
3.253,0.697784,0.788579,0.933794,0.929933
3.254,0.697728,0.788557,0.933799,0.929942
3.255,0.697671,0.788535,0.933803,0.929951
3.256,0.697615,0.788514,0.933808,0.92996
3.257,0.697559,0.788492,0.933813,0.929969
3.258,0.697503,0.788471,0.933817,0.929978
3.259,0.697447,0.788449,0.933822,0.929987
3.26,0.697391,0.788428,0.933827,0.929996
3.261,0.697335,0.788406,0.933831,0.930005
3.262,0.697279,0.788385,0.933836,0.930013
3.263,0.697223,0.788363,0.93384,0.930022
3.264,0.697167,0.788342,0.933845,0.930031
3.265,0.697111,0.788321,0.93385,0.93004
3.266,0.697055,0.7883,0.933854,0.930049
3.267,0.696999,0.788278,0.933859,0.930058
3.268,0.696943,0.788257,0.933863,0.930067
3.269,0.696887,0.788236,0.933868,0.930075
3.27,0.696832,0.788215,0.933873,0.930084
3.271,0.696776,0.788194,0.933877,0.930093
3.272,0.69672,0.788173,0.933882,0.930102
3.273,0.696665,0.788152,0.933886,0.930111
3.274,0.696609,0.788131,0.933891,0.930119
3.275,0.696554,0.78811,0.933895,0.930128
3.276,0.696498,0.788089,0.9339,0.930137
3.277,0.696443,0.788068,0.933905,0.930146
3.278,0.696387,0.788048,0.933909,0.930154
3.279,0.696332,0.788027,0.933914,0.930163
3.28,0.696276,0.788006,0.933918,0.930172
3.281,0.696221,0.787985,0.933923,0.93018
3.282,0.696166,0.787965,0.933927,0.930189
3.283,0.69611,0.787944,0.933932,0.930198
3.284,0.696055,0.787924,0.933936,0.930206
3.285,0.696,0.787903,0.933941,0.930215
3.286,0.695945,0.787882,0.933945,0.930224
3.287,0.69589,0.787862,0.93395,0.930232
3.288,0.695835,0.787842,0.933954,0.930241
3.289,0.695779,0.787821,0.933959,0.93025
3.29,0.695724,0.787801,0.933963,0.930258
3.291,0.695669,0.787781,0.933968,0.930267
3.292,0.695614,0.78776,0.933972,0.930275
3.293,0.69556,0.78774,0.933977,0.930284
3.294,0.695505,0.78772,0.933981,0.930292
3.295,0.69545,0.7877,0.933986,0.930301
3.296,0.695395,0.78768,0.93399,0.93031
3.297,0.69534,0.787659,0.933995,0.930318
3.298,0.695285,0.787639,0.933999,0.930327
3.299,0.695231,0.787619,0.934004,0.930335
3.3,0.695176,0.787599,0.934008,0.930344
3.301,0.695121,0.787579,0.934012,0.930352
3.302,0.695067,0.78756,0.934017,0.930361
3.303,0.695012,0.78754,0.934021,0.930369
3.304,0.694958,0.78752,0.934026,0.930378
3.305,0.694903,0.7875,0.93403,0.930386
3.306,0.694849,0.78748,0.934034,0.930395
3.307,0.694794,0.787461,0.934039,0.930403
3.308,0.69474,0.787441,0.934043,0.930411
3.309,0.694686,0.787421,0.934048,0.93042
3.31,0.694631,0.787402,0.934052,0.930428
3.311,0.694577,0.787382,0.934056,0.930437
3.312,0.694523,0.787363,0.934061,0.930445
3.313,0.694469,0.787343,0.934065,0.930453
3.314,0.694414,0.787324,0.93407,0.930462
3.315,0.69436,0.787304,0.934074,0.93047
3.316,0.694306,0.787285,0.934078,0.930479
3.317,0.694252,0.787265,0.934083,0.930487
3.318,0.694198,0.787246,0.934087,0.930495
3.319,0.694144,0.787227,0.934091,0.930504
3.32,0.69409,0.787208,0.934096,0.930512
3.321,0.694036,0.787188,0.9341,0.93052
3.322,0.693982,0.787169,0.934104,0.930529
3.323,0.693928,0.78715,0.934109,0.930537
3.324,0.693874,0.787131,0.934113,0.930545
3.325,0.693821,0.787112,0.934117,0.930553
3.326,0.693767,0.787093,0.934122,0.930562
3.327,0.693713,0.787074,0.934126,0.93057
3.328,0.693659,0.787055,0.93413,0.930578
3.329,0.693606,0.787036,0.934135,0.930586
3.33,0.693552,0.787017,0.934139,0.930595
3.331,0.693499,0.786999,0.934143,0.930603
3.332,0.693445,0.78698,0.934147,0.930611
3.333,0.693392,0.786961,0.934152,0.930619
3.334,0.693338,0.786942,0.934156,0.930628
3.335,0.693285,0.786924,0.93416,0.930636
3.336,0.693231,0.786905,0.934164,0.930644
3.337,0.693178,0.786886,0.934169,0.930652
3.338,0.693124,0.786868,0.934173,0.93066
3.339,0.693071,0.786849,0.934177,0.930668
3.34,0.693018,0.786831,0.934181,0.930677
3.341,0.692965,0.786812,0.934186,0.930685
3.342,0.692911,0.786794,0.93419,0.930693
3.343,0.692858,0.786775,0.934194,0.930701
3.344,0.692805,0.786757,0.934198,0.930709
3.345,0.692752,0.786739,0.934203,0.930717
3.346,0.692699,0.786721,0.934207,0.930725
3.347,0.692646,0.786702,0.934211,0.930733
3.348,0.692593,0.786684,0.934215,0.930741
3.349,0.69254,0.786666,0.934219,0.930749
3.35,0.692487,0.786648,0.934224,0.930757
3.351,0.692434,0.78663,0.934228,0.930765
3.352,0.692381,0.786612,0.934232,0.930774
3.353,0.692328,0.786594,0.934236,0.930782
3.354,0.692276,0.786576,0.93424,0.93079
3.355,0.692223,0.786558,0.934245,0.930798
3.356,0.69217,0.78654,0.934249,0.930806
3.357,0.692117,0.786522,0.934253,0.930814
3.358,0.692065,0.786504,0.934257,0.930822
3.359,0.692012,0.786486,0.934261,0.93083
3.36,0.691959,0.786469,0.934265,0.930837
3.361,0.691907,0.786451,0.93427,0.930845
3.362,0.691854,0.786433,0.934274,0.930853
3.363,0.691802,0.786416,0.934278,0.930861
3.364,0.691749,0.786398,0.934282,0.930869
3.365,0.691697,0.78638,0.934286,0.930877
3.366,0.691645,0.786363,0.93429,0.930885
3.367,0.691592,0.786345,0.934294,0.930893
3.368,0.69154,0.786328,0.934298,0.930901
3.369,0.691488,0.78631,0.934303,0.930909
3.37,0.691435,0.786293,0.934307,0.930917
3.371,0.691383,0.786276,0.934311,0.930924
3.372,0.691331,0.786258,0.934315,0.930932
3.373,0.691279,0.786241,0.934319,0.93094
3.374,0.691227,0.786224,0.934323,0.930948
3.375,0.691175,0.786207,0.934327,0.930956
3.376,0.691123,0.786189,0.934331,0.930964
3.377,0.691071,0.786172,0.934335,0.930971
3.378,0.691019,0.786155,0.934339,0.930979
3.379,0.690967,0.786138,0.934343,0.930987
3.38,0.690915,0.786121,0.934347,0.930995
3.381,0.690863,0.786104,0.934352,0.931003
3.382,0.690811,0.786087,0.934356,0.93101
3.383,0.690759,0.78607,0.93436,0.931018
3.384,0.690707,0.786053,0.934364,0.931026
3.385,0.690656,0.786036,0.934368,0.931034
3.386,0.690604,0.78602,0.934372,0.931041
3.387,0.690552,0.786003,0.934376,0.931049
3.388,0.690501,0.785986,0.93438,0.931057
3.389,0.690449,0.785969,0.934384,0.931065
3.39,0.690397,0.785953,0.934388,0.931072
3.391,0.690346,0.785936,0.934392,0.93108
3.392,0.690294,0.78592,0.934396,0.931088
3.393,0.690243,0.785903,0.9344,0.931095
3.394,0.690192,0.785886,0.934404,0.931103
3.395,0.69014,0.78587,0.934408,0.931111
3.396,0.690089,0.785854,0.934412,0.931118
3.397,0.690037,0.785837,0.934416,0.931126
3.398,0.689986,0.785821,0.93442,0.931134
3.399,0.689935,0.785804,0.934424,0.931141
3.4,0.689884,0.785788,0.934428,0.931149
3.401,0.689832,0.785772,0.934432,0.931156
3.402,0.689781,0.785756,0.934436,0.931164
3.403,0.68973,0.785739,0.93444,0.931172
3.404,0.689679,0.785723,0.934444,0.931179
3.405,0.689628,0.785707,0.934448,0.931187
3.406,0.689577,0.785691,0.934451,0.931194
3.407,0.689526,0.785675,0.934455,0.931202
3.408,0.689475,0.785659,0.934459,0.931209
3.409,0.689424,0.785643,0.934463,0.931217
3.41,0.689373,0.785627,0.934467,0.931225
3.411,0.689322,0.785611,0.934471,0.931232
3.412,0.689271,0.785595,0.934475,0.93124
3.413,0.689221,0.785579,0.934479,0.931247
3.414,0.68917,0.785564,0.934483,0.931255
3.415,0.689119,0.785548,0.934487,0.931262
3.416,0.689068,0.785532,0.934491,0.93127
3.417,0.689018,0.785516,0.934495,0.931277
3.418,0.688967,0.785501,0.934498,0.931284
3.419,0.688916,0.785485,0.934502,0.931292
3.42,0.688866,0.78547,0.934506,0.931299
3.421,0.688815,0.785454,0.93451,0.931307
3.422,0.688765,0.785438,0.934514,0.931314
3.423,0.688714,0.785423,0.934518,0.931322
3.424,0.688664,0.785408,0.934522,0.931329
3.425,0.688613,0.785392,0.934526,0.931337
3.426,0.688563,0.785377,0.934529,0.931344
3.427,0.688513,0.785361,0.934533,0.931351
3.428,0.688462,0.785346,0.934537,0.931359
3.429,0.688412,0.785331,0.934541,0.931366
3.43,0.688362,0.785316,0.934545,0.931373
3.431,0.688312,0.7853,0.934549,0.931381
3.432,0.688262,0.785285,0.934553,0.931388
3.433,0.688211,0.78527,0.934556,0.931395
3.434,0.688161,0.785255,0.93456,0.931403
3.435,0.688111,0.78524,0.934564,0.93141
3.436,0.688061,0.785225,0.934568,0.931417
3.437,0.688011,0.78521,0.934572,0.931425
3.438,0.687961,0.785195,0.934575,0.931432
3.439,0.687911,0.78518,0.934579,0.931439
3.44,0.687861,0.785165,0.934583,0.931447
3.441,0.687812,0.785151,0.934587,0.931454
3.442,0.687762,0.785136,0.934591,0.931461
3.443,0.687712,0.785121,0.934594,0.931468
3.444,0.687662,0.785106,0.934598,0.931476
3.445,0.687612,0.785092,0.934602,0.931483
3.446,0.687563,0.785077,0.934606,0.93149
3.447,0.687513,0.785062,0.93461,0.931497
3.448,0.687463,0.785048,0.934613,0.931505
3.449,0.687414,0.785033,0.934617,0.931512
3.45,0.687364,0.785019,0.934621,0.931519
3.451,0.687315,0.785004,0.934625,0.931526
3.452,0.687265,0.78499,0.934628,0.931533
3.453,0.687216,0.784975,0.934632,0.931541
3.454,0.687166,0.784961,0.934636,0.931548
3.455,0.687117,0.784947,0.93464,0.931555
3.456,0.687067,0.784932,0.934643,0.931562
3.457,0.687018,0.784918,0.934647,0.931569
3.458,0.686969,0.784904,0.934651,0.931576
3.459,0.686919,0.78489,0.934654,0.931584
3.46,0.68687,0.784876,0.934658,0.931591
3.461,0.686821,0.784861,0.934662,0.931598
3.462,0.686772,0.784847,0.934666,0.931605
3.463,0.686723,0.784833,0.934669,0.931612
3.464,0.686673,0.784819,0.934673,0.931619
3.465,0.686624,0.784805,0.934677,0.931626
3.466,0.686575,0.784791,0.93468,0.931633
3.467,0.686526,0.784777,0.934684,0.93164
3.468,0.686477,0.784764,0.934688,0.931647
3.469,0.686428,0.78475,0.934691,0.931654
3.47,0.686379,0.784736,0.934695,0.931662
3.471,0.686331,0.784722,0.934699,0.931669
3.472,0.686282,0.784708,0.934702,0.931676
3.473,0.686233,0.784695,0.934706,0.931683
3.474,0.686184,0.784681,0.93471,0.93169
3.475,0.686135,0.784667,0.934713,0.931697
3.476,0.686087,0.784654,0.934717,0.931704
3.477,0.686038,0.78464,0.934721,0.931711
3.478,0.685989,0.784627,0.934724,0.931718
3.479,0.685941,0.784613,0.934728,0.931725
3.48,0.685892,0.7846,0.934732,0.931732
3.481,0.685843,0.784586,0.934735,0.931739
3.482,0.685795,0.784573,0.934739,0.931745
3.483,0.685746,0.78456,0.934742,0.931752
3.484,0.685698,0.784546,0.934746,0.931759
3.485,0.685649,0.784533,0.93475,0.931766
3.486,0.685601,0.78452,0.934753,0.931773
3.487,0.685553,0.784507,0.934757,0.93178
3.488,0.685504,0.784493,0.934761,0.931787
3.489,0.685456,0.78448,0.934764,0.931794
3.49,0.685408,0.784467,0.934768,0.931801
3.491,0.685359,0.784454,0.934771,0.931808
3.492,0.685311,0.784441,0.934775,0.931815
3.493,0.685263,0.784428,0.934778,0.931821
3.494,0.685215,0.784415,0.934782,0.931828
3.495,0.685167,0.784402,0.934786,0.931835
3.496,0.685119,0.784389,0.934789,0.931842
3.497,0.685071,0.784376,0.934793,0.931849
3.498,0.685023,0.784364,0.934796,0.931856
3.499,0.684975,0.784351,0.9348,0.931862
3.5,0.684927,0.784338,0.934803,0.931869
3.501,0.684879,0.784325,0.934807,0.931876
3.502,0.684831,0.784313,0.934811,0.931883
3.503,0.684783,0.7843,0.934814,0.93189
3.504,0.684735,0.784287,0.934818,0.931896
3.505,0.684687,0.784275,0.934821,0.931903
3.506,0.68464,0.784262,0.934825,0.93191
3.507,0.684592,0.78425,0.934828,0.931917
3.508,0.684544,0.784237,0.934832,0.931924
3.509,0.684496,0.784225,0.934835,0.93193
3.51,0.684449,0.784213,0.934839,0.931937
3.511,0.684401,0.7842,0.934842,0.931944
3.512,0.684354,0.784188,0.934846,0.931951
3.513,0.684306,0.784176,0.934849,0.931957
3.514,0.684258,0.784163,0.934853,0.931964
3.515,0.684211,0.784151,0.934856,0.931971
3.516,0.684164,0.784139,0.93486,0.931977
3.517,0.684116,0.784127,0.934863,0.931984
3.518,0.684069,0.784115,0.934867,0.931991
3.519,0.684021,0.784102,0.93487,0.931997
3.52,0.683974,0.78409,0.934874,0.932004
3.521,0.683927,0.784078,0.934877,0.932011
3.522,0.68388,0.784066,0.934881,0.932017
3.523,0.683832,0.784054,0.934884,0.932024
3.524,0.683785,0.784043,0.934888,0.932031
3.525,0.683738,0.784031,0.934891,0.932037
3.526,0.683691,0.784019,0.934894,0.932044
3.527,0.683644,0.784007,0.934898,0.93205
3.528,0.683597,0.783995,0.934901,0.932057
3.529,0.68355,0.783983,0.934905,0.932064
3.53,0.683503,0.783972,0.934908,0.93207
3.531,0.683456,0.78396,0.934912,0.932077
3.532,0.683409,0.783948,0.934915,0.932083
3.533,0.683362,0.783937,0.934918,0.93209
3.534,0.683315,0.783925,0.934922,0.932097
3.535,0.683268,0.783914,0.934925,0.932103
3.536,0.683221,0.783902,0.934929,0.93211
3.537,0.683174,0.783891,0.934932,0.932116
3.538,0.683128,0.783879,0.934936,0.932123
3.539,0.683081,0.783868,0.934939,0.932129
3.54,0.683034,0.783857,0.934942,0.932136
3.541,0.682988,0.783845,0.934946,0.932142
3.542,0.682941,0.783834,0.934949,0.932149
3.543,0.682894,0.783823,0.934953,0.932155
3.544,0.682848,0.783811,0.934956,0.932162
3.545,0.682801,0.7838,0.934959,0.932168
3.546,0.682755,0.783789,0.934963,0.932175
3.547,0.682708,0.783778,0.934966,0.932181
3.548,0.682662,0.783767,0.934969,0.932188
3.549,0.682615,0.783756,0.934973,0.932194
3.55,0.682569,0.783745,0.934976,0.932201
3.551,0.682523,0.783734,0.93498,0.932207
3.552,0.682476,0.783723,0.934983,0.932213
3.553,0.68243,0.783712,0.934986,0.93222
3.554,0.682384,0.783701,0.93499,0.932226
3.555,0.682338,0.78369,0.934993,0.932233
3.556,0.682291,0.783679,0.934996,0.932239
3.557,0.682245,0.783669,0.935,0.932246
3.558,0.682199,0.783658,0.935003,0.932252
3.559,0.682153,0.783647,0.935006,0.932258
3.56,0.682107,0.783637,0.93501,0.932265
3.561,0.682061,0.783626,0.935013,0.932271
3.562,0.682015,0.783615,0.935016,0.932277
3.563,0.681969,0.783605,0.93502,0.932284
3.564,0.681923,0.783594,0.935023,0.93229
3.565,0.681877,0.783584,0.935026,0.932296
3.566,0.681831,0.783573,0.935029,0.932303
3.567,0.681785,0.783563,0.935033,0.932309
3.568,0.681739,0.783552,0.935036,0.932315
3.569,0.681694,0.783542,0.935039,0.932322
3.57,0.681648,0.783532,0.935043,0.932328
3.571,0.681602,0.783521,0.935046,0.932334
3.572,0.681556,0.783511,0.935049,0.932341
3.573,0.681511,0.783501,0.935052,0.932347
3.574,0.681465,0.783491,0.935056,0.932353
3.575,0.681419,0.78348,0.935059,0.932359
3.576,0.681374,0.78347,0.935062,0.932366
3.577,0.681328,0.78346,0.935066,0.932372
3.578,0.681283,0.78345,0.935069,0.932378
3.579,0.681237,0.78344,0.935072,0.932384
3.58,0.681192,0.78343,0.935075,0.932391
3.581,0.681146,0.78342,0.935079,0.932397
3.582,0.681101,0.78341,0.935082,0.932403
3.583,0.681056,0.7834,0.935085,0.932409
3.584,0.68101,0.78339,0.935088,0.932416
3.585,0.680965,0.783381,0.935091,0.932422
3.586,0.68092,0.783371,0.935095,0.932428
3.587,0.680875,0.783361,0.935098,0.932434
3.588,0.680829,0.783351,0.935101,0.93244
3.589,0.680784,0.783342,0.935104,0.932447
3.59,0.680739,0.783332,0.935108,0.932453
3.591,0.680694,0.783322,0.935111,0.932459
3.592,0.680649,0.783313,0.935114,0.932465
3.593,0.680604,0.783303,0.935117,0.932471
3.594,0.680559,0.783294,0.93512,0.932477
3.595,0.680514,0.783284,0.935124,0.932483
3.596,0.680469,0.783275,0.935127,0.93249
3.597,0.680424,0.783265,0.93513,0.932496
3.598,0.680379,0.783256,0.935133,0.932502
3.599,0.680334,0.783247,0.935136,0.932508
3.6,0.680289,0.783237,0.93514,0.932514
3.601,0.680244,0.783228,0.935143,0.93252
3.602,0.6802,0.783219,0.935146,0.932526
3.603,0.680155,0.783209,0.935149,0.932532
3.604,0.68011,0.7832,0.935152,0.932538
3.605,0.680065,0.783191,0.935155,0.932544
3.606,0.680021,0.783182,0.935159,0.93255
3.607,0.679976,0.783173,0.935162,0.932557
3.608,0.679932,0.783164,0.935165,0.932563
3.609,0.679887,0.783155,0.935168,0.932569
3.61,0.679842,0.783146,0.935171,0.932575
3.611,0.679798,0.783137,0.935174,0.932581
3.612,0.679753,0.783128,0.935177,0.932587
3.613,0.679709,0.783119,0.935181,0.932593
3.614,0.679665,0.78311,0.935184,0.932599
3.615,0.67962,0.783101,0.935187,0.932605
3.616,0.679576,0.783093,0.93519,0.932611
3.617,0.679532,0.783084,0.935193,0.932617
3.618,0.679487,0.783075,0.935196,0.932623
3.619,0.679443,0.783066,0.935199,0.932629
3.62,0.679399,0.783058,0.935202,0.932635
3.621,0.679355,0.783049,0.935206,0.932641
3.622,0.67931,0.783041,0.935209,0.932646
3.623,0.679266,0.783032,0.935212,0.932652
3.624,0.679222,0.783024,0.935215,0.932658
3.625,0.679178,0.783015,0.935218,0.932664
3.626,0.679134,0.783007,0.935221,0.93267
3.627,0.67909,0.782998,0.935224,0.932676
3.628,0.679046,0.78299,0.935227,0.932682
3.629,0.679002,0.782981,0.93523,0.932688
3.63,0.678958,0.782973,0.935233,0.932694
3.631,0.678914,0.782965,0.935236,0.9327
3.632,0.67887,0.782957,0.935239,0.932706
3.633,0.678826,0.782948,0.935243,0.932712
3.634,0.678783,0.78294,0.935246,0.932717
3.635,0.678739,0.782932,0.935249,0.932723
3.636,0.678695,0.782924,0.935252,0.932729
3.637,0.678651,0.782916,0.935255,0.932735
3.638,0.678608,0.782908,0.935258,0.932741
3.639,0.678564,0.7829,0.935261,0.932747
3.64,0.67852,0.782892,0.935264,0.932752
3.641,0.678477,0.782884,0.935267,0.932758
3.642,0.678433,0.782876,0.93527,0.932764
3.643,0.678389,0.782868,0.935273,0.93277
3.644,0.678346,0.78286,0.935276,0.932776
3.645,0.678302,0.782852,0.935279,0.932782
3.646,0.678259,0.782845,0.935282,0.932787
3.647,0.678216,0.782837,0.935285,0.932793
3.648,0.678172,0.782829,0.935288,0.932799
3.649,0.678129,0.782821,0.935291,0.932805
3.65,0.678085,0.782814,0.935294,0.93281
3.651,0.678042,0.782806,0.935297,0.932816
3.652,0.677999,0.782798,0.9353,0.932822
3.653,0.677956,0.782791,0.935303,0.932828
3.654,0.677912,0.782783,0.935306,0.932833
3.655,0.677869,0.782776,0.935309,0.932839
3.656,0.677826,0.782768,0.935312,0.932845
3.657,0.677783,0.782761,0.935315,0.932851
3.658,0.67774,0.782754,0.935318,0.932856
3.659,0.677697,0.782746,0.935321,0.932862
3.66,0.677654,0.782739,0.935324,0.932868
3.661,0.677611,0.782732,0.935327,0.932874
3.662,0.677568,0.782724,0.93533,0.932879
3.663,0.677525,0.782717,0.935333,0.932885
3.664,0.677482,0.78271,0.935336,0.932891
3.665,0.677439,0.782703,0.935339,0.932896
3.666,0.677396,0.782696,0.935342,0.932902
3.667,0.677353,0.782689,0.935345,0.932908
3.668,0.67731,0.782681,0.935348,0.932913
3.669,0.677268,0.782674,0.935351,0.932919
3.67,0.677225,0.782667,0.935354,0.932925
3.671,0.677182,0.78266,0.935357,0.93293
3.672,0.677139,0.782653,0.935359,0.932936
3.673,0.677097,0.782647,0.935362,0.932941
3.674,0.677054,0.78264,0.935365,0.932947
3.675,0.677011,0.782633,0.935368,0.932953
3.676,0.676969,0.782626,0.935371,0.932958
3.677,0.676926,0.782619,0.935374,0.932964
3.678,0.676884,0.782613,0.935377,0.932969
3.679,0.676841,0.782606,0.93538,0.932975
3.68,0.676799,0.782599,0.935383,0.932981
3.681,0.676756,0.782593,0.935386,0.932986
3.682,0.676714,0.782586,0.935389,0.932992
3.683,0.676672,0.782579,0.935392,0.932997
3.684,0.676629,0.782573,0.935394,0.933003
3.685,0.676587,0.782566,0.935397,0.933008
3.686,0.676545,0.78256,0.9354,0.933014
3.687,0.676502,0.782553,0.935403,0.933019
3.688,0.67646,0.782547,0.935406,0.933025
3.689,0.676418,0.782541,0.935409,0.933031
3.69,0.676376,0.782534,0.935412,0.933036
3.691,0.676334,0.782528,0.935415,0.933042
3.692,0.676291,0.782522,0.935418,0.933047
3.693,0.676249,0.782515,0.93542,0.933053
3.694,0.676207,0.782509,0.935423,0.933058
3.695,0.676165,0.782503,0.935426,0.933064
3.696,0.676123,0.782497,0.935429,0.933069
3.697,0.676081,0.782491,0.935432,0.933075
3.698,0.676039,0.782485,0.935435,0.93308
3.699,0.675997,0.782478,0.935438,0.933085
3.7,0.675956,0.782472,0.93544,0.933091
3.701,0.675914,0.782466,0.935443,0.933096
3.702,0.675872,0.78246,0.935446,0.933102
3.703,0.67583,0.782455,0.935449,0.933107
3.704,0.675788,0.782449,0.935452,0.933113
3.705,0.675747,0.782443,0.935455,0.933118
3.706,0.675705,0.782437,0.935457,0.933124
3.707,0.675663,0.782431,0.93546,0.933129
3.708,0.675622,0.782425,0.935463,0.933134
3.709,0.67558,0.78242,0.935466,0.93314
3.71,0.675538,0.782414,0.935469,0.933145
3.711,0.675497,0.782408,0.935471,0.933151
3.712,0.675455,0.782403,0.935474,0.933156
3.713,0.675414,0.782397,0.935477,0.933161
3.714,0.675372,0.782391,0.93548,0.933167
3.715,0.675331,0.782386,0.935483,0.933172
3.716,0.675289,0.78238,0.935485,0.933177
3.717,0.675248,0.782375,0.935488,0.933183
3.718,0.675207,0.782369,0.935491,0.933188
3.719,0.675165,0.782364,0.935494,0.933193
3.72,0.675124,0.782359,0.935497,0.933199
3.721,0.675083,0.782353,0.935499,0.933204
3.722,0.675041,0.782348,0.935502,0.933209
3.723,0.675,0.782343,0.935505,0.933215
3.724,0.674959,0.782337,0.935508,0.93322
3.725,0.674918,0.782332,0.93551,0.933225
3.726,0.674877,0.782327,0.935513,0.933231
3.727,0.674836,0.782322,0.935516,0.933236
3.728,0.674794,0.782317,0.935519,0.933241
3.729,0.674753,0.782312,0.935522,0.933247
3.73,0.674712,0.782306,0.935524,0.933252
3.731,0.674671,0.782301,0.935527,0.933257
3.732,0.67463,0.782296,0.93553,0.933262
3.733,0.674589,0.782291,0.935533,0.933268
3.734,0.674549,0.782287,0.935535,0.933273
3.735,0.674508,0.782282,0.935538,0.933278
3.736,0.674467,0.782277,0.935541,0.933283
3.737,0.674426,0.782272,0.935543,0.933289
3.738,0.674385,0.782267,0.935546,0.933294
3.739,0.674344,0.782262,0.935549,0.933299
3.74,0.674304,0.782258,0.935552,0.933304
3.741,0.674263,0.782253,0.935554,0.93331
3.742,0.674222,0.782248,0.935557,0.933315
3.743,0.674182,0.782243,0.93556,0.93332
3.744,0.674141,0.782239,0.935562,0.933325
3.745,0.6741,0.782234,0.935565,0.93333
3.746,0.67406,0.78223,0.935568,0.933336
3.747,0.674019,0.782225,0.935571,0.933341
3.748,0.673979,0.782221,0.935573,0.933346
3.749,0.673938,0.782216,0.935576,0.933351
3.75,0.673898,0.782212,0.935579,0.933356
3.751,0.673857,0.782207,0.935581,0.933361
3.752,0.673817,0.782203,0.935584,0.933367
3.753,0.673776,0.782199,0.935587,0.933372
3.754,0.673736,0.782194,0.935589,0.933377
3.755,0.673696,0.78219,0.935592,0.933382
3.756,0.673656,0.782186,0.935595,0.933387
3.757,0.673615,0.782182,0.935597,0.933392
3.758,0.673575,0.782177,0.9356,0.933397
3.759,0.673535,0.782173,0.935603,0.933402
3.76,0.673495,0.782169,0.935605,0.933408
3.761,0.673454,0.782165,0.935608,0.933413
3.762,0.673414,0.782161,0.935611,0.933418
3.763,0.673374,0.782157,0.935613,0.933423
3.764,0.673334,0.782153,0.935616,0.933428
3.765,0.673294,0.782149,0.935619,0.933433
3.766,0.673254,0.782145,0.935621,0.933438
3.767,0.673214,0.782141,0.935624,0.933443
3.768,0.673174,0.782137,0.935627,0.933448
3.769,0.673134,0.782133,0.935629,0.933453
3.77,0.673094,0.78213,0.935632,0.933458
3.771,0.673054,0.782126,0.935635,0.933463
3.772,0.673015,0.782122,0.935637,0.933468
3.773,0.672975,0.782118,0.93564,0.933473
3.774,0.672935,0.782115,0.935642,0.933478
3.775,0.672895,0.782111,0.935645,0.933483
3.776,0.672855,0.782107,0.935648,0.933488
3.777,0.672816,0.782104,0.93565,0.933493
3.778,0.672776,0.7821,0.935653,0.933498
3.779,0.672736,0.782097,0.935655,0.933503
3.78,0.672697,0.782093,0.935658,0.933508
3.781,0.672657,0.78209,0.935661,0.933513
3.782,0.672618,0.782086,0.935663,0.933518
3.783,0.672578,0.782083,0.935666,0.933523
3.784,0.672538,0.78208,0.935668,0.933528
3.785,0.672499,0.782076,0.935671,0.933533
3.786,0.672459,0.782073,0.935674,0.933538
3.787,0.67242,0.78207,0.935676,0.933543
3.788,0.672381,0.782066,0.935679,0.933548
3.789,0.672341,0.782063,0.935681,0.933553
3.79,0.672302,0.78206,0.935684,0.933558
3.791,0.672263,0.782057,0.935687,0.933563
3.792,0.672223,0.782054,0.935689,0.933568
3.793,0.672184,0.782051,0.935692,0.933573
3.794,0.672145,0.782048,0.935694,0.933578
3.795,0.672106,0.782045,0.935697,0.933583
3.796,0.672066,0.782042,0.935699,0.933588
3.797,0.672027,0.782039,0.935702,0.933592
3.798,0.671988,0.782036,0.935704,0.933597
3.799,0.671949,0.782033,0.935707,0.933602
3.8,0.67191,0.78203,0.93571,0.933607
3.801,0.671871,0.782027,0.935712,0.933612
3.802,0.671832,0.782024,0.935715,0.933617
3.803,0.671793,0.782021,0.935717,0.933622
3.804,0.671754,0.782019,0.93572,0.933627
3.805,0.671715,0.782016,0.935722,0.933632
3.806,0.671676,0.782013,0.935725,0.933636
3.807,0.671637,0.782011,0.935727,0.933641
3.808,0.671598,0.782008,0.93573,0.933646
3.809,0.671559,0.782005,0.935732,0.933651
3.81,0.67152,0.782003,0.935735,0.933656
3.811,0.671482,0.782,0.935737,0.933661
3.812,0.671443,0.781998,0.93574,0.933665
3.813,0.671404,0.781995,0.935742,0.93367
3.814,0.671366,0.781993,0.935745,0.933675
3.815,0.671327,0.78199,0.935747,0.93368
3.816,0.671288,0.781988,0.93575,0.933685
3.817,0.67125,0.781986,0.935752,0.933689
3.818,0.671211,0.781983,0.935755,0.933694
3.819,0.671172,0.781981,0.935757,0.933699
3.82,0.671134,0.781979,0.93576,0.933704
3.821,0.671095,0.781976,0.935762,0.933708
3.822,0.671057,0.781974,0.935765,0.933713
3.823,0.671018,0.781972,0.935767,0.933718
3.824,0.67098,0.78197,0.93577,0.933723
3.825,0.670942,0.781968,0.935772,0.933728
3.826,0.670903,0.781966,0.935775,0.933732
3.827,0.670865,0.781964,0.935777,0.933737
3.828,0.670826,0.781962,0.93578,0.933742
3.829,0.670788,0.78196,0.935782,0.933746
3.83,0.67075,0.781958,0.935785,0.933751
3.831,0.670712,0.781956,0.935787,0.933756
3.832,0.670673,0.781954,0.93579,0.933761
3.833,0.670635,0.781952,0.935792,0.933765
3.834,0.670597,0.78195,0.935794,0.93377
3.835,0.670559,0.781948,0.935797,0.933775
3.836,0.670521,0.781947,0.935799,0.933779
3.837,0.670483,0.781945,0.935802,0.933784
3.838,0.670445,0.781943,0.935804,0.933789
3.839,0.670407,0.781941,0.935807,0.933793
3.84,0.670369,0.78194,0.935809,0.933798
3.841,0.670331,0.781938,0.935812,0.933803
3.842,0.670293,0.781937,0.935814,0.933807
3.843,0.670255,0.781935,0.935816,0.933812
3.844,0.670217,0.781933,0.935819,0.933817
3.845,0.670179,0.781932,0.935821,0.933821
3.846,0.670141,0.78193,0.935824,0.933826
3.847,0.670103,0.781929,0.935826,0.933831
3.848,0.670066,0.781928,0.935828,0.933835
3.849,0.670028,0.781926,0.935831,0.93384
3.85,0.66999,0.781925,0.935833,0.933845
3.851,0.669952,0.781923,0.935836,0.933849
3.852,0.669915,0.781922,0.935838,0.933854
3.853,0.669877,0.781921,0.935841,0.933858
3.854,0.669839,0.78192,0.935843,0.933863
3.855,0.669802,0.781918,0.935845,0.933868
3.856,0.669764,0.781917,0.935848,0.933872
3.857,0.669727,0.781916,0.93585,0.933877
3.858,0.669689,0.781915,0.935852,0.933881
3.859,0.669652,0.781914,0.935855,0.933886
3.86,0.669614,0.781913,0.935857,0.93389
3.861,0.669577,0.781912,0.93586,0.933895
3.862,0.669539,0.781911,0.935862,0.9339
3.863,0.669502,0.78191,0.935864,0.933904
3.864,0.669464,0.781909,0.935867,0.933909
3.865,0.669427,0.781908,0.935869,0.933913
3.866,0.66939,0.781907,0.935871,0.933918
3.867,0.669352,0.781906,0.935874,0.933922
3.868,0.669315,0.781905,0.935876,0.933927
3.869,0.669278,0.781905,0.935879,0.933931
3.87,0.669241,0.781904,0.935881,0.933936
3.871,0.669204,0.781903,0.935883,0.93394
3.872,0.669166,0.781902,0.935886,0.933945
3.873,0.669129,0.781902,0.935888,0.933949
3.874,0.669092,0.781901,0.93589,0.933954
3.875,0.669055,0.781901,0.935893,0.933958
3.876,0.669018,0.7819,0.935895,0.933963
3.877,0.668981,0.781899,0.935897,0.933967
3.878,0.668944,0.781899,0.9359,0.933972
3.879,0.668907,0.781898,0.935902,0.933976
3.88,0.66887,0.781898,0.935904,0.933981
3.881,0.668833,0.781898,0.935907,0.933985
3.882,0.668796,0.781897,0.935909,0.93399
3.883,0.668759,0.781897,0.935911,0.933994
3.884,0.668722,0.781896,0.935914,0.933999
3.885,0.668686,0.781896,0.935916,0.934003
3.886,0.668649,0.781896,0.935918,0.934007
3.887,0.668612,0.781896,0.935921,0.934012
3.888,0.668575,0.781895,0.935923,0.934016
3.889,0.668539,0.781895,0.935925,0.934021
3.89,0.668502,0.781895,0.935928,0.934025
3.891,0.668465,0.781895,0.93593,0.93403
3.892,0.668429,0.781895,0.935932,0.934034
3.893,0.668392,0.781895,0.935934,0.934038
3.894,0.668355,0.781895,0.935937,0.934043
3.895,0.668319,0.781895,0.935939,0.934047
3.896,0.668282,0.781895,0.935941,0.934052
3.897,0.668246,0.781895,0.935944,0.934056
3.898,0.668209,0.781895,0.935946,0.93406
3.899,0.668173,0.781895,0.935948,0.934065
3.9,0.668136,0.781895,0.93595,0.934069
3.901,0.6681,0.781895,0.935953,0.934073
3.902,0.668064,0.781895,0.935955,0.934078
3.903,0.668027,0.781895,0.935957,0.934082
3.904,0.667991,0.781896,0.935959,0.934087
3.905,0.667955,0.781896,0.935962,0.934091
3.906,0.667918,0.781896,0.935964,0.934095
3.907,0.667882,0.781897,0.935966,0.9341
3.908,0.667846,0.781897,0.935969,0.934104
3.909,0.66781,0.781897,0.935971,0.934108
3.91,0.667773,0.781898,0.935973,0.934113
3.911,0.667737,0.781898,0.935975,0.934117
3.912,0.667701,0.781899,0.935978,0.934121
3.913,0.667665,0.781899,0.93598,0.934125
3.914,0.667629,0.7819,0.935982,0.93413
3.915,0.667593,0.7819,0.935984,0.934134
3.916,0.667557,0.781901,0.935987,0.934138
3.917,0.667521,0.781901,0.935989,0.934143
3.918,0.667485,0.781902,0.935991,0.934147
3.919,0.667449,0.781903,0.935993,0.934151
3.92,0.667413,0.781903,0.935995,0.934156
3.921,0.667377,0.781904,0.935998,0.93416
3.922,0.667341,0.781905,0.936,0.934164
3.923,0.667305,0.781906,0.936002,0.934168
3.924,0.66727,0.781907,0.936004,0.934173
3.925,0.667234,0.781907,0.936007,0.934177
3.926,0.667198,0.781908,0.936009,0.934181
3.927,0.667162,0.781909,0.936011,0.934185
3.928,0.667127,0.78191,0.936013,0.93419
3.929,0.667091,0.781911,0.936015,0.934194
3.93,0.667055,0.781912,0.936018,0.934198
3.931,0.66702,0.781913,0.93602,0.934202
3.932,0.666984,0.781914,0.936022,0.934206
3.933,0.666948,0.781915,0.936024,0.934211
3.934,0.666913,0.781916,0.936026,0.934215
3.935,0.666877,0.781917,0.936029,0.934219
3.936,0.666842,0.781919,0.936031,0.934223
3.937,0.666806,0.78192,0.936033,0.934227
3.938,0.666771,0.781921,0.936035,0.934232
3.939,0.666735,0.781922,0.936037,0.934236
3.94,0.6667,0.781924,0.93604,0.93424
3.941,0.666664,0.781925,0.936042,0.934244
3.942,0.666629,0.781926,0.936044,0.934248
3.943,0.666594,0.781928,0.936046,0.934253
3.944,0.666558,0.781929,0.936048,0.934257
3.945,0.666523,0.78193,0.93605,0.934261
3.946,0.666488,0.781932,0.936053,0.934265
3.947,0.666453,0.781933,0.936055,0.934269
3.948,0.666417,0.781935,0.936057,0.934273
3.949,0.666382,0.781936,0.936059,0.934277
3.95,0.666347,0.781938,0.936061,0.934282
3.951,0.666312,0.78194,0.936063,0.934286
3.952,0.666277,0.781941,0.936065,0.93429
3.953,0.666242,0.781943,0.936068,0.934294
3.954,0.666207,0.781945,0.93607,0.934298
3.955,0.666172,0.781946,0.936072,0.934302
3.956,0.666137,0.781948,0.936074,0.934306
3.957,0.666102,0.78195,0.936076,0.93431
3.958,0.666067,0.781952,0.936078,0.934314
3.959,0.666032,0.781953,0.93608,0.934319
3.96,0.665997,0.781955,0.936083,0.934323
3.961,0.665962,0.781957,0.936085,0.934327
3.962,0.665927,0.781959,0.936087,0.934331
3.963,0.665892,0.781961,0.936089,0.934335
3.964,0.665857,0.781963,0.936091,0.934339
3.965,0.665823,0.781965,0.936093,0.934343
3.966,0.665788,0.781967,0.936095,0.934347
3.967,0.665753,0.781969,0.936097,0.934351
3.968,0.665718,0.781971,0.9361,0.934355
3.969,0.665684,0.781973,0.936102,0.934359
3.97,0.665649,0.781975,0.936104,0.934363
3.971,0.665614,0.781977,0.936106,0.934367
3.972,0.66558,0.78198,0.936108,0.934371
3.973,0.665545,0.781982,0.93611,0.934375
3.974,0.66551,0.781984,0.936112,0.934379
3.975,0.665476,0.781986,0.936114,0.934383
3.976,0.665441,0.781989,0.936116,0.934387
3.977,0.665407,0.781991,0.936118,0.934391
3.978,0.665372,0.781993,0.936121,0.934395
3.979,0.665338,0.781996,0.936123,0.934399
3.98,0.665304,0.781998,0.936125,0.934403
3.981,0.665269,0.782001,0.936127,0.934407
3.982,0.665235,0.782003,0.936129,0.934411
3.983,0.6652,0.782006,0.936131,0.934415
3.984,0.665166,0.782008,0.936133,0.934419
3.985,0.665132,0.782011,0.936135,0.934423
3.986,0.665097,0.782013,0.936137,0.934427
3.987,0.665063,0.782016,0.936139,0.934431
3.988,0.665029,0.782018,0.936141,0.934435
3.989,0.664995,0.782021,0.936143,0.934439
3.99,0.664961,0.782024,0.936145,0.934443
3.991,0.664926,0.782027,0.936148,0.934447
3.992,0.664892,0.782029,0.93615,0.934451
3.993,0.664858,0.782032,0.936152,0.934455
3.994,0.664824,0.782035,0.936154,0.934459
3.995,0.66479,0.782038,0.936156,0.934463
3.996,0.664756,0.782041,0.936158,0.934467
3.997,0.664722,0.782043,0.93616,0.934471
3.998,0.664688,0.782046,0.936162,0.934475
3.999,0.664654,0.782049,0.936164,0.934479
4,0.66462,0.782052,0.936166,0.934482
4.001,0.664586,0.782055,0.936168,0.934486
4.002,0.664552,0.782058,0.93617,0.93449
4.003,0.664518,0.782061,0.936172,0.934494
4.004,0.664485,0.782064,0.936174,0.934498
4.005,0.664451,0.782067,0.936176,0.934502
4.006,0.664417,0.782071,0.936178,0.934506
4.007,0.664383,0.782074,0.93618,0.93451
4.008,0.664349,0.782077,0.936182,0.934514
4.009,0.664316,0.78208,0.936184,0.934517
4.01,0.664282,0.782083,0.936186,0.934521
4.011,0.664248,0.782087,0.936188,0.934525
4.012,0.664215,0.78209,0.93619,0.934529
4.013,0.664181,0.782093,0.936192,0.934533
4.014,0.664148,0.782097,0.936194,0.934537
4.015,0.664114,0.7821,0.936196,0.934541
4.016,0.66408,0.782103,0.936198,0.934544
4.017,0.664047,0.782107,0.9362,0.934548
4.018,0.664013,0.78211,0.936202,0.934552
4.019,0.66398,0.782114,0.936204,0.934556
4.02,0.663946,0.782117,0.936206,0.93456
4.021,0.663913,0.782121,0.936208,0.934564
4.022,0.66388,0.782125,0.93621,0.934567
4.023,0.663846,0.782128,0.936212,0.934571
4.024,0.663813,0.782132,0.936214,0.934575
4.025,0.663779,0.782135,0.936216,0.934579
4.026,0.663746,0.782139,0.936218,0.934583
4.027,0.663713,0.782143,0.93622,0.934586
4.028,0.66368,0.782147,0.936222,0.93459
4.029,0.663646,0.78215,0.936224,0.934594
4.03,0.663613,0.782154,0.936226,0.934598
4.031,0.66358,0.782158,0.936228,0.934602
4.032,0.663547,0.782162,0.93623,0.934605
4.033,0.663514,0.782166,0.936232,0.934609
4.034,0.663481,0.78217,0.936234,0.934613
4.035,0.663447,0.782173,0.936236,0.934617
4.036,0.663414,0.782177,0.936238,0.93462
4.037,0.663381,0.782181,0.93624,0.934624
4.038,0.663348,0.782185,0.936242,0.934628
4.039,0.663315,0.782189,0.936244,0.934632
4.04,0.663282,0.782194,0.936246,0.934635
4.041,0.663249,0.782198,0.936248,0.934639
4.042,0.663216,0.782202,0.93625,0.934643
4.043,0.663183,0.782206,0.936252,0.934647
4.044,0.663151,0.78221,0.936253,0.93465
4.045,0.663118,0.782214,0.936255,0.934654
4.046,0.663085,0.782218,0.936257,0.934658
4.047,0.663052,0.782223,0.936259,0.934661
4.048,0.663019,0.782227,0.936261,0.934665
4.049,0.662987,0.782231,0.936263,0.934669
4.05,0.662954,0.782236,0.936265,0.934673
4.051,0.662921,0.78224,0.936267,0.934676
4.052,0.662888,0.782244,0.936269,0.93468
4.053,0.662856,0.782249,0.936271,0.934684
4.054,0.662823,0.782253,0.936273,0.934687
4.055,0.66279,0.782258,0.936275,0.934691
4.056,0.662758,0.782262,0.936277,0.934695
4.057,0.662725,0.782267,0.936279,0.934698
4.058,0.662693,0.782271,0.93628,0.934702
4.059,0.66266,0.782276,0.936282,0.934706
4.06,0.662628,0.78228,0.936284,0.934709
4.061,0.662595,0.782285,0.936286,0.934713
4.062,0.662563,0.78229,0.936288,0.934717
4.063,0.66253,0.782294,0.93629,0.93472
4.064,0.662498,0.782299,0.936292,0.934724
4.065,0.662465,0.782304,0.936294,0.934728
4.066,0.662433,0.782309,0.936296,0.934731
4.067,0.662401,0.782313,0.936298,0.934735
4.068,0.662368,0.782318,0.936299,0.934738
4.069,0.662336,0.782323,0.936301,0.934742
4.07,0.662304,0.782328,0.936303,0.934746
4.071,0.662272,0.782333,0.936305,0.934749
4.072,0.662239,0.782338,0.936307,0.934753
4.073,0.662207,0.782343,0.936309,0.934757
4.074,0.662175,0.782348,0.936311,0.93476
4.075,0.662143,0.782353,0.936313,0.934764
4.076,0.662111,0.782358,0.936314,0.934767
4.077,0.662079,0.782363,0.936316,0.934771
4.078,0.662046,0.782368,0.936318,0.934775
4.079,0.662014,0.782373,0.93632,0.934778
4.08,0.661982,0.782378,0.936322,0.934782
4.081,0.66195,0.782383,0.936324,0.934785
4.082,0.661918,0.782388,0.936326,0.934789
4.083,0.661886,0.782394,0.936328,0.934792
4.084,0.661854,0.782399,0.936329,0.934796
4.085,0.661822,0.782404,0.936331,0.934799
4.086,0.661791,0.782409,0.936333,0.934803
4.087,0.661759,0.782415,0.936335,0.934807
4.088,0.661727,0.78242,0.936337,0.93481
4.089,0.661695,0.782425,0.936339,0.934814
4.09,0.661663,0.782431,0.93634,0.934817
4.091,0.661631,0.782436,0.936342,0.934821
4.092,0.6616,0.782442,0.936344,0.934824
4.093,0.661568,0.782447,0.936346,0.934828
4.094,0.661536,0.782453,0.936348,0.934831
4.095,0.661504,0.782458,0.93635,0.934835
4.096,0.661473,0.782464,0.936352,0.934838
4.097,0.661441,0.782469,0.936353,0.934842
4.098,0.661409,0.782475,0.936355,0.934845
4.099,0.661378,0.78248,0.936357,0.934849
4.1,0.661346,0.782486,0.936359,0.934852
4.101,0.661315,0.782492,0.936361,0.934856
4.102,0.661283,0.782497,0.936362,0.934859
4.103,0.661252,0.782503,0.936364,0.934863
4.104,0.66122,0.782509,0.936366,0.934866
4.105,0.661189,0.782515,0.936368,0.93487
4.106,0.661157,0.782521,0.93637,0.934873
4.107,0.661126,0.782526,0.936372,0.934877
4.108,0.661094,0.782532,0.936373,0.93488
4.109,0.661063,0.782538,0.936375,0.934884
4.11,0.661032,0.782544,0.936377,0.934887
4.111,0.661,0.78255,0.936379,0.934891
4.112,0.660969,0.782556,0.936381,0.934894
4.113,0.660938,0.782562,0.936382,0.934898
4.114,0.660906,0.782568,0.936384,0.934901
4.115,0.660875,0.782574,0.936386,0.934904
4.116,0.660844,0.78258,0.936388,0.934908
4.117,0.660813,0.782586,0.93639,0.934911
4.118,0.660782,0.782592,0.936391,0.934915
4.119,0.66075,0.782598,0.936393,0.934918
4.12,0.660719,0.782605,0.936395,0.934922
4.121,0.660688,0.782611,0.936397,0.934925
4.122,0.660657,0.782617,0.936398,0.934928
4.123,0.660626,0.782623,0.9364,0.934932
4.124,0.660595,0.782629,0.936402,0.934935
4.125,0.660564,0.782636,0.936404,0.934939
4.126,0.660533,0.782642,0.936406,0.934942
4.127,0.660502,0.782648,0.936407,0.934945
4.128,0.660471,0.782655,0.936409,0.934949
4.129,0.66044,0.782661,0.936411,0.934952
4.13,0.660409,0.782668,0.936413,0.934956
4.131,0.660378,0.782674,0.936414,0.934959
4.132,0.660347,0.782681,0.936416,0.934962
4.133,0.660317,0.782687,0.936418,0.934966
4.134,0.660286,0.782694,0.93642,0.934969
4.135,0.660255,0.7827,0.936421,0.934972
4.136,0.660224,0.782707,0.936423,0.934976
4.137,0.660193,0.782713,0.936425,0.934979
4.138,0.660163,0.78272,0.936427,0.934983
4.139,0.660132,0.782727,0.936428,0.934986
4.14,0.660101,0.782733,0.93643,0.934989
4.141,0.660071,0.78274,0.936432,0.934993
4.142,0.66004,0.782747,0.936434,0.934996
4.143,0.660009,0.782754,0.936435,0.934999
4.144,0.659979,0.78276,0.936437,0.935003
4.145,0.659948,0.782767,0.936439,0.935006
4.146,0.659918,0.782774,0.936441,0.935009
4.147,0.659887,0.782781,0.936442,0.935013
4.148,0.659857,0.782788,0.936444,0.935016
4.149,0.659826,0.782795,0.936446,0.935019
4.15,0.659796,0.782801,0.936448,0.935022
4.151,0.659765,0.782808,0.936449,0.935026
4.152,0.659735,0.782815,0.936451,0.935029
4.153,0.659704,0.782822,0.936453,0.935032
4.154,0.659674,0.782829,0.936454,0.935036
4.155,0.659644,0.782837,0.936456,0.935039
4.156,0.659613,0.782844,0.936458,0.935042
4.157,0.659583,0.782851,0.93646,0.935046
4.158,0.659553,0.782858,0.936461,0.935049
4.159,0.659522,0.782865,0.936463,0.935052
4.16,0.659492,0.782872,0.936465,0.935055
4.161,0.659462,0.782879,0.936466,0.935059
4.162,0.659432,0.782887,0.936468,0.935062
4.163,0.659402,0.782894,0.93647,0.935065
4.164,0.659371,0.782901,0.936471,0.935068
4.165,0.659341,0.782908,0.936473,0.935072
4.166,0.659311,0.782916,0.936475,0.935075
4.167,0.659281,0.782923,0.936477,0.935078
4.168,0.659251,0.782931,0.936478,0.935081
4.169,0.659221,0.782938,0.93648,0.935085
4.17,0.659191,0.782945,0.936482,0.935088
4.171,0.659161,0.782953,0.936483,0.935091
4.172,0.659131,0.78296,0.936485,0.935094
4.173,0.659101,0.782968,0.936487,0.935098
4.174,0.659071,0.782975,0.936488,0.935101
4.175,0.659041,0.782983,0.93649,0.935104
4.176,0.659011,0.78299,0.936492,0.935107
4.177,0.658981,0.782998,0.936493,0.93511
4.178,0.658952,0.783006,0.936495,0.935114
4.179,0.658922,0.783013,0.936497,0.935117
4.18,0.658892,0.783021,0.936498,0.93512
4.181,0.658862,0.783029,0.9365,0.935123
4.182,0.658832,0.783036,0.936502,0.935127
4.183,0.658803,0.783044,0.936503,0.93513
4.184,0.658773,0.783052,0.936505,0.935133
4.185,0.658743,0.78306,0.936507,0.935136
4.186,0.658714,0.783068,0.936508,0.935139
4.187,0.658684,0.783076,0.93651,0.935142
4.188,0.658654,0.783083,0.936512,0.935146
4.189,0.658625,0.783091,0.936513,0.935149
4.19,0.658595,0.783099,0.936515,0.935152
4.191,0.658566,0.783107,0.936517,0.935155
4.192,0.658536,0.783115,0.936518,0.935158
4.193,0.658506,0.783123,0.93652,0.935161
4.194,0.658477,0.783131,0.936522,0.935165
4.195,0.658447,0.783139,0.936523,0.935168
4.196,0.658418,0.783147,0.936525,0.935171
4.197,0.658389,0.783155,0.936527,0.935174
4.198,0.658359,0.783163,0.936528,0.935177
4.199,0.65833,0.783172,0.93653,0.93518
4.2,0.6583,0.78318,0.936531,0.935183
4.201,0.658271,0.783188,0.936533,0.935187
4.202,0.658242,0.783196,0.936535,0.93519
4.203,0.658212,0.783204,0.936536,0.935193
4.204,0.658183,0.783213,0.936538,0.935196
4.205,0.658154,0.783221,0.93654,0.935199
4.206,0.658125,0.783229,0.936541,0.935202
4.207,0.658095,0.783238,0.936543,0.935205
4.208,0.658066,0.783246,0.936544,0.935208
4.209,0.658037,0.783254,0.936546,0.935211
4.21,0.658008,0.783263,0.936548,0.935215
4.211,0.657979,0.783271,0.936549,0.935218
4.212,0.65795,0.78328,0.936551,0.935221
4.213,0.65792,0.783288,0.936552,0.935224
4.214,0.657891,0.783297,0.936554,0.935227
4.215,0.657862,0.783305,0.936556,0.93523
4.216,0.657833,0.783314,0.936557,0.935233
4.217,0.657804,0.783322,0.936559,0.935236
4.218,0.657775,0.783331,0.93656,0.935239
4.219,0.657746,0.78334,0.936562,0.935242
4.22,0.657717,0.783348,0.936564,0.935245
4.221,0.657688,0.783357,0.936565,0.935248
4.222,0.65766,0.783366,0.936567,0.935251
4.223,0.657631,0.783374,0.936568,0.935254
4.224,0.657602,0.783383,0.93657,0.935258
4.225,0.657573,0.783392,0.936572,0.935261
4.226,0.657544,0.783401,0.936573,0.935264
4.227,0.657515,0.783409,0.936575,0.935267
4.228,0.657487,0.783418,0.936576,0.93527
4.229,0.657458,0.783427,0.936578,0.935273
4.23,0.657429,0.783436,0.93658,0.935276
4.231,0.6574,0.783445,0.936581,0.935279
4.232,0.657372,0.783454,0.936583,0.935282
4.233,0.657343,0.783463,0.936584,0.935285
4.234,0.657314,0.783472,0.936586,0.935288
4.235,0.657286,0.783481,0.936587,0.935291
4.236,0.657257,0.78349,0.936589,0.935294
4.237,0.657228,0.783499,0.936591,0.935297
4.238,0.6572,0.783508,0.936592,0.9353
4.239,0.657171,0.783517,0.936594,0.935303
4.24,0.657143,0.783526,0.936595,0.935306
4.241,0.657114,0.783535,0.936597,0.935309
4.242,0.657086,0.783545,0.936598,0.935312
4.243,0.657057,0.783554,0.9366,0.935315
4.244,0.657029,0.783563,0.936601,0.935318
4.245,0.657,0.783572,0.936603,0.935321
4.246,0.656972,0.783581,0.936605,0.935324
4.247,0.656944,0.783591,0.936606,0.935327
4.248,0.656915,0.7836,0.936608,0.93533
4.249,0.656887,0.783609,0.936609,0.935333
4.25,0.656859,0.783619,0.936611,0.935336
4.251,0.65683,0.783628,0.936612,0.935339
4.252,0.656802,0.783638,0.936614,0.935342
4.253,0.656774,0.783647,0.936615,0.935344
4.254,0.656746,0.783656,0.936617,0.935347
4.255,0.656717,0.783666,0.936618,0.93535
4.256,0.656689,0.783675,0.93662,0.935353
4.257,0.656661,0.783685,0.936622,0.935356
4.258,0.656633,0.783694,0.936623,0.935359
4.259,0.656605,0.783704,0.936625,0.935362
4.26,0.656577,0.783714,0.936626,0.935365
4.261,0.656549,0.783723,0.936628,0.935368
4.262,0.65652,0.783733,0.936629,0.935371
4.263,0.656492,0.783743,0.936631,0.935374
4.264,0.656464,0.783752,0.936632,0.935377
4.265,0.656436,0.783762,0.936634,0.93538
4.266,0.656408,0.783772,0.936635,0.935383
4.267,0.65638,0.783781,0.936637,0.935385
4.268,0.656352,0.783791,0.936638,0.935388
4.269,0.656325,0.783801,0.93664,0.935391
4.27,0.656297,0.783811,0.936641,0.935394
4.271,0.656269,0.783821,0.936643,0.935397
4.272,0.656241,0.783831,0.936644,0.9354
4.273,0.656213,0.78384,0.936646,0.935403
4.274,0.656185,0.78385,0.936647,0.935406
4.275,0.656157,0.78386,0.936649,0.935409
4.276,0.65613,0.78387,0.93665,0.935411
4.277,0.656102,0.78388,0.936652,0.935414
4.278,0.656074,0.78389,0.936653,0.935417
4.279,0.656046,0.7839,0.936655,0.93542
4.28,0.656019,0.78391,0.936656,0.935423
4.281,0.655991,0.78392,0.936658,0.935426
4.282,0.655963,0.783931,0.936659,0.935429
4.283,0.655936,0.783941,0.936661,0.935432
4.284,0.655908,0.783951,0.936662,0.935434
4.285,0.65588,0.783961,0.936664,0.935437
4.286,0.655853,0.783971,0.936665,0.93544
4.287,0.655825,0.783981,0.936667,0.935443
4.288,0.655798,0.783992,0.936668,0.935446
4.289,0.65577,0.784002,0.93667,0.935449
4.29,0.655743,0.784012,0.936671,0.935451
4.291,0.655715,0.784022,0.936673,0.935454
4.292,0.655688,0.784033,0.936674,0.935457
4.293,0.65566,0.784043,0.936676,0.93546
4.294,0.655633,0.784054,0.936677,0.935463
4.295,0.655606,0.784064,0.936679,0.935466
4.296,0.655578,0.784074,0.93668,0.935468
4.297,0.655551,0.784085,0.936681,0.935471
4.298,0.655524,0.784095,0.936683,0.935474
4.299,0.655496,0.784106,0.936684,0.935477
4.3,0.655469,0.784116,0.936686,0.93548
4.301,0.655442,0.784127,0.936687,0.935482
4.302,0.655414,0.784137,0.936689,0.935485
4.303,0.655387,0.784148,0.93669,0.935488
4.304,0.65536,0.784158,0.936692,0.935491
4.305,0.655333,0.784169,0.936693,0.935494
4.306,0.655306,0.78418,0.936695,0.935496
4.307,0.655278,0.78419,0.936696,0.935499
4.308,0.655251,0.784201,0.936697,0.935502
4.309,0.655224,0.784212,0.936699,0.935505
4.31,0.655197,0.784223,0.9367,0.935507
4.311,0.65517,0.784233,0.936702,0.93551
4.312,0.655143,0.784244,0.936703,0.935513
4.313,0.655116,0.784255,0.936705,0.935516
4.314,0.655089,0.784266,0.936706,0.935518
4.315,0.655062,0.784277,0.936708,0.935521
4.316,0.655035,0.784287,0.936709,0.935524
4.317,0.655008,0.784298,0.93671,0.935527
4.318,0.654981,0.784309,0.936712,0.93553
4.319,0.654954,0.78432,0.936713,0.935532
4.32,0.654927,0.784331,0.936715,0.935535
4.321,0.6549,0.784342,0.936716,0.935538
4.322,0.654873,0.784353,0.936718,0.93554
4.323,0.654847,0.784364,0.936719,0.935543
4.324,0.65482,0.784375,0.93672,0.935546
4.325,0.654793,0.784386,0.936722,0.935549
4.326,0.654766,0.784397,0.936723,0.935551
4.327,0.654739,0.784408,0.936725,0.935554
4.328,0.654713,0.78442,0.936726,0.935557
4.329,0.654686,0.784431,0.936728,0.93556
4.33,0.654659,0.784442,0.936729,0.935562
4.331,0.654633,0.784453,0.93673,0.935565
4.332,0.654606,0.784464,0.936732,0.935568
4.333,0.654579,0.784476,0.936733,0.93557
4.334,0.654553,0.784487,0.936735,0.935573
4.335,0.654526,0.784498,0.936736,0.935576
4.336,0.654499,0.784509,0.936737,0.935578
4.337,0.654473,0.784521,0.936739,0.935581
4.338,0.654446,0.784532,0.93674,0.935584
4.339,0.65442,0.784543,0.936742,0.935586
4.34,0.654393,0.784555,0.936743,0.935589
4.341,0.654367,0.784566,0.936744,0.935592
4.342,0.65434,0.784578,0.936746,0.935595
4.343,0.654314,0.784589,0.936747,0.935597
4.344,0.654287,0.784601,0.936749,0.9356
4.345,0.654261,0.784612,0.93675,0.935603
4.346,0.654235,0.784624,0.936751,0.935605
4.347,0.654208,0.784635,0.936753,0.935608
4.348,0.654182,0.784647,0.936754,0.93561
4.349,0.654156,0.784658,0.936755,0.935613
4.35,0.654129,0.78467,0.936757,0.935616
4.351,0.654103,0.784682,0.936758,0.935618
4.352,0.654077,0.784693,0.93676,0.935621
4.353,0.654051,0.784705,0.936761,0.935624
4.354,0.654024,0.784717,0.936762,0.935626
4.355,0.653998,0.784728,0.936764,0.935629
4.356,0.653972,0.78474,0.936765,0.935632
4.357,0.653946,0.784752,0.936766,0.935634
4.358,0.65392,0.784764,0.936768,0.935637
4.359,0.653893,0.784775,0.936769,0.93564
4.36,0.653867,0.784787,0.936771,0.935642
4.361,0.653841,0.784799,0.936772,0.935645
4.362,0.653815,0.784811,0.936773,0.935647
4.363,0.653789,0.784823,0.936775,0.93565
4.364,0.653763,0.784835,0.936776,0.935653
4.365,0.653737,0.784847,0.936777,0.935655
4.366,0.653711,0.784859,0.936779,0.935658
4.367,0.653685,0.784871,0.93678,0.93566
4.368,0.653659,0.784883,0.936781,0.935663
4.369,0.653633,0.784895,0.936783,0.935666
4.37,0.653607,0.784907,0.936784,0.935668
4.371,0.653581,0.784919,0.936786,0.935671
4.372,0.653555,0.784931,0.936787,0.935673
4.373,0.65353,0.784943,0.936788,0.935676
4.374,0.653504,0.784955,0.93679,0.935679
4.375,0.653478,0.784967,0.936791,0.935681
4.376,0.653452,0.784979,0.936792,0.935684
4.377,0.653426,0.784992,0.936794,0.935686
4.378,0.653401,0.785004,0.936795,0.935689
4.379,0.653375,0.785016,0.936796,0.935691
4.38,0.653349,0.785028,0.936798,0.935694
4.381,0.653323,0.785041,0.936799,0.935697
4.382,0.653298,0.785053,0.9368,0.935699
4.383,0.653272,0.785065,0.936802,0.935702
4.384,0.653246,0.785077,0.936803,0.935704
4.385,0.653221,0.78509,0.936804,0.935707
4.386,0.653195,0.785102,0.936806,0.935709
4.387,0.65317,0.785115,0.936807,0.935712
4.388,0.653144,0.785127,0.936808,0.935714
4.389,0.653118,0.785139,0.93681,0.935717
4.39,0.653093,0.785152,0.936811,0.935719
4.391,0.653067,0.785164,0.936812,0.935722
4.392,0.653042,0.785177,0.936814,0.935725
4.393,0.653016,0.785189,0.936815,0.935727
4.394,0.652991,0.785202,0.936816,0.93573
4.395,0.652965,0.785215,0.936817,0.935732
4.396,0.65294,0.785227,0.936819,0.935735
4.397,0.652915,0.78524,0.93682,0.935737
4.398,0.652889,0.785252,0.936821,0.93574
4.399,0.652864,0.785265,0.936823,0.935742
4.4,0.652839,0.785278,0.936824,0.935745
4.401,0.652813,0.78529,0.936825,0.935747
4.402,0.652788,0.785303,0.936827,0.93575
4.403,0.652763,0.785316,0.936828,0.935752
4.404,0.652737,0.785329,0.936829,0.935755
4.405,0.652712,0.785341,0.936831,0.935757
4.406,0.652687,0.785354,0.936832,0.93576
4.407,0.652662,0.785367,0.936833,0.935762
4.408,0.652636,0.78538,0.936834,0.935765
4.409,0.652611,0.785393,0.936836,0.935767
4.41,0.652586,0.785406,0.936837,0.93577
4.411,0.652561,0.785418,0.936838,0.935772
4.412,0.652536,0.785431,0.93684,0.935775
4.413,0.652511,0.785444,0.936841,0.935777
4.414,0.652486,0.785457,0.936842,0.935779
4.415,0.652461,0.78547,0.936843,0.935782
4.416,0.652435,0.785483,0.936845,0.935784
4.417,0.65241,0.785496,0.936846,0.935787
4.418,0.652385,0.785509,0.936847,0.935789
4.419,0.65236,0.785522,0.936849,0.935792
4.42,0.652335,0.785535,0.93685,0.935794
4.421,0.65231,0.785549,0.936851,0.935797
4.422,0.652286,0.785562,0.936852,0.935799
4.423,0.652261,0.785575,0.936854,0.935802
4.424,0.652236,0.785588,0.936855,0.935804
4.425,0.652211,0.785601,0.936856,0.935806
4.426,0.652186,0.785614,0.936858,0.935809
4.427,0.652161,0.785628,0.936859,0.935811
4.428,0.652136,0.785641,0.93686,0.935814
4.429,0.652111,0.785654,0.936861,0.935816
4.43,0.652087,0.785667,0.936863,0.935819
4.431,0.652062,0.785681,0.936864,0.935821
4.432,0.652037,0.785694,0.936865,0.935823
4.433,0.652012,0.785707,0.936866,0.935826
4.434,0.651988,0.785721,0.936868,0.935828
4.435,0.651963,0.785734,0.936869,0.935831
4.436,0.651938,0.785747,0.93687,0.935833
4.437,0.651914,0.785761,0.936871,0.935835
4.438,0.651889,0.785774,0.936873,0.935838
4.439,0.651864,0.785788,0.936874,0.93584
4.44,0.65184,0.785801,0.936875,0.935843
4.441,0.651815,0.785815,0.936876,0.935845
4.442,0.651791,0.785828,0.936878,0.935847
4.443,0.651766,0.785842,0.936879,0.93585
4.444,0.651742,0.785855,0.93688,0.935852
4.445,0.651717,0.785869,0.936881,0.935855
4.446,0.651693,0.785883,0.936883,0.935857
4.447,0.651668,0.785896,0.936884,0.935859
4.448,0.651644,0.78591,0.936885,0.935862
4.449,0.651619,0.785924,0.936886,0.935864
4.45,0.651595,0.785937,0.936888,0.935867
4.451,0.65157,0.785951,0.936889,0.935869
4.452,0.651546,0.785965,0.93689,0.935871
4.453,0.651522,0.785978,0.936891,0.935874
4.454,0.651497,0.785992,0.936893,0.935876
4.455,0.651473,0.786006,0.936894,0.935878
4.456,0.651449,0.78602,0.936895,0.935881
4.457,0.651424,0.786034,0.936896,0.935883
4.458,0.6514,0.786047,0.936897,0.935885
4.459,0.651376,0.786061,0.936899,0.935888
4.46,0.651352,0.786075,0.9369,0.93589
4.461,0.651327,0.786089,0.936901,0.935892
4.462,0.651303,0.786103,0.936902,0.935895
4.463,0.651279,0.786117,0.936904,0.935897
4.464,0.651255,0.786131,0.936905,0.935899
4.465,0.651231,0.786145,0.936906,0.935902
4.466,0.651206,0.786159,0.936907,0.935904
4.467,0.651182,0.786173,0.936908,0.935906
4.468,0.651158,0.786187,0.93691,0.935909
4.469,0.651134,0.786201,0.936911,0.935911
4.47,0.65111,0.786215,0.936912,0.935913
4.471,0.651086,0.786229,0.936913,0.935916
4.472,0.651062,0.786243,0.936914,0.935918
4.473,0.651038,0.786257,0.936916,0.93592
4.474,0.651014,0.786271,0.936917,0.935923
4.475,0.65099,0.786286,0.936918,0.935925
4.476,0.650966,0.7863,0.936919,0.935927
4.477,0.650942,0.786314,0.93692,0.93593
4.478,0.650918,0.786328,0.936922,0.935932
4.479,0.650894,0.786342,0.936923,0.935934
4.48,0.65087,0.786357,0.936924,0.935936
4.481,0.650847,0.786371,0.936925,0.935939
4.482,0.650823,0.786385,0.936926,0.935941
4.483,0.650799,0.7864,0.936928,0.935943
4.484,0.650775,0.786414,0.936929,0.935946
4.485,0.650751,0.786428,0.93693,0.935948
4.486,0.650728,0.786443,0.936931,0.93595
4.487,0.650704,0.786457,0.936932,0.935952
4.488,0.65068,0.786472,0.936934,0.935955
4.489,0.650656,0.786486,0.936935,0.935957
4.49,0.650633,0.7865,0.936936,0.935959
4.491,0.650609,0.786515,0.936937,0.935962
4.492,0.650585,0.786529,0.936938,0.935964
4.493,0.650562,0.786544,0.936939,0.935966
4.494,0.650538,0.786558,0.936941,0.935968
4.495,0.650514,0.786573,0.936942,0.935971
4.496,0.650491,0.786588,0.936943,0.935973
4.497,0.650467,0.786602,0.936944,0.935975
4.498,0.650444,0.786617,0.936945,0.935977
4.499,0.65042,0.786631,0.936947,0.93598
4.5,0.650397,0.786646,0.936948,0.935982
4.501,0.650373,0.786661,0.936949,0.935984
4.502,0.65035,0.786675,0.93695,0.935986
4.503,0.650326,0.78669,0.936951,0.935989
4.504,0.650303,0.786705,0.936952,0.935991
4.505,0.650279,0.78672,0.936954,0.935993
4.506,0.650256,0.786734,0.936955,0.935995
4.507,0.650232,0.786749,0.936956,0.935997
4.508,0.650209,0.786764,0.936957,0.936
4.509,0.650186,0.786779,0.936958,0.936002
4.51,0.650162,0.786794,0.936959,0.936004
4.511,0.650139,0.786808,0.93696,0.936006
4.512,0.650116,0.786823,0.936962,0.936009
4.513,0.650092,0.786838,0.936963,0.936011
4.514,0.650069,0.786853,0.936964,0.936013
4.515,0.650046,0.786868,0.936965,0.936015
4.516,0.650023,0.786883,0.936966,0.936017
4.517,0.649999,0.786898,0.936967,0.93602
4.518,0.649976,0.786913,0.936969,0.936022
4.519,0.649953,0.786928,0.93697,0.936024
4.52,0.64993,0.786943,0.936971,0.936026
4.521,0.649907,0.786958,0.936972,0.936028
4.522,0.649883,0.786973,0.936973,0.936031
4.523,0.64986,0.786988,0.936974,0.936033
4.524,0.649837,0.787003,0.936975,0.936035
4.525,0.649814,0.787018,0.936977,0.936037
4.526,0.649791,0.787033,0.936978,0.936039
4.527,0.649768,0.787049,0.936979,0.936041
4.528,0.649745,0.787064,0.93698,0.936044
4.529,0.649722,0.787079,0.936981,0.936046
4.53,0.649699,0.787094,0.936982,0.936048
4.531,0.649676,0.787109,0.936983,0.93605
4.532,0.649653,0.787125,0.936984,0.936052
4.533,0.64963,0.78714,0.936986,0.936054
4.534,0.649607,0.787155,0.936987,0.936057
4.535,0.649584,0.78717,0.936988,0.936059
4.536,0.649561,0.787186,0.936989,0.936061
4.537,0.649538,0.787201,0.93699,0.936063
4.538,0.649516,0.787216,0.936991,0.936065
4.539,0.649493,0.787232,0.936992,0.936067
4.54,0.64947,0.787247,0.936993,0.93607
4.541,0.649447,0.787263,0.936995,0.936072
4.542,0.649424,0.787278,0.936996,0.936074
4.543,0.649402,0.787294,0.936997,0.936076
4.544,0.649379,0.787309,0.936998,0.936078
4.545,0.649356,0.787324,0.936999,0.93608
4.546,0.649333,0.78734,0.937,0.936082
4.547,0.649311,0.787355,0.937001,0.936085
4.548,0.649288,0.787371,0.937002,0.936087
4.549,0.649265,0.787387,0.937003,0.936089
4.55,0.649243,0.787402,0.937005,0.936091
4.551,0.64922,0.787418,0.937006,0.936093
4.552,0.649197,0.787433,0.937007,0.936095
4.553,0.649175,0.787449,0.937008,0.936097
4.554,0.649152,0.787465,0.937009,0.936099
4.555,0.64913,0.78748,0.93701,0.936101
4.556,0.649107,0.787496,0.937011,0.936104
4.557,0.649084,0.787512,0.937012,0.936106
4.558,0.649062,0.787527,0.937013,0.936108
4.559,0.649039,0.787543,0.937014,0.93611
4.56,0.649017,0.787559,0.937016,0.936112
4.561,0.648994,0.787575,0.937017,0.936114
4.562,0.648972,0.78759,0.937018,0.936116
4.563,0.64895,0.787606,0.937019,0.936118
4.564,0.648927,0.787622,0.93702,0.93612
4.565,0.648905,0.787638,0.937021,0.936122
4.566,0.648882,0.787654,0.937022,0.936125
4.567,0.64886,0.787669,0.937023,0.936127
4.568,0.648838,0.787685,0.937024,0.936129
4.569,0.648815,0.787701,0.937025,0.936131
4.57,0.648793,0.787717,0.937026,0.936133
4.571,0.648771,0.787733,0.937028,0.936135
4.572,0.648748,0.787749,0.937029,0.936137
4.573,0.648726,0.787765,0.93703,0.936139
4.574,0.648704,0.787781,0.937031,0.936141
4.575,0.648682,0.787797,0.937032,0.936143
4.576,0.648659,0.787813,0.937033,0.936145
4.577,0.648637,0.787829,0.937034,0.936147
4.578,0.648615,0.787845,0.937035,0.936149
4.579,0.648593,0.787861,0.937036,0.936151
4.58,0.648571,0.787877,0.937037,0.936153
4.581,0.648549,0.787893,0.937038,0.936156
4.582,0.648526,0.78791,0.937039,0.936158
4.583,0.648504,0.787926,0.93704,0.93616
4.584,0.648482,0.787942,0.937041,0.936162
4.585,0.64846,0.787958,0.937043,0.936164
4.586,0.648438,0.787974,0.937044,0.936166
4.587,0.648416,0.78799,0.937045,0.936168
4.588,0.648394,0.788007,0.937046,0.93617
4.589,0.648372,0.788023,0.937047,0.936172
4.59,0.64835,0.788039,0.937048,0.936174
4.591,0.648328,0.788056,0.937049,0.936176
4.592,0.648306,0.788072,0.93705,0.936178
4.593,0.648284,0.788088,0.937051,0.93618
4.594,0.648262,0.788104,0.937052,0.936182
4.595,0.64824,0.788121,0.937053,0.936184
4.596,0.648219,0.788137,0.937054,0.936186
4.597,0.648197,0.788154,0.937055,0.936188
4.598,0.648175,0.78817,0.937056,0.93619
4.599,0.648153,0.788186,0.937057,0.936192
4.6,0.648131,0.788203,0.937058,0.936194
4.601,0.648109,0.788219,0.937059,0.936196
4.602,0.648088,0.788236,0.93706,0.936198
4.603,0.648066,0.788252,0.937061,0.9362
4.604,0.648044,0.788269,0.937063,0.936202
4.605,0.648022,0.788285,0.937064,0.936204
4.606,0.648001,0.788302,0.937065,0.936206
4.607,0.647979,0.788318,0.937066,0.936208
4.608,0.647957,0.788335,0.937067,0.93621
4.609,0.647935,0.788352,0.937068,0.936212
4.61,0.647914,0.788368,0.937069,0.936214
4.611,0.647892,0.788385,0.93707,0.936216
4.612,0.647871,0.788401,0.937071,0.936218
4.613,0.647849,0.788418,0.937072,0.93622
4.614,0.647827,0.788435,0.937073,0.936222
4.615,0.647806,0.788451,0.937074,0.936224
4.616,0.647784,0.788468,0.937075,0.936226
4.617,0.647763,0.788485,0.937076,0.936228
4.618,0.647741,0.788502,0.937077,0.93623
4.619,0.64772,0.788518,0.937078,0.936232
4.62,0.647698,0.788535,0.937079,0.936234
4.621,0.647677,0.788552,0.93708,0.936236
4.622,0.647655,0.788569,0.937081,0.936238
4.623,0.647634,0.788586,0.937082,0.93624
4.624,0.647612,0.788602,0.937083,0.936242
4.625,0.647591,0.788619,0.937084,0.936244
4.626,0.64757,0.788636,0.937085,0.936245
4.627,0.647548,0.788653,0.937086,0.936247
4.628,0.647527,0.78867,0.937087,0.936249
4.629,0.647505,0.788687,0.937088,0.936251
4.63,0.647484,0.788704,0.937089,0.936253
4.631,0.647463,0.788721,0.93709,0.936255
4.632,0.647442,0.788738,0.937091,0.936257
4.633,0.64742,0.788755,0.937092,0.936259
4.634,0.647399,0.788772,0.937093,0.936261
4.635,0.647378,0.788789,0.937094,0.936263
4.636,0.647357,0.788806,0.937095,0.936265
4.637,0.647335,0.788823,0.937096,0.936267
4.638,0.647314,0.78884,0.937097,0.936269
4.639,0.647293,0.788857,0.937098,0.936271
4.64,0.647272,0.788874,0.937099,0.936273
4.641,0.647251,0.788891,0.9371,0.936274
4.642,0.647229,0.788908,0.937101,0.936276
4.643,0.647208,0.788925,0.937102,0.936278
4.644,0.647187,0.788943,0.937103,0.93628
4.645,0.647166,0.78896,0.937104,0.936282
4.646,0.647145,0.788977,0.937105,0.936284
4.647,0.647124,0.788994,0.937106,0.936286
4.648,0.647103,0.789011,0.937107,0.936288
4.649,0.647082,0.789029,0.937108,0.93629
4.65,0.647061,0.789046,0.937109,0.936292
4.651,0.64704,0.789063,0.93711,0.936294
4.652,0.647019,0.789081,0.937111,0.936295
4.653,0.646998,0.789098,0.937112,0.936297
4.654,0.646977,0.789115,0.937113,0.936299
4.655,0.646956,0.789133,0.937114,0.936301
4.656,0.646935,0.78915,0.937115,0.936303
4.657,0.646914,0.789167,0.937116,0.936305
4.658,0.646893,0.789185,0.937117,0.936307
4.659,0.646873,0.789202,0.937118,0.936309
4.66,0.646852,0.78922,0.937119,0.936311
4.661,0.646831,0.789237,0.93712,0.936312
4.662,0.64681,0.789254,0.937121,0.936314
4.663,0.646789,0.789272,0.937122,0.936316
4.664,0.646768,0.789289,0.937123,0.936318
4.665,0.646748,0.789307,0.937124,0.93632
4.666,0.646727,0.789324,0.937125,0.936322
4.667,0.646706,0.789342,0.937126,0.936324
4.668,0.646686,0.789359,0.937127,0.936325
4.669,0.646665,0.789377,0.937128,0.936327
4.67,0.646644,0.789395,0.937129,0.936329
4.671,0.646623,0.789412,0.93713,0.936331
4.672,0.646603,0.78943,0.937131,0.936333
4.673,0.646582,0.789447,0.937132,0.936335
4.674,0.646561,0.789465,0.937133,0.936337
4.675,0.646541,0.789483,0.937134,0.936338
4.676,0.64652,0.7895,0.937135,0.93634
4.677,0.6465,0.789518,0.937136,0.936342
4.678,0.646479,0.789536,0.937137,0.936344
4.679,0.646459,0.789554,0.937137,0.936346
4.68,0.646438,0.789571,0.937138,0.936348
4.681,0.646418,0.789589,0.937139,0.936349
4.682,0.646397,0.789607,0.93714,0.936351
4.683,0.646377,0.789625,0.937141,0.936353
4.684,0.646356,0.789642,0.937142,0.936355
4.685,0.646336,0.78966,0.937143,0.936357
4.686,0.646315,0.789678,0.937144,0.936359
4.687,0.646295,0.789696,0.937145,0.93636
4.688,0.646274,0.789714,0.937146,0.936362
4.689,0.646254,0.789732,0.937147,0.936364
4.69,0.646234,0.789749,0.937148,0.936366
4.691,0.646213,0.789767,0.937149,0.936368
4.692,0.646193,0.789785,0.93715,0.93637
4.693,0.646173,0.789803,0.937151,0.936371
4.694,0.646152,0.789821,0.937152,0.936373
4.695,0.646132,0.789839,0.937153,0.936375
4.696,0.646112,0.789857,0.937154,0.936377
4.697,0.646091,0.789875,0.937155,0.936379
4.698,0.646071,0.789893,0.937156,0.93638
4.699,0.646051,0.789911,0.937156,0.936382
4.7,0.646031,0.789929,0.937157,0.936384
4.701,0.64601,0.789947,0.937158,0.936386
4.702,0.64599,0.789965,0.937159,0.936388
4.703,0.64597,0.789983,0.93716,0.936389
4.704,0.64595,0.790002,0.937161,0.936391
4.705,0.64593,0.79002,0.937162,0.936393
4.706,0.64591,0.790038,0.937163,0.936395
4.707,0.645889,0.790056,0.937164,0.936396
4.708,0.645869,0.790074,0.937165,0.936398
4.709,0.645849,0.790092,0.937166,0.9364
4.71,0.645829,0.79011,0.937167,0.936402
4.711,0.645809,0.790129,0.937168,0.936404
4.712,0.645789,0.790147,0.937169,0.936405
4.713,0.645769,0.790165,0.937169,0.936407
4.714,0.645749,0.790183,0.93717,0.936409
4.715,0.645729,0.790202,0.937171,0.936411
4.716,0.645709,0.79022,0.937172,0.936412
4.717,0.645689,0.790238,0.937173,0.936414
4.718,0.645669,0.790256,0.937174,0.936416
4.719,0.645649,0.790275,0.937175,0.936418
4.72,0.645629,0.790293,0.937176,0.936419
4.721,0.645609,0.790311,0.937177,0.936421
4.722,0.64559,0.79033,0.937178,0.936423
4.723,0.64557,0.790348,0.937179,0.936425
4.724,0.64555,0.790367,0.93718,0.936426
4.725,0.64553,0.790385,0.93718,0.936428
4.726,0.64551,0.790403,0.937181,0.93643
4.727,0.64549,0.790422,0.937182,0.936432
4.728,0.645471,0.79044,0.937183,0.936433
4.729,0.645451,0.790459,0.937184,0.936435
4.73,0.645431,0.790477,0.937185,0.936437
4.731,0.645411,0.790496,0.937186,0.936439
4.732,0.645392,0.790514,0.937187,0.93644
4.733,0.645372,0.790533,0.937188,0.936442
4.734,0.645352,0.790551,0.937189,0.936444
4.735,0.645332,0.79057,0.93719,0.936446
4.736,0.645313,0.790589,0.93719,0.936447
4.737,0.645293,0.790607,0.937191,0.936449
4.738,0.645273,0.790626,0.937192,0.936451
4.739,0.645254,0.790644,0.937193,0.936452
4.74,0.645234,0.790663,0.937194,0.936454
4.741,0.645215,0.790682,0.937195,0.936456
4.742,0.645195,0.7907,0.937196,0.936458
4.743,0.645175,0.790719,0.937197,0.936459
4.744,0.645156,0.790738,0.937198,0.936461
4.745,0.645136,0.790756,0.937198,0.936463
4.746,0.645117,0.790775,0.937199,0.936464
4.747,0.645097,0.790794,0.9372,0.936466
4.748,0.645078,0.790812,0.937201,0.936468
4.749,0.645058,0.790831,0.937202,0.93647
4.75,0.645039,0.79085,0.937203,0.936471
4.751,0.645019,0.790869,0.937204,0.936473
4.752,0.645,0.790888,0.937205,0.936475
4.753,0.64498,0.790906,0.937206,0.936476
4.754,0.644961,0.790925,0.937206,0.936478
4.755,0.644942,0.790944,0.937207,0.93648
4.756,0.644922,0.790963,0.937208,0.936481
4.757,0.644903,0.790982,0.937209,0.936483
4.758,0.644884,0.791001,0.93721,0.936485
4.759,0.644864,0.79102,0.937211,0.936487
4.76,0.644845,0.791039,0.937212,0.936488
4.761,0.644826,0.791057,0.937213,0.93649
4.762,0.644806,0.791076,0.937213,0.936492
4.763,0.644787,0.791095,0.937214,0.936493
4.764,0.644768,0.791114,0.937215,0.936495
4.765,0.644749,0.791133,0.937216,0.936497
4.766,0.644729,0.791152,0.937217,0.936498
4.767,0.64471,0.791171,0.937218,0.9365
4.768,0.644691,0.79119,0.937219,0.936502
4.769,0.644672,0.791209,0.93722,0.936503
4.77,0.644653,0.791228,0.93722,0.936505
4.771,0.644633,0.791247,0.937221,0.936507
4.772,0.644614,0.791267,0.937222,0.936508
4.773,0.644595,0.791286,0.937223,0.93651
4.774,0.644576,0.791305,0.937224,0.936512
4.775,0.644557,0.791324,0.937225,0.936513
4.776,0.644538,0.791343,0.937226,0.936515
4.777,0.644519,0.791362,0.937226,0.936516
4.778,0.6445,0.791381,0.937227,0.936518
4.779,0.644481,0.7914,0.937228,0.93652
4.78,0.644462,0.79142,0.937229,0.936521
4.781,0.644443,0.791439,0.93723,0.936523
4.782,0.644424,0.791458,0.937231,0.936525
4.783,0.644405,0.791477,0.937232,0.936526
4.784,0.644386,0.791496,0.937232,0.936528
4.785,0.644367,0.791516,0.937233,0.93653
4.786,0.644348,0.791535,0.937234,0.936531
4.787,0.644329,0.791554,0.937235,0.936533
4.788,0.64431,0.791574,0.937236,0.936534
4.789,0.644291,0.791593,0.937237,0.936536
4.79,0.644272,0.791612,0.937238,0.936538
4.791,0.644253,0.791632,0.937238,0.936539
4.792,0.644234,0.791651,0.937239,0.936541
4.793,0.644216,0.79167,0.93724,0.936543
4.794,0.644197,0.79169,0.937241,0.936544
4.795,0.644178,0.791709,0.937242,0.936546
4.796,0.644159,0.791728,0.937243,0.936547
4.797,0.64414,0.791748,0.937243,0.936549
4.798,0.644122,0.791767,0.937244,0.936551
4.799,0.644103,0.791787,0.937245,0.936552
4.8,0.644084,0.791806,0.937246,0.936554
4.801,0.644065,0.791826,0.937247,0.936556
4.802,0.644047,0.791845,0.937248,0.936557
4.803,0.644028,0.791865,0.937249,0.936559
4.804,0.644009,0.791884,0.937249,0.93656
4.805,0.643991,0.791904,0.93725,0.936562
4.806,0.643972,0.791923,0.937251,0.936564
4.807,0.643953,0.791943,0.937252,0.936565
4.808,0.643935,0.791962,0.937253,0.936567
4.809,0.643916,0.791982,0.937253,0.936568
4.81,0.643898,0.792001,0.937254,0.93657
4.811,0.643879,0.792021,0.937255,0.936571
4.812,0.64386,0.792041,0.937256,0.936573
4.813,0.643842,0.79206,0.937257,0.936575
4.814,0.643823,0.79208,0.937258,0.936576
4.815,0.643805,0.7921,0.937258,0.936578
4.816,0.643786,0.792119,0.937259,0.936579
4.817,0.643768,0.792139,0.93726,0.936581
4.818,0.643749,0.792159,0.937261,0.936583
4.819,0.643731,0.792178,0.937262,0.936584
4.82,0.643712,0.792198,0.937263,0.936586
4.821,0.643694,0.792218,0.937263,0.936587
4.822,0.643676,0.792237,0.937264,0.936589
4.823,0.643657,0.792257,0.937265,0.93659
4.824,0.643639,0.792277,0.937266,0.936592
4.825,0.64362,0.792297,0.937267,0.936594
4.826,0.643602,0.792316,0.937267,0.936595
4.827,0.643584,0.792336,0.937268,0.936597
4.828,0.643565,0.792356,0.937269,0.936598
4.829,0.643547,0.792376,0.93727,0.9366
4.83,0.643529,0.792396,0.937271,0.936601
4.831,0.64351,0.792416,0.937272,0.936603
4.832,0.643492,0.792435,0.937272,0.936604
4.833,0.643474,0.792455,0.937273,0.936606
4.834,0.643456,0.792475,0.937274,0.936608
4.835,0.643437,0.792495,0.937275,0.936609
4.836,0.643419,0.792515,0.937276,0.936611
4.837,0.643401,0.792535,0.937276,0.936612
4.838,0.643383,0.792555,0.937277,0.936614
4.839,0.643365,0.792575,0.937278,0.936615
4.84,0.643346,0.792595,0.937279,0.936617
4.841,0.643328,0.792615,0.93728,0.936618
4.842,0.64331,0.792635,0.93728,0.93662
4.843,0.643292,0.792655,0.937281,0.936621
4.844,0.643274,0.792675,0.937282,0.936623
4.845,0.643256,0.792695,0.937283,0.936624
4.846,0.643238,0.792715,0.937284,0.936626
4.847,0.64322,0.792735,0.937284,0.936627
4.848,0.643202,0.792755,0.937285,0.936629
4.849,0.643184,0.792775,0.937286,0.936631
4.85,0.643166,0.792795,0.937287,0.936632
4.851,0.643147,0.792815,0.937288,0.936634
4.852,0.643129,0.792835,0.937288,0.936635
4.853,0.643112,0.792856,0.937289,0.936637
4.854,0.643094,0.792876,0.93729,0.936638
4.855,0.643076,0.792896,0.937291,0.93664
4.856,0.643058,0.792916,0.937291,0.936641
4.857,0.64304,0.792936,0.937292,0.936643
4.858,0.643022,0.792956,0.937293,0.936644
4.859,0.643004,0.792977,0.937294,0.936646
4.86,0.642986,0.792997,0.937295,0.936647
4.861,0.642968,0.793017,0.937295,0.936649
4.862,0.64295,0.793037,0.937296,0.93665
4.863,0.642932,0.793057,0.937297,0.936652
4.864,0.642915,0.793078,0.937298,0.936653
4.865,0.642897,0.793098,0.937299,0.936655
4.866,0.642879,0.793118,0.937299,0.936656
4.867,0.642861,0.793139,0.9373,0.936658
4.868,0.642843,0.793159,0.937301,0.936659
4.869,0.642826,0.793179,0.937302,0.936661
4.87,0.642808,0.793199,0.937302,0.936662
4.871,0.64279,0.79322,0.937303,0.936664
4.872,0.642772,0.79324,0.937304,0.936665
4.873,0.642755,0.793261,0.937305,0.936667
4.874,0.642737,0.793281,0.937306,0.936668
4.875,0.642719,0.793301,0.937306,0.93667
4.876,0.642702,0.793322,0.937307,0.936671
4.877,0.642684,0.793342,0.937308,0.936672
4.878,0.642666,0.793363,0.937309,0.936674
4.879,0.642649,0.793383,0.937309,0.936675
4.88,0.642631,0.793403,0.93731,0.936677
4.881,0.642613,0.793424,0.937311,0.936678
4.882,0.642596,0.793444,0.937312,0.93668
4.883,0.642578,0.793465,0.937312,0.936681
4.884,0.642561,0.793485,0.937313,0.936683
4.885,0.642543,0.793506,0.937314,0.936684
4.886,0.642526,0.793526,0.937315,0.936686
4.887,0.642508,0.793547,0.937315,0.936687
4.888,0.642491,0.793567,0.937316,0.936689
4.889,0.642473,0.793588,0.937317,0.93669
4.89,0.642456,0.793608,0.937318,0.936692
4.891,0.642438,0.793629,0.937319,0.936693
4.892,0.642421,0.79365,0.937319,0.936694
4.893,0.642403,0.79367,0.93732,0.936696
4.894,0.642386,0.793691,0.937321,0.936697
4.895,0.642368,0.793711,0.937322,0.936699
4.896,0.642351,0.793732,0.937322,0.9367
4.897,0.642334,0.793753,0.937323,0.936702
4.898,0.642316,0.793773,0.937324,0.936703
4.899,0.642299,0.793794,0.937325,0.936705
4.9,0.642282,0.793815,0.937325,0.936706
4.901,0.642264,0.793835,0.937326,0.936707
4.902,0.642247,0.793856,0.937327,0.936709
4.903,0.64223,0.793877,0.937328,0.93671
4.904,0.642212,0.793898,0.937328,0.936712
4.905,0.642195,0.793918,0.937329,0.936713
4.906,0.642178,0.793939,0.93733,0.936715
4.907,0.64216,0.79396,0.937331,0.936716
4.908,0.642143,0.793981,0.937331,0.936717
4.909,0.642126,0.794001,0.937332,0.936719
4.91,0.642109,0.794022,0.937333,0.93672
4.911,0.642092,0.794043,0.937333,0.936722
4.912,0.642074,0.794064,0.937334,0.936723
4.913,0.642057,0.794085,0.937335,0.936725
4.914,0.64204,0.794105,0.937336,0.936726
4.915,0.642023,0.794126,0.937336,0.936727
4.916,0.642006,0.794147,0.937337,0.936729
4.917,0.641989,0.794168,0.937338,0.93673
4.918,0.641972,0.794189,0.937339,0.936732
4.919,0.641954,0.79421,0.937339,0.936733
4.92,0.641937,0.794231,0.93734,0.936734
4.921,0.64192,0.794251,0.937341,0.936736
4.922,0.641903,0.794272,0.937342,0.936737
4.923,0.641886,0.794293,0.937342,0.936739
4.924,0.641869,0.794314,0.937343,0.93674
4.925,0.641852,0.794335,0.937344,0.936741
4.926,0.641835,0.794356,0.937345,0.936743
4.927,0.641818,0.794377,0.937345,0.936744
4.928,0.641801,0.794398,0.937346,0.936746
4.929,0.641784,0.794419,0.937347,0.936747
4.93,0.641767,0.79444,0.937347,0.936748
4.931,0.64175,0.794461,0.937348,0.93675
4.932,0.641733,0.794482,0.937349,0.936751
4.933,0.641717,0.794503,0.93735,0.936753
4.934,0.6417,0.794524,0.93735,0.936754
4.935,0.641683,0.794545,0.937351,0.936755
4.936,0.641666,0.794566,0.937352,0.936757
4.937,0.641649,0.794587,0.937352,0.936758
4.938,0.641632,0.794609,0.937353,0.936759
4.939,0.641615,0.79463,0.937354,0.936761
4.94,0.641599,0.794651,0.937355,0.936762
4.941,0.641582,0.794672,0.937355,0.936764
4.942,0.641565,0.794693,0.937356,0.936765
4.943,0.641548,0.794714,0.937357,0.936766
4.944,0.641531,0.794735,0.937357,0.936768
4.945,0.641515,0.794757,0.937358,0.936769
4.946,0.641498,0.794778,0.937359,0.93677
4.947,0.641481,0.794799,0.93736,0.936772
4.948,0.641464,0.79482,0.93736,0.936773
4.949,0.641448,0.794841,0.937361,0.936775
4.95,0.641431,0.794862,0.937362,0.936776
4.951,0.641414,0.794884,0.937362,0.936777
4.952,0.641398,0.794905,0.937363,0.936779
4.953,0.641381,0.794926,0.937364,0.93678
4.954,0.641364,0.794947,0.937365,0.936781
4.955,0.641348,0.794969,0.937365,0.936783
4.956,0.641331,0.79499,0.937366,0.936784
4.957,0.641315,0.795011,0.937367,0.936785
4.958,0.641298,0.795033,0.937367,0.936787
4.959,0.641281,0.795054,0.937368,0.936788
4.96,0.641265,0.795075,0.937369,0.936789
4.961,0.641248,0.795097,0.93737,0.936791
4.962,0.641232,0.795118,0.93737,0.936792
4.963,0.641215,0.795139,0.937371,0.936793
4.964,0.641199,0.795161,0.937372,0.936795
4.965,0.641182,0.795182,0.937372,0.936796
4.966,0.641166,0.795203,0.937373,0.936797
4.967,0.641149,0.795225,0.937374,0.936799
4.968,0.641133,0.795246,0.937374,0.9368
4.969,0.641116,0.795268,0.937375,0.936801
4.97,0.6411,0.795289,0.937376,0.936803
4.971,0.641084,0.79531,0.937376,0.936804
4.972,0.641067,0.795332,0.937377,0.936805
4.973,0.641051,0.795353,0.937378,0.936807
4.974,0.641034,0.795375,0.937379,0.936808
4.975,0.641018,0.795396,0.937379,0.936809
4.976,0.641002,0.795418,0.93738,0.936811
4.977,0.640985,0.795439,0.937381,0.936812
4.978,0.640969,0.795461,0.937381,0.936813
4.979,0.640953,0.795482,0.937382,0.936815
4.98,0.640936,0.795504,0.937383,0.936816
4.981,0.64092,0.795525,0.937383,0.936817
4.982,0.640904,0.795547,0.937384,0.936819
4.983,0.640888,0.795568,0.937385,0.93682
4.984,0.640871,0.79559,0.937385,0.936821
4.985,0.640855,0.795611,0.937386,0.936823
4.986,0.640839,0.795633,0.937387,0.936824
4.987,0.640823,0.795655,0.937387,0.936825
4.988,0.640806,0.795676,0.937388,0.936827
4.989,0.64079,0.795698,0.937389,0.936828
4.99,0.640774,0.795719,0.937389,0.936829
4.991,0.640758,0.795741,0.93739,0.93683
4.992,0.640742,0.795763,0.937391,0.936832
4.993,0.640726,0.795784,0.937392,0.936833
4.994,0.640709,0.795806,0.937392,0.936834
4.995,0.640693,0.795828,0.937393,0.936836
4.996,0.640677,0.795849,0.937394,0.936837
4.997,0.640661,0.795871,0.937394,0.936838
4.998,0.640645,0.795893,0.937395,0.936839
4.999,0.640629,0.795914,0.937396,0.936841
5,0.640613,0.795936,0.937396,0.936842
5.001,0.640597,0.795958,0.937397,0.936843
5.002,0.640581,0.79598,0.937398,0.936845
5.003,0.640565,0.796001,0.937398,0.936846
5.004,0.640549,0.796023,0.937399,0.936847
5.005,0.640533,0.796045,0.9374,0.936848
5.006,0.640517,0.796067,0.9374,0.93685
5.007,0.640501,0.796088,0.937401,0.936851
5.008,0.640485,0.79611,0.937402,0.936852
5.009,0.640469,0.796132,0.937402,0.936854
5.01,0.640453,0.796154,0.937403,0.936855
5.011,0.640437,0.796176,0.937404,0.936856
5.012,0.640421,0.796197,0.937404,0.936857
5.013,0.640405,0.796219,0.937405,0.936859
5.014,0.640389,0.796241,0.937406,0.93686
5.015,0.640374,0.796263,0.937406,0.936861
5.016,0.640358,0.796285,0.937407,0.936862
5.017,0.640342,0.796307,0.937408,0.936864
5.018,0.640326,0.796328,0.937408,0.936865
5.019,0.64031,0.79635,0.937409,0.936866
5.02,0.640294,0.796372,0.93741,0.936868
5.021,0.640279,0.796394,0.93741,0.936869
5.022,0.640263,0.796416,0.937411,0.93687
5.023,0.640247,0.796438,0.937411,0.936871
5.024,0.640231,0.79646,0.937412,0.936873
5.025,0.640216,0.796482,0.937413,0.936874
5.026,0.6402,0.796504,0.937413,0.936875
5.027,0.640184,0.796526,0.937414,0.936876
5.028,0.640168,0.796548,0.937415,0.936878
5.029,0.640153,0.79657,0.937415,0.936879
5.03,0.640137,0.796592,0.937416,0.93688
5.031,0.640121,0.796614,0.937417,0.936881
5.032,0.640106,0.796636,0.937417,0.936883
5.033,0.64009,0.796658,0.937418,0.936884
5.034,0.640074,0.79668,0.937419,0.936885
5.035,0.640059,0.796702,0.937419,0.936886
5.036,0.640043,0.796724,0.93742,0.936887
5.037,0.640028,0.796746,0.937421,0.936889
5.038,0.640012,0.796768,0.937421,0.93689
5.039,0.639997,0.79679,0.937422,0.936891
5.04,0.639981,0.796812,0.937422,0.936892
5.041,0.639965,0.796834,0.937423,0.936894
5.042,0.63995,0.796856,0.937424,0.936895
5.043,0.639934,0.796878,0.937424,0.936896
5.044,0.639919,0.7969,0.937425,0.936897
5.045,0.639903,0.796922,0.937426,0.936899
5.046,0.639888,0.796945,0.937426,0.9369
5.047,0.639872,0.796967,0.937427,0.936901
5.048,0.639857,0.796989,0.937428,0.936902
5.049,0.639841,0.797011,0.937428,0.936903
5.05,0.639826,0.797033,0.937429,0.936905
5.051,0.639811,0.797055,0.93743,0.936906
5.052,0.639795,0.797078,0.93743,0.936907
5.053,0.63978,0.7971,0.937431,0.936908
5.054,0.639764,0.797122,0.937431,0.936909
5.055,0.639749,0.797144,0.937432,0.936911
5.056,0.639734,0.797166,0.937433,0.936912
5.057,0.639718,0.797189,0.937433,0.936913
5.058,0.639703,0.797211,0.937434,0.936914
5.059,0.639688,0.797233,0.937435,0.936916
5.06,0.639672,0.797255,0.937435,0.936917
5.061,0.639657,0.797277,0.937436,0.936918
5.062,0.639642,0.7973,0.937436,0.936919
5.063,0.639626,0.797322,0.937437,0.93692
5.064,0.639611,0.797344,0.937438,0.936922
5.065,0.639596,0.797367,0.937438,0.936923
5.066,0.639581,0.797389,0.937439,0.936924
5.067,0.639565,0.797411,0.93744,0.936925
5.068,0.63955,0.797433,0.93744,0.936926
5.069,0.639535,0.797456,0.937441,0.936928
5.07,0.63952,0.797478,0.937441,0.936929
5.071,0.639505,0.7975,0.937442,0.93693
5.072,0.639489,0.797523,0.937443,0.936931
5.073,0.639474,0.797545,0.937443,0.936932
5.074,0.639459,0.797567,0.937444,0.936933
5.075,0.639444,0.79759,0.937445,0.936935
5.076,0.639429,0.797612,0.937445,0.936936
5.077,0.639414,0.797635,0.937446,0.936937
5.078,0.639399,0.797657,0.937446,0.936938
5.079,0.639383,0.797679,0.937447,0.936939
5.08,0.639368,0.797702,0.937448,0.936941
5.081,0.639353,0.797724,0.937448,0.936942
5.082,0.639338,0.797747,0.937449,0.936943
5.083,0.639323,0.797769,0.937449,0.936944
5.084,0.639308,0.797791,0.93745,0.936945
5.085,0.639293,0.797814,0.937451,0.936946
5.086,0.639278,0.797836,0.937451,0.936948
5.087,0.639263,0.797859,0.937452,0.936949
5.088,0.639248,0.797881,0.937452,0.93695
5.089,0.639233,0.797904,0.937453,0.936951
5.09,0.639218,0.797926,0.937454,0.936952
5.091,0.639203,0.797949,0.937454,0.936953
5.092,0.639188,0.797971,0.937455,0.936955
5.093,0.639173,0.797994,0.937456,0.936956
5.094,0.639158,0.798016,0.937456,0.936957
5.095,0.639144,0.798039,0.937457,0.936958
5.096,0.639129,0.798061,0.937457,0.936959
5.097,0.639114,0.798084,0.937458,0.93696
5.098,0.639099,0.798106,0.937459,0.936962
5.099,0.639084,0.798129,0.937459,0.936963
5.1,0.639069,0.798152,0.93746,0.936964
5.101,0.639054,0.798174,0.93746,0.936965
5.102,0.63904,0.798197,0.937461,0.936966
5.103,0.639025,0.798219,0.937462,0.936967
5.104,0.63901,0.798242,0.937462,0.936968
5.105,0.638995,0.798264,0.937463,0.93697
5.106,0.63898,0.798287,0.937463,0.936971
5.107,0.638966,0.79831,0.937464,0.936972
5.108,0.638951,0.798332,0.937465,0.936973
5.109,0.638936,0.798355,0.937465,0.936974
5.11,0.638921,0.798378,0.937466,0.936975
5.111,0.638907,0.7984,0.937466,0.936976
5.112,0.638892,0.798423,0.937467,0.936978
5.113,0.638877,0.798446,0.937467,0.936979
5.114,0.638863,0.798468,0.937468,0.93698
5.115,0.638848,0.798491,0.937469,0.936981
5.116,0.638833,0.798514,0.937469,0.936982
5.117,0.638819,0.798536,0.93747,0.936983
5.118,0.638804,0.798559,0.93747,0.936984
5.119,0.638789,0.798582,0.937471,0.936985
5.12,0.638775,0.798604,0.937472,0.936987
5.121,0.63876,0.798627,0.937472,0.936988
5.122,0.638745,0.79865,0.937473,0.936989
5.123,0.638731,0.798672,0.937473,0.93699
5.124,0.638716,0.798695,0.937474,0.936991
5.125,0.638702,0.798718,0.937475,0.936992
5.126,0.638687,0.798741,0.937475,0.936993
5.127,0.638673,0.798763,0.937476,0.936994
5.128,0.638658,0.798786,0.937476,0.936996
5.129,0.638644,0.798809,0.937477,0.936997
5.13,0.638629,0.798832,0.937477,0.936998
5.131,0.638615,0.798855,0.937478,0.936999
5.132,0.6386,0.798877,0.937479,0.937
5.133,0.638586,0.7989,0.937479,0.937001
5.134,0.638571,0.798923,0.93748,0.937002
5.135,0.638557,0.798946,0.93748,0.937003
5.136,0.638542,0.798969,0.937481,0.937004
5.137,0.638528,0.798991,0.937481,0.937006
5.138,0.638513,0.799014,0.937482,0.937007
5.139,0.638499,0.799037,0.937483,0.937008
5.14,0.638485,0.79906,0.937483,0.937009
5.141,0.63847,0.799083,0.937484,0.93701
5.142,0.638456,0.799106,0.937484,0.937011
5.143,0.638442,0.799129,0.937485,0.937012
5.144,0.638427,0.799151,0.937486,0.937013
5.145,0.638413,0.799174,0.937486,0.937014
5.146,0.638399,0.799197,0.937487,0.937015
5.147,0.638384,0.79922,0.937487,0.937017
5.148,0.63837,0.799243,0.937488,0.937018
5.149,0.638356,0.799266,0.937488,0.937019
5.15,0.638341,0.799289,0.937489,0.93702
5.151,0.638327,0.799312,0.937489,0.937021
5.152,0.638313,0.799335,0.93749,0.937022
5.153,0.638299,0.799358,0.937491,0.937023
5.154,0.638284,0.799381,0.937491,0.937024
5.155,0.63827,0.799404,0.937492,0.937025
5.156,0.638256,0.799427,0.937492,0.937026
5.157,0.638242,0.799449,0.937493,0.937027
5.158,0.638228,0.799472,0.937493,0.937028
5.159,0.638213,0.799495,0.937494,0.93703
5.16,0.638199,0.799518,0.937495,0.937031
5.161,0.638185,0.799541,0.937495,0.937032
5.162,0.638171,0.799564,0.937496,0.937033
5.163,0.638157,0.799587,0.937496,0.937034
5.164,0.638143,0.79961,0.937497,0.937035
5.165,0.638129,0.799633,0.937497,0.937036
5.166,0.638114,0.799656,0.937498,0.937037
5.167,0.6381,0.799679,0.937498,0.937038
5.168,0.638086,0.799703,0.937499,0.937039
5.169,0.638072,0.799726,0.9375,0.93704
5.17,0.638058,0.799749,0.9375,0.937041
5.171,0.638044,0.799772,0.937501,0.937042
5.172,0.63803,0.799795,0.937501,0.937043
5.173,0.638016,0.799818,0.937502,0.937045
5.174,0.638002,0.799841,0.937502,0.937046
5.175,0.637988,0.799864,0.937503,0.937047
5.176,0.637974,0.799887,0.937503,0.937048
5.177,0.63796,0.79991,0.937504,0.937049
5.178,0.637946,0.799933,0.937505,0.93705
5.179,0.637932,0.799956,0.937505,0.937051
5.18,0.637918,0.799979,0.937506,0.937052
5.181,0.637904,0.800003,0.937506,0.937053
5.182,0.63789,0.800026,0.937507,0.937054
5.183,0.637876,0.800049,0.937507,0.937055
5.184,0.637863,0.800072,0.937508,0.937056
5.185,0.637849,0.800095,0.937508,0.937057
5.186,0.637835,0.800118,0.937509,0.937058
5.187,0.637821,0.800141,0.93751,0.937059
5.188,0.637807,0.800165,0.93751,0.93706
5.189,0.637793,0.800188,0.937511,0.937061
5.19,0.637779,0.800211,0.937511,0.937062
5.191,0.637766,0.800234,0.937512,0.937063
5.192,0.637752,0.800257,0.937512,0.937065
5.193,0.637738,0.80028,0.937513,0.937066
5.194,0.637724,0.800304,0.937513,0.937067
5.195,0.63771,0.800327,0.937514,0.937068
5.196,0.637697,0.80035,0.937514,0.937069
5.197,0.637683,0.800373,0.937515,0.93707
5.198,0.637669,0.800396,0.937515,0.937071
5.199,0.637655,0.80042,0.937516,0.937072
5.2,0.637642,0.800443,0.937517,0.937073
5.201,0.637628,0.800466,0.937517,0.937074
5.202,0.637614,0.800489,0.937518,0.937075
5.203,0.637601,0.800513,0.937518,0.937076
5.204,0.637587,0.800536,0.937519,0.937077
5.205,0.637573,0.800559,0.937519,0.937078
5.206,0.637559,0.800582,0.93752,0.937079
5.207,0.637546,0.800606,0.93752,0.93708
5.208,0.637532,0.800629,0.937521,0.937081
5.209,0.637519,0.800652,0.937521,0.937082
5.21,0.637505,0.800676,0.937522,0.937083
5.211,0.637491,0.800699,0.937522,0.937084
5.212,0.637478,0.800722,0.937523,0.937085
5.213,0.637464,0.800745,0.937523,0.937086
5.214,0.637451,0.800769,0.937524,0.937087
5.215,0.637437,0.800792,0.937525,0.937088
5.216,0.637423,0.800815,0.937525,0.937089
5.217,0.63741,0.800839,0.937526,0.93709
5.218,0.637396,0.800862,0.937526,0.937091
5.219,0.637383,0.800885,0.937527,0.937092
5.22,0.637369,0.800909,0.937527,0.937093
5.221,0.637356,0.800932,0.937528,0.937094
5.222,0.637342,0.800955,0.937528,0.937095
5.223,0.637329,0.800979,0.937529,0.937096
5.224,0.637315,0.801002,0.937529,0.937097
5.225,0.637302,0.801026,0.93753,0.937098
5.226,0.637288,0.801049,0.93753,0.937099
5.227,0.637275,0.801072,0.937531,0.9371
5.228,0.637262,0.801096,0.937531,0.937101
5.229,0.637248,0.801119,0.937532,0.937102
5.23,0.637235,0.801142,0.937532,0.937103
5.231,0.637221,0.801166,0.937533,0.937104
5.232,0.637208,0.801189,0.937533,0.937105
5.233,0.637195,0.801213,0.937534,0.937106
5.234,0.637181,0.801236,0.937534,0.937107
5.235,0.637168,0.80126,0.937535,0.937108
5.236,0.637155,0.801283,0.937536,0.937109
5.237,0.637141,0.801306,0.937536,0.93711
5.238,0.637128,0.80133,0.937537,0.937111
5.239,0.637115,0.801353,0.937537,0.937112
5.24,0.637101,0.801377,0.937538,0.937113
5.241,0.637088,0.8014,0.937538,0.937114
5.242,0.637075,0.801424,0.937539,0.937115
5.243,0.637061,0.801447,0.937539,0.937116
5.244,0.637048,0.801471,0.93754,0.937117
5.245,0.637035,0.801494,0.93754,0.937118
5.246,0.637022,0.801518,0.937541,0.937119
5.247,0.637008,0.801541,0.937541,0.93712
5.248,0.636995,0.801565,0.937542,0.937121
5.249,0.636982,0.801588,0.937542,0.937122
5.25,0.636969,0.801612,0.937543,0.937123
5.251,0.636956,0.801635,0.937543,0.937124
5.252,0.636943,0.801659,0.937544,0.937125
5.253,0.636929,0.801682,0.937544,0.937126
5.254,0.636916,0.801706,0.937545,0.937127
5.255,0.636903,0.801729,0.937545,0.937128
5.256,0.63689,0.801753,0.937546,0.937129
5.257,0.636877,0.801776,0.937546,0.93713
5.258,0.636864,0.8018,0.937547,0.937131
5.259,0.636851,0.801823,0.937547,0.937132
5.26,0.636837,0.801847,0.937548,0.937133
5.261,0.636824,0.80187,0.937548,0.937134
5.262,0.636811,0.801894,0.937549,0.937135
5.263,0.636798,0.801917,0.937549,0.937135
5.264,0.636785,0.801941,0.93755,0.937136
5.265,0.636772,0.801965,0.93755,0.937137
5.266,0.636759,0.801988,0.937551,0.937138
5.267,0.636746,0.802012,0.937551,0.937139
5.268,0.636733,0.802035,0.937552,0.93714
5.269,0.63672,0.802059,0.937552,0.937141
5.27,0.636707,0.802083,0.937553,0.937142
5.271,0.636694,0.802106,0.937553,0.937143
5.272,0.636681,0.80213,0.937554,0.937144
5.273,0.636668,0.802153,0.937554,0.937145
5.274,0.636655,0.802177,0.937555,0.937146
5.275,0.636642,0.802201,0.937555,0.937147
5.276,0.636629,0.802224,0.937556,0.937148
5.277,0.636616,0.802248,0.937556,0.937149
5.278,0.636604,0.802271,0.937557,0.93715
5.279,0.636591,0.802295,0.937557,0.937151
5.28,0.636578,0.802319,0.937558,0.937152
5.281,0.636565,0.802342,0.937558,0.937153
5.282,0.636552,0.802366,0.937559,0.937154
5.283,0.636539,0.80239,0.937559,0.937154
5.284,0.636526,0.802413,0.93756,0.937155
5.285,0.636513,0.802437,0.93756,0.937156
5.286,0.636501,0.802461,0.937561,0.937157
5.287,0.636488,0.802484,0.937561,0.937158
5.288,0.636475,0.802508,0.937562,0.937159
5.289,0.636462,0.802532,0.937562,0.93716
5.29,0.636449,0.802555,0.937563,0.937161
5.291,0.636437,0.802579,0.937563,0.937162
5.292,0.636424,0.802603,0.937564,0.937163
5.293,0.636411,0.802627,0.937564,0.937164
5.294,0.636398,0.80265,0.937564,0.937165
5.295,0.636386,0.802674,0.937565,0.937166
5.296,0.636373,0.802698,0.937565,0.937167
5.297,0.63636,0.802721,0.937566,0.937168
5.298,0.636348,0.802745,0.937566,0.937168
5.299,0.636335,0.802769,0.937567,0.937169
5.3,0.636322,0.802793,0.937567,0.93717
5.301,0.636309,0.802816,0.937568,0.937171
5.302,0.636297,0.80284,0.937568,0.937172
5.303,0.636284,0.802864,0.937569,0.937173
5.304,0.636272,0.802887,0.937569,0.937174
5.305,0.636259,0.802911,0.93757,0.937175
5.306,0.636246,0.802935,0.93757,0.937176
5.307,0.636234,0.802959,0.937571,0.937177
5.308,0.636221,0.802982,0.937571,0.937178
5.309,0.636208,0.803006,0.937572,0.937179
5.31,0.636196,0.80303,0.937572,0.937179
5.311,0.636183,0.803054,0.937573,0.93718
5.312,0.636171,0.803078,0.937573,0.937181
5.313,0.636158,0.803101,0.937574,0.937182
5.314,0.636146,0.803125,0.937574,0.937183
5.315,0.636133,0.803149,0.937575,0.937184
5.316,0.636121,0.803173,0.937575,0.937185
5.317,0.636108,0.803197,0.937575,0.937186
5.318,0.636096,0.80322,0.937576,0.937187
5.319,0.636083,0.803244,0.937576,0.937188
5.32,0.636071,0.803268,0.937577,0.937189
5.321,0.636058,0.803292,0.937577,0.937189
5.322,0.636046,0.803316,0.937578,0.93719
5.323,0.636033,0.803339,0.937578,0.937191
5.324,0.636021,0.803363,0.937579,0.937192
5.325,0.636008,0.803387,0.937579,0.937193
5.326,0.635996,0.803411,0.93758,0.937194
5.327,0.635983,0.803435,0.93758,0.937195
5.328,0.635971,0.803459,0.937581,0.937196
5.329,0.635959,0.803482,0.937581,0.937197
5.33,0.635946,0.803506,0.937582,0.937198
5.331,0.635934,0.80353,0.937582,0.937198
5.332,0.635921,0.803554,0.937582,0.937199
5.333,0.635909,0.803578,0.937583,0.9372
5.334,0.635897,0.803602,0.937583,0.937201
5.335,0.635884,0.803625,0.937584,0.937202
5.336,0.635872,0.803649,0.937584,0.937203
5.337,0.63586,0.803673,0.937585,0.937204
5.338,0.635847,0.803697,0.937585,0.937205
5.339,0.635835,0.803721,0.937586,0.937205
5.34,0.635823,0.803745,0.937586,0.937206
5.341,0.635811,0.803769,0.937587,0.937207
5.342,0.635798,0.803793,0.937587,0.937208
5.343,0.635786,0.803816,0.937588,0.937209
5.344,0.635774,0.80384,0.937588,0.93721
5.345,0.635762,0.803864,0.937588,0.937211
5.346,0.635749,0.803888,0.937589,0.937212
5.347,0.635737,0.803912,0.937589,0.937213
5.348,0.635725,0.803936,0.93759,0.937213
5.349,0.635713,0.80396,0.93759,0.937214
5.35,0.635701,0.803984,0.937591,0.937215
5.351,0.635688,0.804008,0.937591,0.937216
5.352,0.635676,0.804032,0.937592,0.937217
5.353,0.635664,0.804056,0.937592,0.937218
5.354,0.635652,0.80408,0.937593,0.937219
5.355,0.63564,0.804103,0.937593,0.937219
5.356,0.635628,0.804127,0.937593,0.93722
5.357,0.635615,0.804151,0.937594,0.937221
5.358,0.635603,0.804175,0.937594,0.937222
5.359,0.635591,0.804199,0.937595,0.937223
5.36,0.635579,0.804223,0.937595,0.937224
5.361,0.635567,0.804247,0.937596,0.937225
5.362,0.635555,0.804271,0.937596,0.937226
5.363,0.635543,0.804295,0.937597,0.937226
5.364,0.635531,0.804319,0.937597,0.937227
5.365,0.635519,0.804343,0.937598,0.937228
5.366,0.635507,0.804367,0.937598,0.937229
5.367,0.635495,0.804391,0.937598,0.93723
5.368,0.635483,0.804415,0.937599,0.937231
5.369,0.635471,0.804439,0.937599,0.937232
5.37,0.635459,0.804463,0.9376,0.937232
5.371,0.635447,0.804487,0.9376,0.937233
5.372,0.635435,0.804511,0.937601,0.937234
5.373,0.635423,0.804535,0.937601,0.937235
5.374,0.635411,0.804559,0.937602,0.937236
5.375,0.635399,0.804583,0.937602,0.937237
5.376,0.635387,0.804607,0.937602,0.937237
5.377,0.635375,0.804631,0.937603,0.937238
5.378,0.635363,0.804655,0.937603,0.937239
5.379,0.635351,0.804679,0.937604,0.93724
5.38,0.635339,0.804703,0.937604,0.937241
5.381,0.635327,0.804727,0.937605,0.937242
5.382,0.635315,0.804751,0.937605,0.937243
5.383,0.635304,0.804775,0.937606,0.937243
5.384,0.635292,0.804799,0.937606,0.937244
5.385,0.63528,0.804823,0.937606,0.937245
5.386,0.635268,0.804847,0.937607,0.937246
5.387,0.635256,0.804871,0.937607,0.937247
5.388,0.635244,0.804895,0.937608,0.937248
5.389,0.635232,0.804919,0.937608,0.937248
5.39,0.635221,0.804943,0.937609,0.937249
5.391,0.635209,0.804967,0.937609,0.93725
5.392,0.635197,0.804991,0.937609,0.937251
5.393,0.635185,0.805015,0.93761,0.937252
5.394,0.635174,0.805039,0.93761,0.937253
5.395,0.635162,0.805063,0.937611,0.937253
5.396,0.63515,0.805087,0.937611,0.937254
5.397,0.635138,0.805111,0.937612,0.937255
5.398,0.635127,0.805135,0.937612,0.937256
5.399,0.635115,0.805159,0.937612,0.937257
5.4,0.635103,0.805183,0.937613,0.937258
5.401,0.635091,0.805207,0.937613,0.937258
5.402,0.63508,0.805232,0.937614,0.937259
5.403,0.635068,0.805256,0.937614,0.93726
5.404,0.635056,0.80528,0.937615,0.937261
5.405,0.635045,0.805304,0.937615,0.937262
5.406,0.635033,0.805328,0.937615,0.937262
5.407,0.635021,0.805352,0.937616,0.937263
5.408,0.63501,0.805376,0.937616,0.937264
5.409,0.634998,0.8054,0.937617,0.937265
5.41,0.634986,0.805424,0.937617,0.937266
5.411,0.634975,0.805448,0.937618,0.937267
5.412,0.634963,0.805472,0.937618,0.937267
5.413,0.634952,0.805496,0.937618,0.937268
5.414,0.63494,0.80552,0.937619,0.937269
5.415,0.634928,0.805545,0.937619,0.93727
5.416,0.634917,0.805569,0.93762,0.937271
5.417,0.634905,0.805593,0.93762,0.937271
5.418,0.634894,0.805617,0.937621,0.937272
5.419,0.634882,0.805641,0.937621,0.937273
5.42,0.634871,0.805665,0.937621,0.937274
5.421,0.634859,0.805689,0.937622,0.937275
5.422,0.634848,0.805713,0.937622,0.937275
5.423,0.634836,0.805737,0.937623,0.937276
5.424,0.634825,0.805762,0.937623,0.937277
5.425,0.634813,0.805786,0.937623,0.937278
5.426,0.634802,0.80581,0.937624,0.937279
5.427,0.63479,0.805834,0.937624,0.937279
5.428,0.634779,0.805858,0.937625,0.93728
5.429,0.634767,0.805882,0.937625,0.937281
5.43,0.634756,0.805906,0.937626,0.937282
5.431,0.634744,0.80593,0.937626,0.937283
5.432,0.634733,0.805954,0.937626,0.937283
5.433,0.634722,0.805979,0.937627,0.937284
5.434,0.63471,0.806003,0.937627,0.937285
5.435,0.634699,0.806027,0.937628,0.937286
5.436,0.634687,0.806051,0.937628,0.937287
5.437,0.634676,0.806075,0.937628,0.937287
5.438,0.634665,0.806099,0.937629,0.937288
5.439,0.634653,0.806123,0.937629,0.937289
5.44,0.634642,0.806148,0.93763,0.93729
5.441,0.634631,0.806172,0.93763,0.937291
5.442,0.634619,0.806196,0.937631,0.937291
5.443,0.634608,0.80622,0.937631,0.937292
5.444,0.634597,0.806244,0.937631,0.937293
5.445,0.634585,0.806268,0.937632,0.937294
5.446,0.634574,0.806293,0.937632,0.937295
5.447,0.634563,0.806317,0.937633,0.937295
5.448,0.634551,0.806341,0.937633,0.937296
5.449,0.63454,0.806365,0.937633,0.937297
5.45,0.634529,0.806389,0.937634,0.937298
5.451,0.634518,0.806413,0.937634,0.937298
5.452,0.634506,0.806438,0.937635,0.937299
5.453,0.634495,0.806462,0.937635,0.9373
5.454,0.634484,0.806486,0.937635,0.937301
5.455,0.634473,0.80651,0.937636,0.937302
5.456,0.634462,0.806534,0.937636,0.937302
5.457,0.63445,0.806558,0.937637,0.937303
5.458,0.634439,0.806583,0.937637,0.937304
5.459,0.634428,0.806607,0.937637,0.937305
5.46,0.634417,0.806631,0.937638,0.937305
5.461,0.634406,0.806655,0.937638,0.937306
5.462,0.634395,0.806679,0.937639,0.937307
5.463,0.634383,0.806703,0.937639,0.937308
5.464,0.634372,0.806728,0.937639,0.937309
5.465,0.634361,0.806752,0.93764,0.937309
5.466,0.63435,0.806776,0.93764,0.93731
5.467,0.634339,0.8068,0.937641,0.937311
5.468,0.634328,0.806824,0.937641,0.937312
5.469,0.634317,0.806849,0.937641,0.937312
5.47,0.634306,0.806873,0.937642,0.937313
5.471,0.634295,0.806897,0.937642,0.937314
5.472,0.634284,0.806921,0.937643,0.937315
5.473,0.634272,0.806945,0.937643,0.937315
5.474,0.634261,0.80697,0.937643,0.937316
5.475,0.63425,0.806994,0.937644,0.937317
5.476,0.634239,0.807018,0.937644,0.937318
5.477,0.634228,0.807042,0.937645,0.937318
5.478,0.634217,0.807066,0.937645,0.937319
5.479,0.634206,0.807091,0.937645,0.93732
5.48,0.634195,0.807115,0.937646,0.937321
5.481,0.634184,0.807139,0.937646,0.937321
5.482,0.634173,0.807163,0.937647,0.937322
5.483,0.634162,0.807188,0.937647,0.937323
5.484,0.634151,0.807212,0.937647,0.937324
5.485,0.63414,0.807236,0.937648,0.937324
5.486,0.63413,0.80726,0.937648,0.937325
5.487,0.634119,0.807284,0.937649,0.937326
5.488,0.634108,0.807309,0.937649,0.937327
5.489,0.634097,0.807333,0.937649,0.937327
5.49,0.634086,0.807357,0.93765,0.937328
5.491,0.634075,0.807381,0.93765,0.937329
5.492,0.634064,0.807405,0.93765,0.93733
5.493,0.634053,0.80743,0.937651,0.93733
5.494,0.634042,0.807454,0.937651,0.937331
5.495,0.634031,0.807478,0.937652,0.937332
5.496,0.634021,0.807502,0.937652,0.937333
5.497,0.63401,0.807527,0.937652,0.937333
5.498,0.633999,0.807551,0.937653,0.937334
5.499,0.633988,0.807575,0.937653,0.937335
5.5,0.633977,0.807599,0.937654,0.937336
5.501,0.633966,0.807624,0.937654,0.937336
5.502,0.633956,0.807648,0.937654,0.937337
5.503,0.633945,0.807672,0.937655,0.937338
5.504,0.633934,0.807696,0.937655,0.937339
5.505,0.633923,0.807721,0.937656,0.937339
5.506,0.633913,0.807745,0.937656,0.93734
5.507,0.633902,0.807769,0.937656,0.937341
5.508,0.633891,0.807793,0.937657,0.937342
5.509,0.63388,0.807817,0.937657,0.937342
5.51,0.63387,0.807842,0.937657,0.937343
5.511,0.633859,0.807866,0.937658,0.937344
5.512,0.633848,0.80789,0.937658,0.937344
5.513,0.633837,0.807914,0.937659,0.937345
5.514,0.633827,0.807939,0.937659,0.937346
5.515,0.633816,0.807963,0.937659,0.937347
5.516,0.633805,0.807987,0.93766,0.937347
5.517,0.633795,0.808011,0.93766,0.937348
5.518,0.633784,0.808036,0.93766,0.937349
5.519,0.633773,0.80806,0.937661,0.93735
5.52,0.633763,0.808084,0.937661,0.93735
5.521,0.633752,0.808108,0.937662,0.937351
5.522,0.633741,0.808133,0.937662,0.937352
5.523,0.633731,0.808157,0.937662,0.937352
5.524,0.63372,0.808181,0.937663,0.937353
5.525,0.63371,0.808205,0.937663,0.937354
5.526,0.633699,0.80823,0.937663,0.937355
5.527,0.633688,0.808254,0.937664,0.937355
5.528,0.633678,0.808278,0.937664,0.937356
5.529,0.633667,0.808302,0.937665,0.937357
5.53,0.633657,0.808327,0.937665,0.937357
5.531,0.633646,0.808351,0.937665,0.937358
5.532,0.633636,0.808375,0.937666,0.937359
5.533,0.633625,0.808399,0.937666,0.93736
5.534,0.633615,0.808424,0.937666,0.93736
5.535,0.633604,0.808448,0.937667,0.937361
5.536,0.633594,0.808472,0.937667,0.937362
5.537,0.633583,0.808497,0.937668,0.937362
5.538,0.633573,0.808521,0.937668,0.937363
5.539,0.633562,0.808545,0.937668,0.937364
5.54,0.633552,0.808569,0.937669,0.937365
5.541,0.633541,0.808594,0.937669,0.937365
5.542,0.633531,0.808618,0.937669,0.937366
5.543,0.63352,0.808642,0.93767,0.937367
5.544,0.63351,0.808666,0.93767,0.937367
5.545,0.633499,0.808691,0.93767,0.937368
5.546,0.633489,0.808715,0.937671,0.937369
5.547,0.633478,0.808739,0.937671,0.937369
5.548,0.633468,0.808763,0.937672,0.93737
5.549,0.633458,0.808788,0.937672,0.937371
5.55,0.633447,0.808812,0.937672,0.937372
5.551,0.633437,0.808836,0.937673,0.937372
5.552,0.633426,0.80886,0.937673,0.937373
5.553,0.633416,0.808885,0.937673,0.937374
5.554,0.633406,0.808909,0.937674,0.937374
5.555,0.633395,0.808933,0.937674,0.937375
5.556,0.633385,0.808958,0.937674,0.937376
5.557,0.633375,0.808982,0.937675,0.937376
5.558,0.633364,0.809006,0.937675,0.937377
5.559,0.633354,0.80903,0.937676,0.937378
5.56,0.633344,0.809055,0.937676,0.937378
5.561,0.633333,0.809079,0.937676,0.937379
5.562,0.633323,0.809103,0.937677,0.93738
5.563,0.633313,0.809127,0.937677,0.937381
5.564,0.633303,0.809152,0.937677,0.937381
5.565,0.633292,0.809176,0.937678,0.937382
5.566,0.633282,0.8092,0.937678,0.937383
5.567,0.633272,0.809224,0.937678,0.937383
5.568,0.633262,0.809249,0.937679,0.937384
5.569,0.633251,0.809273,0.937679,0.937385
5.57,0.633241,0.809297,0.93768,0.937385
5.571,0.633231,0.809322,0.93768,0.937386
5.572,0.633221,0.809346,0.93768,0.937387
5.573,0.63321,0.80937,0.937681,0.937387
5.574,0.6332,0.809394,0.937681,0.937388
5.575,0.63319,0.809419,0.937681,0.937389
5.576,0.63318,0.809443,0.937682,0.937389
5.577,0.63317,0.809467,0.937682,0.93739
5.578,0.63316,0.809491,0.937682,0.937391
5.579,0.633149,0.809516,0.937683,0.937391
5.58,0.633139,0.80954,0.937683,0.937392
5.581,0.633129,0.809564,0.937683,0.937393
5.582,0.633119,0.809588,0.937684,0.937393
5.583,0.633109,0.809613,0.937684,0.937394
5.584,0.633099,0.809637,0.937684,0.937395
5.585,0.633089,0.809661,0.937685,0.937396
5.586,0.633079,0.809685,0.937685,0.937396
5.587,0.633068,0.80971,0.937686,0.937397
5.588,0.633058,0.809734,0.937686,0.937398
5.589,0.633048,0.809758,0.937686,0.937398
5.59,0.633038,0.809783,0.937687,0.937399
5.591,0.633028,0.809807,0.937687,0.9374
5.592,0.633018,0.809831,0.937687,0.9374
5.593,0.633008,0.809855,0.937688,0.937401
5.594,0.632998,0.80988,0.937688,0.937402
5.595,0.632988,0.809904,0.937688,0.937402
5.596,0.632978,0.809928,0.937689,0.937403
5.597,0.632968,0.809952,0.937689,0.937404
5.598,0.632958,0.809977,0.937689,0.937404
5.599,0.632948,0.810001,0.93769,0.937405
5.6,0.632938,0.810025,0.93769,0.937405
5.601,0.632928,0.810049,0.93769,0.937406
5.602,0.632918,0.810074,0.937691,0.937407
5.603,0.632908,0.810098,0.937691,0.937407
5.604,0.632898,0.810122,0.937691,0.937408
5.605,0.632888,0.810146,0.937692,0.937409
5.606,0.632878,0.810171,0.937692,0.937409
5.607,0.632868,0.810195,0.937692,0.93741
5.608,0.632858,0.810219,0.937693,0.937411
5.609,0.632849,0.810243,0.937693,0.937411
5.61,0.632839,0.810268,0.937693,0.937412
5.611,0.632829,0.810292,0.937694,0.937413
5.612,0.632819,0.810316,0.937694,0.937413
5.613,0.632809,0.810341,0.937694,0.937414
5.614,0.632799,0.810365,0.937695,0.937415
5.615,0.632789,0.810389,0.937695,0.937415
5.616,0.632779,0.810413,0.937695,0.937416
5.617,0.63277,0.810438,0.937696,0.937417
5.618,0.63276,0.810462,0.937696,0.937417
5.619,0.63275,0.810486,0.937696,0.937418
5.62,0.63274,0.81051,0.937697,0.937419
5.621,0.63273,0.810535,0.937697,0.937419
5.622,0.63272,0.810559,0.937698,0.93742
5.623,0.632711,0.810583,0.937698,0.93742
5.624,0.632701,0.810607,0.937698,0.937421
5.625,0.632691,0.810631,0.937699,0.937422
5.626,0.632681,0.810656,0.937699,0.937422
5.627,0.632671,0.81068,0.937699,0.937423
5.628,0.632662,0.810704,0.9377,0.937424
5.629,0.632652,0.810728,0.9377,0.937424
5.63,0.632642,0.810753,0.9377,0.937425
5.631,0.632632,0.810777,0.937701,0.937426
5.632,0.632623,0.810801,0.937701,0.937426
5.633,0.632613,0.810825,0.937701,0.937427
5.634,0.632603,0.81085,0.937702,0.937428
5.635,0.632594,0.810874,0.937702,0.937428
5.636,0.632584,0.810898,0.937702,0.937429
5.637,0.632574,0.810922,0.937703,0.937429
5.638,0.632565,0.810947,0.937703,0.93743
5.639,0.632555,0.810971,0.937703,0.937431
5.64,0.632545,0.810995,0.937703,0.937431
5.641,0.632535,0.811019,0.937704,0.937432
5.642,0.632526,0.811044,0.937704,0.937433
5.643,0.632516,0.811068,0.937704,0.937433
5.644,0.632507,0.811092,0.937705,0.937434
5.645,0.632497,0.811116,0.937705,0.937434
5.646,0.632487,0.81114,0.937705,0.937435
5.647,0.632478,0.811165,0.937706,0.937436
5.648,0.632468,0.811189,0.937706,0.937436
5.649,0.632458,0.811213,0.937706,0.937437
5.65,0.632449,0.811237,0.937707,0.937438
5.651,0.632439,0.811262,0.937707,0.937438
5.652,0.63243,0.811286,0.937707,0.937439
5.653,0.63242,0.81131,0.937708,0.937439
5.654,0.632411,0.811334,0.937708,0.93744
5.655,0.632401,0.811358,0.937708,0.937441
5.656,0.632392,0.811383,0.937709,0.937441
5.657,0.632382,0.811407,0.937709,0.937442
5.658,0.632372,0.811431,0.937709,0.937443
5.659,0.632363,0.811455,0.93771,0.937443
5.66,0.632353,0.811479,0.93771,0.937444
5.661,0.632344,0.811504,0.93771,0.937444
5.662,0.632334,0.811528,0.937711,0.937445
5.663,0.632325,0.811552,0.937711,0.937446
5.664,0.632315,0.811576,0.937711,0.937446
5.665,0.632306,0.811601,0.937712,0.937447
5.666,0.632296,0.811625,0.937712,0.937448
5.667,0.632287,0.811649,0.937712,0.937448
5.668,0.632278,0.811673,0.937713,0.937449
5.669,0.632268,0.811697,0.937713,0.937449
5.67,0.632259,0.811722,0.937713,0.93745
5.671,0.632249,0.811746,0.937714,0.937451
5.672,0.63224,0.81177,0.937714,0.937451
5.673,0.63223,0.811794,0.937714,0.937452
5.674,0.632221,0.811818,0.937714,0.937452
5.675,0.632212,0.811842,0.937715,0.937453
5.676,0.632202,0.811867,0.937715,0.937454
5.677,0.632193,0.811891,0.937715,0.937454
5.678,0.632183,0.811915,0.937716,0.937455
5.679,0.632174,0.811939,0.937716,0.937455
5.68,0.632165,0.811963,0.937716,0.937456
5.681,0.632155,0.811988,0.937717,0.937457
5.682,0.632146,0.812012,0.937717,0.937457
5.683,0.632137,0.812036,0.937717,0.937458
5.684,0.632127,0.81206,0.937718,0.937458
5.685,0.632118,0.812084,0.937718,0.937459
5.686,0.632109,0.812108,0.937718,0.93746
5.687,0.632099,0.812133,0.937719,0.93746
5.688,0.63209,0.812157,0.937719,0.937461
5.689,0.632081,0.812181,0.937719,0.937461
5.69,0.632072,0.812205,0.93772,0.937462
5.691,0.632062,0.812229,0.93772,0.937463
5.692,0.632053,0.812253,0.93772,0.937463
5.693,0.632044,0.812278,0.93772,0.937464
5.694,0.632034,0.812302,0.937721,0.937464
5.695,0.632025,0.812326,0.937721,0.937465
5.696,0.632016,0.81235,0.937721,0.937466
5.697,0.632007,0.812374,0.937722,0.937466
5.698,0.631997,0.812398,0.937722,0.937467
5.699,0.631988,0.812423,0.937722,0.937467
5.7,0.631979,0.812447,0.937723,0.937468
5.701,0.63197,0.812471,0.937723,0.937469
5.702,0.631961,0.812495,0.937723,0.937469
5.703,0.631951,0.812519,0.937724,0.93747
5.704,0.631942,0.812543,0.937724,0.93747
5.705,0.631933,0.812567,0.937724,0.937471
5.706,0.631924,0.812592,0.937724,0.937472
5.707,0.631915,0.812616,0.937725,0.937472
5.708,0.631906,0.81264,0.937725,0.937473
5.709,0.631896,0.812664,0.937725,0.937473
5.71,0.631887,0.812688,0.937726,0.937474
5.711,0.631878,0.812712,0.937726,0.937474
5.712,0.631869,0.812736,0.937726,0.937475
5.713,0.63186,0.812761,0.937727,0.937476
5.714,0.631851,0.812785,0.937727,0.937476
5.715,0.631842,0.812809,0.937727,0.937477
5.716,0.631833,0.812833,0.937728,0.937477
5.717,0.631824,0.812857,0.937728,0.937478
5.718,0.631815,0.812881,0.937728,0.937479
5.719,0.631805,0.812905,0.937728,0.937479
5.72,0.631796,0.812929,0.937729,0.93748
5.721,0.631787,0.812953,0.937729,0.93748
5.722,0.631778,0.812978,0.937729,0.937481
5.723,0.631769,0.813002,0.93773,0.937481
5.724,0.63176,0.813026,0.93773,0.937482
5.725,0.631751,0.81305,0.93773,0.937483
5.726,0.631742,0.813074,0.937731,0.937483
5.727,0.631733,0.813098,0.937731,0.937484
5.728,0.631724,0.813122,0.937731,0.937484
5.729,0.631715,0.813146,0.937731,0.937485
5.73,0.631706,0.81317,0.937732,0.937485
5.731,0.631697,0.813194,0.937732,0.937486
5.732,0.631688,0.813219,0.937732,0.937487
5.733,0.631679,0.813243,0.937733,0.937487
5.734,0.63167,0.813267,0.937733,0.937488
5.735,0.631661,0.813291,0.937733,0.937488
5.736,0.631652,0.813315,0.937733,0.937489
5.737,0.631643,0.813339,0.937734,0.937489
5.738,0.631634,0.813363,0.937734,0.93749
5.739,0.631626,0.813387,0.937734,0.937491
5.74,0.631617,0.813411,0.937735,0.937491
5.741,0.631608,0.813435,0.937735,0.937492
5.742,0.631599,0.813459,0.937735,0.937492
5.743,0.63159,0.813483,0.937736,0.937493
5.744,0.631581,0.813507,0.937736,0.937493
5.745,0.631572,0.813532,0.937736,0.937494
5.746,0.631563,0.813556,0.937736,0.937495
5.747,0.631554,0.81358,0.937737,0.937495
5.748,0.631546,0.813604,0.937737,0.937496
5.749,0.631537,0.813628,0.937737,0.937496
5.75,0.631528,0.813652,0.937738,0.937497
5.751,0.631519,0.813676,0.937738,0.937497
5.752,0.63151,0.8137,0.937738,0.937498
5.753,0.631501,0.813724,0.937738,0.937498
5.754,0.631493,0.813748,0.937739,0.937499
5.755,0.631484,0.813772,0.937739,0.9375
5.756,0.631475,0.813796,0.937739,0.9375
5.757,0.631466,0.81382,0.93774,0.937501
5.758,0.631457,0.813844,0.93774,0.937501
5.759,0.631449,0.813868,0.93774,0.937502
5.76,0.63144,0.813892,0.937741,0.937502
5.761,0.631431,0.813916,0.937741,0.937503
5.762,0.631422,0.81394,0.937741,0.937503
5.763,0.631413,0.813964,0.937741,0.937504
5.764,0.631405,0.813988,0.937742,0.937505
5.765,0.631396,0.814012,0.937742,0.937505
5.766,0.631387,0.814036,0.937742,0.937506
5.767,0.631379,0.81406,0.937743,0.937506
5.768,0.63137,0.814084,0.937743,0.937507
5.769,0.631361,0.814108,0.937743,0.937507
5.77,0.631352,0.814132,0.937743,0.937508
5.771,0.631344,0.814156,0.937744,0.937508
5.772,0.631335,0.81418,0.937744,0.937509
5.773,0.631326,0.814204,0.937744,0.937509
5.774,0.631318,0.814228,0.937745,0.93751
5.775,0.631309,0.814252,0.937745,0.937511
5.776,0.6313,0.814276,0.937745,0.937511
5.777,0.631292,0.8143,0.937745,0.937512
5.778,0.631283,0.814324,0.937746,0.937512
5.779,0.631274,0.814348,0.937746,0.937513
5.78,0.631266,0.814372,0.937746,0.937513
5.781,0.631257,0.814396,0.937746,0.937514
5.782,0.631248,0.81442,0.937747,0.937514
5.783,0.63124,0.814444,0.937747,0.937515
5.784,0.631231,0.814468,0.937747,0.937515
5.785,0.631223,0.814492,0.937748,0.937516
5.786,0.631214,0.814516,0.937748,0.937516
5.787,0.631205,0.81454,0.937748,0.937517
5.788,0.631197,0.814564,0.937748,0.937518
5.789,0.631188,0.814588,0.937749,0.937518
5.79,0.63118,0.814612,0.937749,0.937519
5.791,0.631171,0.814636,0.937749,0.937519
5.792,0.631163,0.81466,0.93775,0.93752
5.793,0.631154,0.814683,0.93775,0.93752
5.794,0.631146,0.814707,0.93775,0.937521
5.795,0.631137,0.814731,0.93775,0.937521
5.796,0.631129,0.814755,0.937751,0.937522
5.797,0.63112,0.814779,0.937751,0.937522
5.798,0.631111,0.814803,0.937751,0.937523
5.799,0.631103,0.814827,0.937752,0.937523
5.8,0.631095,0.814851,0.937752,0.937524
5.801,0.631086,0.814875,0.937752,0.937524
5.802,0.631078,0.814899,0.937752,0.937525
5.803,0.631069,0.814923,0.937753,0.937526
5.804,0.631061,0.814947,0.937753,0.937526
5.805,0.631052,0.81497,0.937753,0.937527
5.806,0.631044,0.814994,0.937753,0.937527
5.807,0.631035,0.815018,0.937754,0.937528
5.808,0.631027,0.815042,0.937754,0.937528
5.809,0.631018,0.815066,0.937754,0.937529
5.81,0.63101,0.81509,0.937755,0.937529
5.811,0.631002,0.815114,0.937755,0.93753
5.812,0.630993,0.815138,0.937755,0.93753
5.813,0.630985,0.815162,0.937755,0.937531
5.814,0.630976,0.815185,0.937756,0.937531
5.815,0.630968,0.815209,0.937756,0.937532
5.816,0.63096,0.815233,0.937756,0.937532
5.817,0.630951,0.815257,0.937756,0.937533
5.818,0.630943,0.815281,0.937757,0.937533
5.819,0.630934,0.815305,0.937757,0.937534
5.82,0.630926,0.815329,0.937757,0.937534
5.821,0.630918,0.815352,0.937758,0.937535
5.822,0.630909,0.815376,0.937758,0.937535
5.823,0.630901,0.8154,0.937758,0.937536
5.824,0.630893,0.815424,0.937758,0.937536
5.825,0.630884,0.815448,0.937759,0.937537
5.826,0.630876,0.815472,0.937759,0.937538
5.827,0.630868,0.815496,0.937759,0.937538
5.828,0.630859,0.815519,0.937759,0.937539
5.829,0.630851,0.815543,0.93776,0.937539
5.83,0.630843,0.815567,0.93776,0.93754
5.831,0.630835,0.815591,0.93776,0.93754
5.832,0.630826,0.815615,0.93776,0.937541
5.833,0.630818,0.815638,0.937761,0.937541
5.834,0.63081,0.815662,0.937761,0.937542
5.835,0.630801,0.815686,0.937761,0.937542
5.836,0.630793,0.81571,0.937762,0.937543
5.837,0.630785,0.815734,0.937762,0.937543
5.838,0.630777,0.815757,0.937762,0.937544
5.839,0.630768,0.815781,0.937762,0.937544
5.84,0.63076,0.815805,0.937763,0.937545
5.841,0.630752,0.815829,0.937763,0.937545
5.842,0.630744,0.815853,0.937763,0.937546
5.843,0.630736,0.815876,0.937763,0.937546
5.844,0.630727,0.8159,0.937764,0.937547
5.845,0.630719,0.815924,0.937764,0.937547
5.846,0.630711,0.815948,0.937764,0.937548
5.847,0.630703,0.815972,0.937764,0.937548
5.848,0.630695,0.815995,0.937765,0.937549
5.849,0.630687,0.816019,0.937765,0.937549
5.85,0.630678,0.816043,0.937765,0.93755
5.851,0.63067,0.816067,0.937765,0.93755
5.852,0.630662,0.81609,0.937766,0.937551
5.853,0.630654,0.816114,0.937766,0.937551
5.854,0.630646,0.816138,0.937766,0.937552
5.855,0.630638,0.816162,0.937767,0.937552
5.856,0.63063,0.816185,0.937767,0.937553
5.857,0.630621,0.816209,0.937767,0.937553
5.858,0.630613,0.816233,0.937767,0.937554
5.859,0.630605,0.816256,0.937768,0.937554
5.86,0.630597,0.81628,0.937768,0.937555
5.861,0.630589,0.816304,0.937768,0.937555
5.862,0.630581,0.816328,0.937768,0.937556
5.863,0.630573,0.816351,0.937769,0.937556
5.864,0.630565,0.816375,0.937769,0.937557
5.865,0.630557,0.816399,0.937769,0.937557
5.866,0.630549,0.816422,0.937769,0.937558
5.867,0.630541,0.816446,0.93777,0.937558
5.868,0.630533,0.81647,0.93777,0.937559
5.869,0.630525,0.816494,0.93777,0.937559
5.87,0.630517,0.816517,0.93777,0.93756
5.871,0.630509,0.816541,0.937771,0.93756
5.872,0.630501,0.816565,0.937771,0.937561
5.873,0.630493,0.816588,0.937771,0.937561
5.874,0.630485,0.816612,0.937771,0.937562
5.875,0.630477,0.816636,0.937772,0.937562
5.876,0.630469,0.816659,0.937772,0.937563
5.877,0.630461,0.816683,0.937772,0.937563
5.878,0.630453,0.816707,0.937772,0.937563
5.879,0.630445,0.81673,0.937773,0.937564
5.88,0.630437,0.816754,0.937773,0.937564
5.881,0.630429,0.816777,0.937773,0.937565
5.882,0.630421,0.816801,0.937773,0.937565
5.883,0.630413,0.816825,0.937774,0.937566
5.884,0.630405,0.816848,0.937774,0.937566
5.885,0.630397,0.816872,0.937774,0.937567
5.886,0.630389,0.816896,0.937774,0.937567
5.887,0.630381,0.816919,0.937775,0.937568
5.888,0.630373,0.816943,0.937775,0.937568
5.889,0.630365,0.816966,0.937775,0.937569
5.89,0.630357,0.81699,0.937775,0.937569
5.891,0.63035,0.817014,0.937776,0.93757
5.892,0.630342,0.817037,0.937776,0.93757
5.893,0.630334,0.817061,0.937776,0.937571
5.894,0.630326,0.817085,0.937776,0.937571
5.895,0.630318,0.817108,0.937777,0.937572
5.896,0.63031,0.817132,0.937777,0.937572
5.897,0.630302,0.817155,0.937777,0.937573
5.898,0.630295,0.817179,0.937777,0.937573
5.899,0.630287,0.817202,0.937778,0.937574
5.9,0.630279,0.817226,0.937778,0.937574
5.901,0.630271,0.81725,0.937778,0.937574
5.902,0.630263,0.817273,0.937778,0.937575
5.903,0.630255,0.817297,0.937779,0.937575
5.904,0.630248,0.81732,0.937779,0.937576
5.905,0.63024,0.817344,0.937779,0.937576
5.906,0.630232,0.817367,0.937779,0.937577
5.907,0.630224,0.817391,0.93778,0.937577
5.908,0.630216,0.817414,0.93778,0.937578
5.909,0.630209,0.817438,0.93778,0.937578
5.91,0.630201,0.817461,0.93778,0.937579
5.911,0.630193,0.817485,0.937781,0.937579
5.912,0.630185,0.817509,0.937781,0.93758
5.913,0.630178,0.817532,0.937781,0.93758
5.914,0.63017,0.817556,0.937781,0.937581
5.915,0.630162,0.817579,0.937782,0.937581
5.916,0.630154,0.817603,0.937782,0.937582
5.917,0.630147,0.817626,0.937782,0.937582
5.918,0.630139,0.81765,0.937782,0.937582
5.919,0.630131,0.817673,0.937783,0.937583
5.92,0.630124,0.817697,0.937783,0.937583
5.921,0.630116,0.81772,0.937783,0.937584
5.922,0.630108,0.817743,0.937783,0.937584
5.923,0.6301,0.817767,0.937783,0.937585
5.924,0.630093,0.81779,0.937784,0.937585
5.925,0.630085,0.817814,0.937784,0.937586
5.926,0.630077,0.817837,0.937784,0.937586
5.927,0.63007,0.817861,0.937784,0.937587
5.928,0.630062,0.817884,0.937785,0.937587
5.929,0.630054,0.817908,0.937785,0.937588
5.93,0.630047,0.817931,0.937785,0.937588
5.931,0.630039,0.817955,0.937785,0.937588
5.932,0.630032,0.817978,0.937786,0.937589
5.933,0.630024,0.818001,0.937786,0.937589
5.934,0.630016,0.818025,0.937786,0.93759
5.935,0.630009,0.818048,0.937786,0.93759
5.936,0.630001,0.818072,0.937787,0.937591
5.937,0.629994,0.818095,0.937787,0.937591
5.938,0.629986,0.818119,0.937787,0.937592
5.939,0.629978,0.818142,0.937787,0.937592
5.94,0.629971,0.818165,0.937788,0.937593
5.941,0.629963,0.818189,0.937788,0.937593
5.942,0.629956,0.818212,0.937788,0.937593
5.943,0.629948,0.818236,0.937788,0.937594
5.944,0.62994,0.818259,0.937788,0.937594
5.945,0.629933,0.818282,0.937789,0.937595
5.946,0.629925,0.818306,0.937789,0.937595
5.947,0.629918,0.818329,0.937789,0.937596
5.948,0.62991,0.818352,0.937789,0.937596
5.949,0.629903,0.818376,0.93779,0.937597
5.95,0.629895,0.818399,0.93779,0.937597
5.951,0.629888,0.818423,0.93779,0.937597
5.952,0.62988,0.818446,0.93779,0.937598
5.953,0.629873,0.818469,0.937791,0.937598
5.954,0.629865,0.818493,0.937791,0.937599
5.955,0.629858,0.818516,0.937791,0.937599
5.956,0.62985,0.818539,0.937791,0.9376
5.957,0.629843,0.818563,0.937792,0.9376
5.958,0.629835,0.818586,0.937792,0.937601
5.959,0.629828,0.818609,0.937792,0.937601
5.96,0.62982,0.818633,0.937792,0.937601
5.961,0.629813,0.818656,0.937792,0.937602
5.962,0.629806,0.818679,0.937793,0.937602
5.963,0.629798,0.818702,0.937793,0.937603
5.964,0.629791,0.818726,0.937793,0.937603
5.965,0.629783,0.818749,0.937793,0.937604
5.966,0.629776,0.818772,0.937794,0.937604
5.967,0.629768,0.818796,0.937794,0.937605
5.968,0.629761,0.818819,0.937794,0.937605
5.969,0.629754,0.818842,0.937794,0.937605
5.97,0.629746,0.818865,0.937795,0.937606
5.971,0.629739,0.818889,0.937795,0.937606
5.972,0.629731,0.818912,0.937795,0.937607
5.973,0.629724,0.818935,0.937795,0.937607
5.974,0.629717,0.818958,0.937795,0.937608
5.975,0.629709,0.818982,0.937796,0.937608
5.976,0.629702,0.819005,0.937796,0.937609
5.977,0.629695,0.819028,0.937796,0.937609
5.978,0.629687,0.819051,0.937796,0.937609
5.979,0.62968,0.819075,0.937797,0.93761
5.98,0.629673,0.819098,0.937797,0.93761
5.981,0.629665,0.819121,0.937797,0.937611
5.982,0.629658,0.819144,0.937797,0.937611
5.983,0.629651,0.819167,0.937797,0.937612
5.984,0.629643,0.819191,0.937798,0.937612
5.985,0.629636,0.819214,0.937798,0.937612
5.986,0.629629,0.819237,0.937798,0.937613
5.987,0.629621,0.81926,0.937798,0.937613
5.988,0.629614,0.819283,0.937799,0.937614
5.989,0.629607,0.819307,0.937799,0.937614
5.99,0.629599,0.81933,0.937799,0.937615
5.991,0.629592,0.819353,0.937799,0.937615
5.992,0.629585,0.819376,0.937799,0.937615
5.993,0.629578,0.819399,0.9378,0.937616
5.994,0.62957,0.819422,0.9378,0.937616
5.995,0.629563,0.819446,0.9378,0.937617
5.996,0.629556,0.819469,0.9378,0.937617
5.997,0.629549,0.819492,0.937801,0.937618
5.998,0.629541,0.819515,0.937801,0.937618
5.999,0.629534,0.819538,0.937801,0.937618
6,0.629527,0.819561,0.937801,0.937619
6.001,0.62952,0.819584,0.937801,0.937619
6.002,0.629513,0.819607,0.937802,0.93762
6.003,0.629505,0.819631,0.937802,0.93762
6.004,0.629498,0.819654,0.937802,0.937621
6.005,0.629491,0.819677,0.937802,0.937621
6.006,0.629484,0.8197,0.937803,0.937621
6.007,0.629477,0.819723,0.937803,0.937622
6.008,0.62947,0.819746,0.937803,0.937622
6.009,0.629462,0.819769,0.937803,0.937623
6.01,0.629455,0.819792,0.937803,0.937623
6.011,0.629448,0.819815,0.937804,0.937623
6.012,0.629441,0.819838,0.937804,0.937624
6.013,0.629434,0.819861,0.937804,0.937624
6.014,0.629427,0.819884,0.937804,0.937625
6.015,0.629419,0.819907,0.937805,0.937625
6.016,0.629412,0.819931,0.937805,0.937626
6.017,0.629405,0.819954,0.937805,0.937626
6.018,0.629398,0.819977,0.937805,0.937626
6.019,0.629391,0.82,0.937805,0.937627
6.02,0.629384,0.820023,0.937806,0.937627
6.021,0.629377,0.820046,0.937806,0.937628
6.022,0.62937,0.820069,0.937806,0.937628
6.023,0.629363,0.820092,0.937806,0.937628
6.024,0.629356,0.820115,0.937806,0.937629
6.025,0.629349,0.820138,0.937807,0.937629
6.026,0.629341,0.820161,0.937807,0.93763
6.027,0.629334,0.820184,0.937807,0.93763
6.028,0.629327,0.820207,0.937807,0.93763
6.029,0.62932,0.82023,0.937808,0.937631
6.03,0.629313,0.820253,0.937808,0.937631
6.031,0.629306,0.820276,0.937808,0.937632
6.032,0.629299,0.820299,0.937808,0.937632
6.033,0.629292,0.820321,0.937808,0.937633
6.034,0.629285,0.820344,0.937809,0.937633
6.035,0.629278,0.820367,0.937809,0.937633
6.036,0.629271,0.82039,0.937809,0.937634
6.037,0.629264,0.820413,0.937809,0.937634
6.038,0.629257,0.820436,0.937809,0.937635
6.039,0.62925,0.820459,0.93781,0.937635
6.04,0.629243,0.820482,0.93781,0.937635
6.041,0.629236,0.820505,0.93781,0.937636
6.042,0.629229,0.820528,0.93781,0.937636
6.043,0.629222,0.820551,0.937811,0.937637
6.044,0.629215,0.820574,0.937811,0.937637
6.045,0.629208,0.820597,0.937811,0.937637
6.046,0.629201,0.820619,0.937811,0.937638
6.047,0.629194,0.820642,0.937811,0.937638
6.048,0.629187,0.820665,0.937812,0.937639
6.049,0.629181,0.820688,0.937812,0.937639
6.05,0.629174,0.820711,0.937812,0.937639
6.051,0.629167,0.820734,0.937812,0.93764
6.052,0.62916,0.820757,0.937812,0.93764
6.053,0.629153,0.820779,0.937813,0.937641
6.054,0.629146,0.820802,0.937813,0.937641
6.055,0.629139,0.820825,0.937813,0.937641
6.056,0.629132,0.820848,0.937813,0.937642
6.057,0.629125,0.820871,0.937813,0.937642
6.058,0.629118,0.820894,0.937814,0.937643
6.059,0.629111,0.820916,0.937814,0.937643
6.06,0.629105,0.820939,0.937814,0.937643
6.061,0.629098,0.820962,0.937814,0.937644
6.062,0.629091,0.820985,0.937814,0.937644
6.063,0.629084,0.821008,0.937815,0.937645
6.064,0.629077,0.82103,0.937815,0.937645
6.065,0.62907,0.821053,0.937815,0.937645
6.066,0.629063,0.821076,0.937815,0.937646
6.067,0.629057,0.821099,0.937816,0.937646
6.068,0.62905,0.821122,0.937816,0.937647
6.069,0.629043,0.821144,0.937816,0.937647
6.07,0.629036,0.821167,0.937816,0.937647
6.071,0.629029,0.82119,0.937816,0.937648
6.072,0.629023,0.821213,0.937817,0.937648
6.073,0.629016,0.821235,0.937817,0.937649
6.074,0.629009,0.821258,0.937817,0.937649
6.075,0.629002,0.821281,0.937817,0.937649
6.076,0.628995,0.821304,0.937817,0.93765
6.077,0.628989,0.821326,0.937818,0.93765
6.078,0.628982,0.821349,0.937818,0.93765
6.079,0.628975,0.821372,0.937818,0.937651
6.08,0.628968,0.821394,0.937818,0.937651
6.081,0.628962,0.821417,0.937818,0.937652
6.082,0.628955,0.82144,0.937819,0.937652
6.083,0.628948,0.821462,0.937819,0.937652
6.084,0.628941,0.821485,0.937819,0.937653
6.085,0.628935,0.821508,0.937819,0.937653
6.086,0.628928,0.82153,0.937819,0.937654
6.087,0.628921,0.821553,0.93782,0.937654
6.088,0.628914,0.821576,0.93782,0.937654
6.089,0.628908,0.821598,0.93782,0.937655
6.09,0.628901,0.821621,0.93782,0.937655
6.091,0.628894,0.821644,0.93782,0.937655
6.092,0.628888,0.821666,0.937821,0.937656
6.093,0.628881,0.821689,0.937821,0.937656
6.094,0.628874,0.821712,0.937821,0.937657
6.095,0.628868,0.821734,0.937821,0.937657
6.096,0.628861,0.821757,0.937821,0.937657
6.097,0.628854,0.821779,0.937822,0.937658
6.098,0.628848,0.821802,0.937822,0.937658
6.099,0.628841,0.821825,0.937822,0.937659
6.1,0.628834,0.821847,0.937822,0.937659
6.101,0.628828,0.82187,0.937822,0.937659
6.102,0.628821,0.821892,0.937823,0.93766
6.103,0.628814,0.821915,0.937823,0.93766
6.104,0.628808,0.821938,0.937823,0.93766
6.105,0.628801,0.82196,0.937823,0.937661
6.106,0.628795,0.821983,0.937823,0.937661
6.107,0.628788,0.822005,0.937824,0.937662
6.108,0.628781,0.822028,0.937824,0.937662
6.109,0.628775,0.82205,0.937824,0.937662
6.11,0.628768,0.822073,0.937824,0.937663
6.111,0.628762,0.822095,0.937824,0.937663
6.112,0.628755,0.822118,0.937825,0.937663
6.113,0.628748,0.82214,0.937825,0.937664
6.114,0.628742,0.822163,0.937825,0.937664
6.115,0.628735,0.822185,0.937825,0.937665
6.116,0.628729,0.822208,0.937825,0.937665
6.117,0.628722,0.82223,0.937825,0.937665
6.118,0.628716,0.822253,0.937826,0.937666
6.119,0.628709,0.822275,0.937826,0.937666
6.12,0.628702,0.822298,0.937826,0.937666
6.121,0.628696,0.82232,0.937826,0.937667
6.122,0.628689,0.822343,0.937826,0.937667
6.123,0.628683,0.822365,0.937827,0.937668
6.124,0.628676,0.822388,0.937827,0.937668
6.125,0.62867,0.82241,0.937827,0.937668
6.126,0.628663,0.822433,0.937827,0.937669
6.127,0.628657,0.822455,0.937827,0.937669
6.128,0.62865,0.822477,0.937828,0.937669
6.129,0.628644,0.8225,0.937828,0.93767
6.13,0.628637,0.822522,0.937828,0.93767
6.131,0.628631,0.822545,0.937828,0.93767
6.132,0.628624,0.822567,0.937828,0.937671
6.133,0.628618,0.822589,0.937829,0.937671
6.134,0.628611,0.822612,0.937829,0.937672
6.135,0.628605,0.822634,0.937829,0.937672
6.136,0.628598,0.822657,0.937829,0.937672
6.137,0.628592,0.822679,0.937829,0.937673
6.138,0.628586,0.822701,0.93783,0.937673
6.139,0.628579,0.822724,0.93783,0.937673
6.14,0.628573,0.822746,0.93783,0.937674
6.141,0.628566,0.822768,0.93783,0.937674
6.142,0.62856,0.822791,0.93783,0.937674
6.143,0.628553,0.822813,0.93783,0.937675
6.144,0.628547,0.822835,0.937831,0.937675
6.145,0.628541,0.822858,0.937831,0.937676
6.146,0.628534,0.82288,0.937831,0.937676
6.147,0.628528,0.822902,0.937831,0.937676
6.148,0.628521,0.822925,0.937831,0.937677
6.149,0.628515,0.822947,0.937832,0.937677
6.15,0.628509,0.822969,0.937832,0.937677
6.151,0.628502,0.822992,0.937832,0.937678
6.152,0.628496,0.823014,0.937832,0.937678
6.153,0.62849,0.823036,0.937832,0.937678
6.154,0.628483,0.823058,0.937833,0.937679
6.155,0.628477,0.823081,0.937833,0.937679
6.156,0.62847,0.823103,0.937833,0.937679
6.157,0.628464,0.823125,0.937833,0.93768
6.158,0.628458,0.823147,0.937833,0.93768
6.159,0.628451,0.82317,0.937833,0.937681
6.16,0.628445,0.823192,0.937834,0.937681
6.161,0.628439,0.823214,0.937834,0.937681
6.162,0.628432,0.823236,0.937834,0.937682
6.163,0.628426,0.823258,0.937834,0.937682
6.164,0.62842,0.823281,0.937834,0.937682
6.165,0.628414,0.823303,0.937835,0.937683
6.166,0.628407,0.823325,0.937835,0.937683
6.167,0.628401,0.823347,0.937835,0.937683
6.168,0.628395,0.823369,0.937835,0.937684
6.169,0.628388,0.823392,0.937835,0.937684
6.17,0.628382,0.823414,0.937835,0.937684
6.171,0.628376,0.823436,0.937836,0.937685
6.172,0.62837,0.823458,0.937836,0.937685
6.173,0.628363,0.82348,0.937836,0.937685
6.174,0.628357,0.823502,0.937836,0.937686
6.175,0.628351,0.823525,0.937836,0.937686
6.176,0.628345,0.823547,0.937837,0.937687
6.177,0.628338,0.823569,0.937837,0.937687
6.178,0.628332,0.823591,0.937837,0.937687
6.179,0.628326,0.823613,0.937837,0.937688
6.18,0.62832,0.823635,0.937837,0.937688
6.181,0.628313,0.823657,0.937837,0.937688
6.182,0.628307,0.823679,0.937838,0.937689
6.183,0.628301,0.823701,0.937838,0.937689
6.184,0.628295,0.823724,0.937838,0.937689
6.185,0.628289,0.823746,0.937838,0.93769
6.186,0.628282,0.823768,0.937838,0.93769
6.187,0.628276,0.82379,0.937839,0.93769
6.188,0.62827,0.823812,0.937839,0.937691
6.189,0.628264,0.823834,0.937839,0.937691
6.19,0.628258,0.823856,0.937839,0.937691
6.191,0.628251,0.823878,0.937839,0.937692
6.192,0.628245,0.8239,0.937839,0.937692
6.193,0.628239,0.823922,0.93784,0.937692
6.194,0.628233,0.823944,0.93784,0.937693
6.195,0.628227,0.823966,0.93784,0.937693
6.196,0.628221,0.823988,0.93784,0.937693
6.197,0.628215,0.82401,0.93784,0.937694
6.198,0.628208,0.824032,0.93784,0.937694
6.199,0.628202,0.824054,0.937841,0.937694
6.2,0.628196,0.824076,0.937841,0.937695
6.201,0.62819,0.824098,0.937841,0.937695
6.202,0.628184,0.82412,0.937841,0.937695
6.203,0.628178,0.824142,0.937841,0.937696
6.204,0.628172,0.824164,0.937842,0.937696
6.205,0.628166,0.824186,0.937842,0.937696
6.206,0.62816,0.824208,0.937842,0.937697
6.207,0.628153,0.82423,0.937842,0.937697
6.208,0.628147,0.824252,0.937842,0.937697
6.209,0.628141,0.824273,0.937842,0.937698
6.21,0.628135,0.824295,0.937843,0.937698
6.211,0.628129,0.824317,0.937843,0.937698
6.212,0.628123,0.824339,0.937843,0.937699
6.213,0.628117,0.824361,0.937843,0.937699
6.214,0.628111,0.824383,0.937843,0.937699
6.215,0.628105,0.824405,0.937843,0.9377
6.216,0.628099,0.824427,0.937844,0.9377
6.217,0.628093,0.824449,0.937844,0.9377
6.218,0.628087,0.82447,0.937844,0.937701
6.219,0.628081,0.824492,0.937844,0.937701
6.22,0.628075,0.824514,0.937844,0.937701
6.221,0.628069,0.824536,0.937845,0.937702
6.222,0.628063,0.824558,0.937845,0.937702
6.223,0.628057,0.82458,0.937845,0.937702
6.224,0.628051,0.824602,0.937845,0.937703
6.225,0.628045,0.824623,0.937845,0.937703
6.226,0.628039,0.824645,0.937845,0.937703
6.227,0.628033,0.824667,0.937846,0.937704
6.228,0.628027,0.824689,0.937846,0.937704
6.229,0.628021,0.824711,0.937846,0.937704
6.23,0.628015,0.824732,0.937846,0.937705
6.231,0.628009,0.824754,0.937846,0.937705
6.232,0.628003,0.824776,0.937846,0.937705
6.233,0.627997,0.824798,0.937847,0.937706
6.234,0.627991,0.824819,0.937847,0.937706
6.235,0.627985,0.824841,0.937847,0.937706
6.236,0.627979,0.824863,0.937847,0.937707
6.237,0.627973,0.824885,0.937847,0.937707
6.238,0.627967,0.824906,0.937847,0.937707
6.239,0.627961,0.824928,0.937848,0.937708
6.24,0.627955,0.82495,0.937848,0.937708
6.241,0.627949,0.824972,0.937848,0.937708
6.242,0.627943,0.824993,0.937848,0.937709
6.243,0.627938,0.825015,0.937848,0.937709
6.244,0.627932,0.825037,0.937848,0.937709
6.245,0.627926,0.825058,0.937849,0.93771
6.246,0.62792,0.82508,0.937849,0.93771
6.247,0.627914,0.825102,0.937849,0.93771
6.248,0.627908,0.825123,0.937849,0.937711
6.249,0.627902,0.825145,0.937849,0.937711
6.25,0.627896,0.825167,0.937849,0.937711
6.251,0.62789,0.825188,0.93785,0.937712
6.252,0.627885,0.82521,0.93785,0.937712
6.253,0.627879,0.825232,0.93785,0.937712
6.254,0.627873,0.825253,0.93785,0.937713
6.255,0.627867,0.825275,0.93785,0.937713
6.256,0.627861,0.825296,0.93785,0.937713
6.257,0.627855,0.825318,0.937851,0.937714
6.258,0.627849,0.82534,0.937851,0.937714
6.259,0.627844,0.825361,0.937851,0.937714
6.26,0.627838,0.825383,0.937851,0.937714
6.261,0.627832,0.825404,0.937851,0.937715
6.262,0.627826,0.825426,0.937851,0.937715
6.263,0.62782,0.825447,0.937852,0.937715
6.264,0.627815,0.825469,0.937852,0.937716
6.265,0.627809,0.825491,0.937852,0.937716
6.266,0.627803,0.825512,0.937852,0.937716
6.267,0.627797,0.825534,0.937852,0.937717
6.268,0.627791,0.825555,0.937852,0.937717
6.269,0.627786,0.825577,0.937853,0.937717
6.27,0.62778,0.825598,0.937853,0.937718
6.271,0.627774,0.82562,0.937853,0.937718
6.272,0.627768,0.825641,0.937853,0.937718
6.273,0.627762,0.825663,0.937853,0.937719
6.274,0.627757,0.825684,0.937853,0.937719
6.275,0.627751,0.825706,0.937854,0.937719
6.276,0.627745,0.825727,0.937854,0.937719
6.277,0.627739,0.825749,0.937854,0.93772
6.278,0.627734,0.82577,0.937854,0.93772
6.279,0.627728,0.825792,0.937854,0.93772
6.28,0.627722,0.825813,0.937854,0.937721
6.281,0.627716,0.825834,0.937855,0.937721
6.282,0.627711,0.825856,0.937855,0.937721
6.283,0.627705,0.825877,0.937855,0.937722
6.284,0.627699,0.825899,0.937855,0.937722
6.285,0.627694,0.82592,0.937855,0.937722
6.286,0.627688,0.825941,0.937855,0.937723
6.287,0.627682,0.825963,0.937856,0.937723
6.288,0.627677,0.825984,0.937856,0.937723
6.289,0.627671,0.826006,0.937856,0.937724
6.29,0.627665,0.826027,0.937856,0.937724
6.291,0.627659,0.826048,0.937856,0.937724
6.292,0.627654,0.82607,0.937856,0.937724
6.293,0.627648,0.826091,0.937856,0.937725
6.294,0.627642,0.826112,0.937857,0.937725
6.295,0.627637,0.826134,0.937857,0.937725
6.296,0.627631,0.826155,0.937857,0.937726
6.297,0.627625,0.826176,0.937857,0.937726
6.298,0.62762,0.826198,0.937857,0.937726
6.299,0.627614,0.826219,0.937857,0.937727
6.3,0.627609,0.82624,0.937858,0.937727
6.301,0.627603,0.826262,0.937858,0.937727
6.302,0.627597,0.826283,0.937858,0.937727
6.303,0.627592,0.826304,0.937858,0.937728
6.304,0.627586,0.826326,0.937858,0.937728
6.305,0.62758,0.826347,0.937858,0.937728
6.306,0.627575,0.826368,0.937859,0.937729
6.307,0.627569,0.826389,0.937859,0.937729
6.308,0.627564,0.826411,0.937859,0.937729
6.309,0.627558,0.826432,0.937859,0.93773
6.31,0.627552,0.826453,0.937859,0.93773
6.311,0.627547,0.826474,0.937859,0.93773
6.312,0.627541,0.826496,0.937859,0.93773
6.313,0.627536,0.826517,0.93786,0.937731
6.314,0.62753,0.826538,0.93786,0.937731
6.315,0.627525,0.826559,0.93786,0.937731
6.316,0.627519,0.82658,0.93786,0.937732
6.317,0.627513,0.826602,0.93786,0.937732
6.318,0.627508,0.826623,0.93786,0.937732
6.319,0.627502,0.826644,0.937861,0.937733
6.32,0.627497,0.826665,0.937861,0.937733
6.321,0.627491,0.826686,0.937861,0.937733
6.322,0.627486,0.826707,0.937861,0.937733
6.323,0.62748,0.826729,0.937861,0.937734
6.324,0.627475,0.82675,0.937861,0.937734
6.325,0.627469,0.826771,0.937861,0.937734
6.326,0.627464,0.826792,0.937862,0.937735
6.327,0.627458,0.826813,0.937862,0.937735
6.328,0.627453,0.826834,0.937862,0.937735
6.329,0.627447,0.826855,0.937862,0.937736
6.33,0.627442,0.826876,0.937862,0.937736
6.331,0.627436,0.826897,0.937862,0.937736
6.332,0.627431,0.826919,0.937863,0.937736
6.333,0.627425,0.82694,0.937863,0.937737
6.334,0.62742,0.826961,0.937863,0.937737
6.335,0.627414,0.826982,0.937863,0.937737
6.336,0.627409,0.827003,0.937863,0.937738
6.337,0.627403,0.827024,0.937863,0.937738
6.338,0.627398,0.827045,0.937863,0.937738
6.339,0.627392,0.827066,0.937864,0.937738
6.34,0.627387,0.827087,0.937864,0.937739
6.341,0.627381,0.827108,0.937864,0.937739
6.342,0.627376,0.827129,0.937864,0.937739
6.343,0.62737,0.82715,0.937864,0.93774
6.344,0.627365,0.827171,0.937864,0.93774
6.345,0.62736,0.827192,0.937865,0.93774
6.346,0.627354,0.827213,0.937865,0.93774
6.347,0.627349,0.827234,0.937865,0.937741
6.348,0.627343,0.827255,0.937865,0.937741
6.349,0.627338,0.827276,0.937865,0.937741
6.35,0.627332,0.827297,0.937865,0.937742
6.351,0.627327,0.827318,0.937865,0.937742
6.352,0.627322,0.827339,0.937866,0.937742
6.353,0.627316,0.82736,0.937866,0.937742
6.354,0.627311,0.82738,0.937866,0.937743
6.355,0.627305,0.827401,0.937866,0.937743
6.356,0.6273,0.827422,0.937866,0.937743
6.357,0.627295,0.827443,0.937866,0.937744
6.358,0.627289,0.827464,0.937866,0.937744
6.359,0.627284,0.827485,0.937867,0.937744
6.36,0.627279,0.827506,0.937867,0.937744
6.361,0.627273,0.827527,0.937867,0.937745
6.362,0.627268,0.827548,0.937867,0.937745
6.363,0.627263,0.827568,0.937867,0.937745
6.364,0.627257,0.827589,0.937867,0.937746
6.365,0.627252,0.82761,0.937868,0.937746
6.366,0.627247,0.827631,0.937868,0.937746
6.367,0.627241,0.827652,0.937868,0.937746
6.368,0.627236,0.827673,0.937868,0.937747
6.369,0.627231,0.827693,0.937868,0.937747
6.37,0.627225,0.827714,0.937868,0.937747
6.371,0.62722,0.827735,0.937868,0.937748
6.372,0.627215,0.827756,0.937869,0.937748
6.373,0.627209,0.827777,0.937869,0.937748
6.374,0.627204,0.827797,0.937869,0.937748
6.375,0.627199,0.827818,0.937869,0.937749
6.376,0.627193,0.827839,0.937869,0.937749
6.377,0.627188,0.82786,0.937869,0.937749
6.378,0.627183,0.82788,0.937869,0.93775
6.379,0.627178,0.827901,0.93787,0.93775
6.38,0.627172,0.827922,0.93787,0.93775
6.381,0.627167,0.827943,0.93787,0.93775
6.382,0.627162,0.827963,0.93787,0.937751
6.383,0.627156,0.827984,0.93787,0.937751
6.384,0.627151,0.828005,0.93787,0.937751
6.385,0.627146,0.828025,0.93787,0.937751
6.386,0.627141,0.828046,0.937871,0.937752
6.387,0.627135,0.828067,0.937871,0.937752
6.388,0.62713,0.828087,0.937871,0.937752
6.389,0.627125,0.828108,0.937871,0.937753
6.39,0.62712,0.828129,0.937871,0.937753
6.391,0.627114,0.828149,0.937871,0.937753
6.392,0.627109,0.82817,0.937871,0.937753
6.393,0.627104,0.828191,0.937872,0.937754
6.394,0.627099,0.828211,0.937872,0.937754
6.395,0.627094,0.828232,0.937872,0.937754
6.396,0.627088,0.828253,0.937872,0.937755
6.397,0.627083,0.828273,0.937872,0.937755
6.398,0.627078,0.828294,0.937872,0.937755
6.399,0.627073,0.828314,0.937872,0.937755
6.4,0.627068,0.828335,0.937873,0.937756
6.401,0.627062,0.828355,0.937873,0.937756
6.402,0.627057,0.828376,0.937873,0.937756
6.403,0.627052,0.828397,0.937873,0.937756
6.404,0.627047,0.828417,0.937873,0.937757
6.405,0.627042,0.828438,0.937873,0.937757
6.406,0.627037,0.828458,0.937873,0.937757
6.407,0.627031,0.828479,0.937874,0.937757
6.408,0.627026,0.828499,0.937874,0.937758
6.409,0.627021,0.82852,0.937874,0.937758
6.41,0.627016,0.82854,0.937874,0.937758
6.411,0.627011,0.828561,0.937874,0.937759
6.412,0.627006,0.828581,0.937874,0.937759
6.413,0.627001,0.828602,0.937874,0.937759
6.414,0.626995,0.828622,0.937875,0.937759
6.415,0.62699,0.828643,0.937875,0.93776
6.416,0.626985,0.828663,0.937875,0.93776
6.417,0.62698,0.828684,0.937875,0.93776
6.418,0.626975,0.828704,0.937875,0.93776
6.419,0.62697,0.828725,0.937875,0.937761
6.42,0.626965,0.828745,0.937875,0.937761
6.421,0.62696,0.828765,0.937876,0.937761
6.422,0.626954,0.828786,0.937876,0.937761
6.423,0.626949,0.828806,0.937876,0.937762
6.424,0.626944,0.828827,0.937876,0.937762
6.425,0.626939,0.828847,0.937876,0.937762
6.426,0.626934,0.828867,0.937876,0.937763
6.427,0.626929,0.828888,0.937876,0.937763
6.428,0.626924,0.828908,0.937876,0.937763
6.429,0.626919,0.828929,0.937877,0.937763
6.43,0.626914,0.828949,0.937877,0.937764
6.431,0.626909,0.828969,0.937877,0.937764
6.432,0.626904,0.82899,0.937877,0.937764
6.433,0.626899,0.82901,0.937877,0.937764
6.434,0.626894,0.82903,0.937877,0.937765
6.435,0.626889,0.829051,0.937877,0.937765
6.436,0.626884,0.829071,0.937878,0.937765
6.437,0.626879,0.829091,0.937878,0.937765
6.438,0.626874,0.829111,0.937878,0.937766
6.439,0.626868,0.829132,0.937878,0.937766
6.44,0.626863,0.829152,0.937878,0.937766
6.441,0.626858,0.829172,0.937878,0.937766
6.442,0.626853,0.829193,0.937878,0.937767
6.443,0.626848,0.829213,0.937879,0.937767
6.444,0.626843,0.829233,0.937879,0.937767
6.445,0.626838,0.829253,0.937879,0.937768
6.446,0.626833,0.829274,0.937879,0.937768
6.447,0.626828,0.829294,0.937879,0.937768
6.448,0.626823,0.829314,0.937879,0.937768
6.449,0.626818,0.829334,0.937879,0.937769
6.45,0.626813,0.829354,0.937879,0.937769
6.451,0.626809,0.829375,0.93788,0.937769
6.452,0.626804,0.829395,0.93788,0.937769
6.453,0.626799,0.829415,0.93788,0.93777
6.454,0.626794,0.829435,0.93788,0.93777
6.455,0.626789,0.829455,0.93788,0.93777
6.456,0.626784,0.829475,0.93788,0.93777
6.457,0.626779,0.829496,0.93788,0.937771
6.458,0.626774,0.829516,0.937881,0.937771
6.459,0.626769,0.829536,0.937881,0.937771
6.46,0.626764,0.829556,0.937881,0.937771
6.461,0.626759,0.829576,0.937881,0.937772
6.462,0.626754,0.829596,0.937881,0.937772
6.463,0.626749,0.829616,0.937881,0.937772
6.464,0.626744,0.829636,0.937881,0.937772
6.465,0.626739,0.829657,0.937881,0.937773
6.466,0.626734,0.829677,0.937882,0.937773
6.467,0.626729,0.829697,0.937882,0.937773
6.468,0.626725,0.829717,0.937882,0.937773
6.469,0.62672,0.829737,0.937882,0.937774
6.47,0.626715,0.829757,0.937882,0.937774
6.471,0.62671,0.829777,0.937882,0.937774
6.472,0.626705,0.829797,0.937882,0.937774
6.473,0.6267,0.829817,0.937882,0.937775
6.474,0.626695,0.829837,0.937883,0.937775
6.475,0.62669,0.829857,0.937883,0.937775
6.476,0.626685,0.829877,0.937883,0.937775
6.477,0.626681,0.829897,0.937883,0.937776
6.478,0.626676,0.829917,0.937883,0.937776
6.479,0.626671,0.829937,0.937883,0.937776
6.48,0.626666,0.829957,0.937883,0.937776
6.481,0.626661,0.829977,0.937884,0.937777
6.482,0.626656,0.829997,0.937884,0.937777
6.483,0.626651,0.830017,0.937884,0.937777
6.484,0.626647,0.830037,0.937884,0.937777
6.485,0.626642,0.830057,0.937884,0.937778
6.486,0.626637,0.830077,0.937884,0.937778
6.487,0.626632,0.830097,0.937884,0.937778
6.488,0.626627,0.830116,0.937884,0.937778
6.489,0.626623,0.830136,0.937885,0.937779
6.49,0.626618,0.830156,0.937885,0.937779
6.491,0.626613,0.830176,0.937885,0.937779
6.492,0.626608,0.830196,0.937885,0.937779
6.493,0.626603,0.830216,0.937885,0.93778
6.494,0.626598,0.830236,0.937885,0.93778
6.495,0.626594,0.830256,0.937885,0.93778
6.496,0.626589,0.830275,0.937885,0.93778
6.497,0.626584,0.830295,0.937886,0.937781
6.498,0.626579,0.830315,0.937886,0.937781
6.499,0.626575,0.830335,0.937886,0.937781
6.5,0.62657,0.830355,0.937886,0.937781
6.501,0.626565,0.830375,0.937886,0.937782
6.502,0.62656,0.830394,0.937886,0.937782
6.503,0.626555,0.830414,0.937886,0.937782
6.504,0.626551,0.830434,0.937886,0.937782
6.505,0.626546,0.830454,0.937887,0.937783
6.506,0.626541,0.830474,0.937887,0.937783
6.507,0.626536,0.830493,0.937887,0.937783
6.508,0.626532,0.830513,0.937887,0.937783
6.509,0.626527,0.830533,0.937887,0.937783
6.51,0.626522,0.830553,0.937887,0.937784
6.511,0.626517,0.830572,0.937887,0.937784
6.512,0.626513,0.830592,0.937887,0.937784
6.513,0.626508,0.830612,0.937888,0.937784
6.514,0.626503,0.830631,0.937888,0.937785
6.515,0.626499,0.830651,0.937888,0.937785
6.516,0.626494,0.830671,0.937888,0.937785
6.517,0.626489,0.83069,0.937888,0.937785
6.518,0.626484,0.83071,0.937888,0.937786
6.519,0.62648,0.83073,0.937888,0.937786
6.52,0.626475,0.830749,0.937888,0.937786
6.521,0.62647,0.830769,0.937889,0.937786
6.522,0.626466,0.830789,0.937889,0.937787
6.523,0.626461,0.830808,0.937889,0.937787
6.524,0.626456,0.830828,0.937889,0.937787
6.525,0.626452,0.830848,0.937889,0.937787
6.526,0.626447,0.830867,0.937889,0.937788
6.527,0.626442,0.830887,0.937889,0.937788
6.528,0.626438,0.830906,0.937889,0.937788
6.529,0.626433,0.830926,0.93789,0.937788
6.53,0.626428,0.830946,0.93789,0.937788
6.531,0.626424,0.830965,0.93789,0.937789
6.532,0.626419,0.830985,0.93789,0.937789
6.533,0.626414,0.831004,0.93789,0.937789
6.534,0.62641,0.831024,0.93789,0.937789
6.535,0.626405,0.831043,0.93789,0.93779
6.536,0.6264,0.831063,0.93789,0.93779
6.537,0.626396,0.831082,0.937891,0.93779
6.538,0.626391,0.831102,0.937891,0.93779
6.539,0.626387,0.831122,0.937891,0.937791
6.54,0.626382,0.831141,0.937891,0.937791
6.541,0.626377,0.831161,0.937891,0.937791
6.542,0.626373,0.83118,0.937891,0.937791
6.543,0.626368,0.831199,0.937891,0.937791
6.544,0.626364,0.831219,0.937891,0.937792
6.545,0.626359,0.831238,0.937892,0.937792
6.546,0.626354,0.831258,0.937892,0.937792
6.547,0.62635,0.831277,0.937892,0.937792
6.548,0.626345,0.831297,0.937892,0.937793
6.549,0.626341,0.831316,0.937892,0.937793
6.55,0.626336,0.831336,0.937892,0.937793
6.551,0.626331,0.831355,0.937892,0.937793
6.552,0.626327,0.831374,0.937892,0.937794
6.553,0.626322,0.831394,0.937892,0.937794
6.554,0.626318,0.831413,0.937893,0.937794
6.555,0.626313,0.831433,0.937893,0.937794
6.556,0.626309,0.831452,0.937893,0.937794
6.557,0.626304,0.831471,0.937893,0.937795
6.558,0.626299,0.831491,0.937893,0.937795
6.559,0.626295,0.83151,0.937893,0.937795
6.56,0.62629,0.831529,0.937893,0.937795
6.561,0.626286,0.831549,0.937893,0.937796
6.562,0.626281,0.831568,0.937894,0.937796
6.563,0.626277,0.831587,0.937894,0.937796
6.564,0.626272,0.831607,0.937894,0.937796
6.565,0.626268,0.831626,0.937894,0.937797
6.566,0.626263,0.831645,0.937894,0.937797
6.567,0.626259,0.831665,0.937894,0.937797
6.568,0.626254,0.831684,0.937894,0.937797
6.569,0.62625,0.831703,0.937894,0.937797
6.57,0.626245,0.831722,0.937894,0.937798
6.571,0.626241,0.831742,0.937895,0.937798
6.572,0.626236,0.831761,0.937895,0.937798
6.573,0.626232,0.83178,0.937895,0.937798
6.574,0.626227,0.831799,0.937895,0.937799
6.575,0.626223,0.831819,0.937895,0.937799
6.576,0.626218,0.831838,0.937895,0.937799
6.577,0.626214,0.831857,0.937895,0.937799
6.578,0.626209,0.831876,0.937895,0.937799
6.579,0.626205,0.831895,0.937896,0.9378
6.58,0.6262,0.831915,0.937896,0.9378
6.581,0.626196,0.831934,0.937896,0.9378
6.582,0.626191,0.831953,0.937896,0.9378
6.583,0.626187,0.831972,0.937896,0.937801
6.584,0.626182,0.831991,0.937896,0.937801
6.585,0.626178,0.83201,0.937896,0.937801
6.586,0.626174,0.832029,0.937896,0.937801
6.587,0.626169,0.832049,0.937896,0.937801
6.588,0.626165,0.832068,0.937897,0.937802
6.589,0.62616,0.832087,0.937897,0.937802
6.59,0.626156,0.832106,0.937897,0.937802
6.591,0.626151,0.832125,0.937897,0.937802
6.592,0.626147,0.832144,0.937897,0.937803
6.593,0.626143,0.832163,0.937897,0.937803
6.594,0.626138,0.832182,0.937897,0.937803
6.595,0.626134,0.832201,0.937897,0.937803
6.596,0.626129,0.83222,0.937898,0.937803
6.597,0.626125,0.832239,0.937898,0.937804
6.598,0.626121,0.832258,0.937898,0.937804
6.599,0.626116,0.832278,0.937898,0.937804
6.6,0.626112,0.832297,0.937898,0.937804
6.601,0.626107,0.832316,0.937898,0.937805
6.602,0.626103,0.832335,0.937898,0.937805
6.603,0.626099,0.832354,0.937898,0.937805
6.604,0.626094,0.832373,0.937898,0.937805
6.605,0.62609,0.832392,0.937899,0.937805
6.606,0.626085,0.83241,0.937899,0.937806
6.607,0.626081,0.832429,0.937899,0.937806
6.608,0.626077,0.832448,0.937899,0.937806
6.609,0.626072,0.832467,0.937899,0.937806
6.61,0.626068,0.832486,0.937899,0.937806
6.611,0.626064,0.832505,0.937899,0.937807
6.612,0.626059,0.832524,0.937899,0.937807
6.613,0.626055,0.832543,0.937899,0.937807
6.614,0.626051,0.832562,0.9379,0.937807
6.615,0.626046,0.832581,0.9379,0.937808
6.616,0.626042,0.8326,0.9379,0.937808
6.617,0.626038,0.832619,0.9379,0.937808
6.618,0.626033,0.832638,0.9379,0.937808
6.619,0.626029,0.832656,0.9379,0.937808
6.62,0.626025,0.832675,0.9379,0.937809
6.621,0.62602,0.832694,0.9379,0.937809
6.622,0.626016,0.832713,0.9379,0.937809
6.623,0.626012,0.832732,0.937901,0.937809
6.624,0.626007,0.832751,0.937901,0.937809
6.625,0.626003,0.832769,0.937901,0.93781
6.626,0.625999,0.832788,0.937901,0.93781
6.627,0.625994,0.832807,0.937901,0.93781
6.628,0.62599,0.832826,0.937901,0.93781
6.629,0.625986,0.832845,0.937901,0.93781
6.63,0.625982,0.832863,0.937901,0.937811
6.631,0.625977,0.832882,0.937901,0.937811
6.632,0.625973,0.832901,0.937902,0.937811
6.633,0.625969,0.83292,0.937902,0.937811
6.634,0.625965,0.832938,0.937902,0.937812
6.635,0.62596,0.832957,0.937902,0.937812
6.636,0.625956,0.832976,0.937902,0.937812
6.637,0.625952,0.832995,0.937902,0.937812
6.638,0.625947,0.833013,0.937902,0.937812
6.639,0.625943,0.833032,0.937902,0.937813
6.64,0.625939,0.833051,0.937902,0.937813
6.641,0.625935,0.833069,0.937903,0.937813
6.642,0.62593,0.833088,0.937903,0.937813
6.643,0.625926,0.833107,0.937903,0.937813
6.644,0.625922,0.833125,0.937903,0.937814
6.645,0.625918,0.833144,0.937903,0.937814
6.646,0.625914,0.833163,0.937903,0.937814
6.647,0.625909,0.833181,0.937903,0.937814
6.648,0.625905,0.8332,0.937903,0.937814
6.649,0.625901,0.833219,0.937903,0.937815
6.65,0.625897,0.833237,0.937903,0.937815
6.651,0.625892,0.833256,0.937904,0.937815
6.652,0.625888,0.833274,0.937904,0.937815
6.653,0.625884,0.833293,0.937904,0.937815
6.654,0.62588,0.833312,0.937904,0.937816
6.655,0.625876,0.83333,0.937904,0.937816
6.656,0.625871,0.833349,0.937904,0.937816
6.657,0.625867,0.833367,0.937904,0.937816
6.658,0.625863,0.833386,0.937904,0.937817
6.659,0.625859,0.833404,0.937904,0.937817
6.66,0.625855,0.833423,0.937905,0.937817
6.661,0.625851,0.833442,0.937905,0.937817
6.662,0.625846,0.83346,0.937905,0.937817
6.663,0.625842,0.833479,0.937905,0.937818
6.664,0.625838,0.833497,0.937905,0.937818
6.665,0.625834,0.833516,0.937905,0.937818
6.666,0.62583,0.833534,0.937905,0.937818
6.667,0.625826,0.833552,0.937905,0.937818
6.668,0.625821,0.833571,0.937905,0.937819
6.669,0.625817,0.833589,0.937905,0.937819
6.67,0.625813,0.833608,0.937906,0.937819
6.671,0.625809,0.833626,0.937906,0.937819
6.672,0.625805,0.833645,0.937906,0.937819
6.673,0.625801,0.833663,0.937906,0.93782
6.674,0.625797,0.833682,0.937906,0.93782
6.675,0.625792,0.8337,0.937906,0.93782
6.676,0.625788,0.833718,0.937906,0.93782
6.677,0.625784,0.833737,0.937906,0.93782
6.678,0.62578,0.833755,0.937906,0.937821
6.679,0.625776,0.833774,0.937907,0.937821
6.68,0.625772,0.833792,0.937907,0.937821
6.681,0.625768,0.83381,0.937907,0.937821
6.682,0.625764,0.833829,0.937907,0.937821
6.683,0.62576,0.833847,0.937907,0.937822
6.684,0.625755,0.833865,0.937907,0.937822
6.685,0.625751,0.833884,0.937907,0.937822
6.686,0.625747,0.833902,0.937907,0.937822
6.687,0.625743,0.83392,0.937907,0.937822
6.688,0.625739,0.833939,0.937907,0.937823
6.689,0.625735,0.833957,0.937908,0.937823
6.69,0.625731,0.833975,0.937908,0.937823
6.691,0.625727,0.833993,0.937908,0.937823
6.692,0.625723,0.834012,0.937908,0.937823
6.693,0.625719,0.83403,0.937908,0.937824
6.694,0.625715,0.834048,0.937908,0.937824
6.695,0.625711,0.834066,0.937908,0.937824
6.696,0.625707,0.834085,0.937908,0.937824
6.697,0.625703,0.834103,0.937908,0.937824
6.698,0.625699,0.834121,0.937908,0.937824
6.699,0.625694,0.834139,0.937909,0.937825
6.7,0.62569,0.834158,0.937909,0.937825
6.701,0.625686,0.834176,0.937909,0.937825
6.702,0.625682,0.834194,0.937909,0.937825
6.703,0.625678,0.834212,0.937909,0.937825
6.704,0.625674,0.83423,0.937909,0.937826
6.705,0.62567,0.834249,0.937909,0.937826
6.706,0.625666,0.834267,0.937909,0.937826
6.707,0.625662,0.834285,0.937909,0.937826
6.708,0.625658,0.834303,0.937909,0.937826
6.709,0.625654,0.834321,0.93791,0.937827
6.71,0.62565,0.834339,0.93791,0.937827
6.711,0.625646,0.834357,0.93791,0.937827
6.712,0.625642,0.834375,0.93791,0.937827
6.713,0.625638,0.834394,0.93791,0.937827
6.714,0.625634,0.834412,0.93791,0.937828
6.715,0.62563,0.83443,0.93791,0.937828
6.716,0.625626,0.834448,0.93791,0.937828
6.717,0.625622,0.834466,0.93791,0.937828
6.718,0.625618,0.834484,0.93791,0.937828
6.719,0.625614,0.834502,0.937911,0.937829
6.72,0.62561,0.83452,0.937911,0.937829
6.721,0.625606,0.834538,0.937911,0.937829
6.722,0.625602,0.834556,0.937911,0.937829
6.723,0.625598,0.834574,0.937911,0.937829
6.724,0.625594,0.834592,0.937911,0.937829
6.725,0.62559,0.83461,0.937911,0.93783
6.726,0.625587,0.834628,0.937911,0.93783
6.727,0.625583,0.834646,0.937911,0.93783
6.728,0.625579,0.834664,0.937911,0.93783
6.729,0.625575,0.834682,0.937912,0.93783
6.73,0.625571,0.8347,0.937912,0.937831
6.731,0.625567,0.834718,0.937912,0.937831
6.732,0.625563,0.834736,0.937912,0.937831
6.733,0.625559,0.834754,0.937912,0.937831
6.734,0.625555,0.834772,0.937912,0.937831
6.735,0.625551,0.83479,0.937912,0.937832
6.736,0.625547,0.834807,0.937912,0.937832
6.737,0.625543,0.834825,0.937912,0.937832
6.738,0.625539,0.834843,0.937912,0.937832
6.739,0.625535,0.834861,0.937913,0.937832
6.74,0.625532,0.834879,0.937913,0.937832
6.741,0.625528,0.834897,0.937913,0.937833
6.742,0.625524,0.834915,0.937913,0.937833
6.743,0.62552,0.834933,0.937913,0.937833
6.744,0.625516,0.83495,0.937913,0.937833
6.745,0.625512,0.834968,0.937913,0.937833
6.746,0.625508,0.834986,0.937913,0.937834
6.747,0.625504,0.835004,0.937913,0.937834
6.748,0.6255,0.835022,0.937913,0.937834
6.749,0.625497,0.83504,0.937914,0.937834
6.75,0.625493,0.835057,0.937914,0.937834
6.751,0.625489,0.835075,0.937914,0.937835
6.752,0.625485,0.835093,0.937914,0.937835
6.753,0.625481,0.835111,0.937914,0.937835
6.754,0.625477,0.835128,0.937914,0.937835
6.755,0.625473,0.835146,0.937914,0.937835
6.756,0.625469,0.835164,0.937914,0.937835
6.757,0.625466,0.835182,0.937914,0.937836
6.758,0.625462,0.835199,0.937914,0.937836
6.759,0.625458,0.835217,0.937914,0.937836
6.76,0.625454,0.835235,0.937915,0.937836
6.761,0.62545,0.835253,0.937915,0.937836
6.762,0.625446,0.83527,0.937915,0.937837
6.763,0.625443,0.835288,0.937915,0.937837
6.764,0.625439,0.835306,0.937915,0.937837
6.765,0.625435,0.835323,0.937915,0.937837
6.766,0.625431,0.835341,0.937915,0.937837
6.767,0.625427,0.835359,0.937915,0.937837
6.768,0.625423,0.835376,0.937915,0.937838
6.769,0.62542,0.835394,0.937915,0.937838
6.77,0.625416,0.835411,0.937916,0.937838
6.771,0.625412,0.835429,0.937916,0.937838
6.772,0.625408,0.835447,0.937916,0.937838
6.773,0.625404,0.835464,0.937916,0.937839
6.774,0.625401,0.835482,0.937916,0.937839
6.775,0.625397,0.835499,0.937916,0.937839
6.776,0.625393,0.835517,0.937916,0.937839
6.777,0.625389,0.835535,0.937916,0.937839
6.778,0.625385,0.835552,0.937916,0.937839
6.779,0.625382,0.83557,0.937916,0.93784
6.78,0.625378,0.835587,0.937916,0.93784
6.781,0.625374,0.835605,0.937917,0.93784
6.782,0.62537,0.835622,0.937917,0.93784
6.783,0.625367,0.83564,0.937917,0.93784
6.784,0.625363,0.835657,0.937917,0.93784
6.785,0.625359,0.835675,0.937917,0.937841
6.786,0.625355,0.835692,0.937917,0.937841
6.787,0.625352,0.83571,0.937917,0.937841
6.788,0.625348,0.835727,0.937917,0.937841
6.789,0.625344,0.835745,0.937917,0.937841
6.79,0.62534,0.835762,0.937917,0.937842
6.791,0.625337,0.83578,0.937917,0.937842
6.792,0.625333,0.835797,0.937918,0.937842
6.793,0.625329,0.835815,0.937918,0.937842
6.794,0.625325,0.835832,0.937918,0.937842
6.795,0.625322,0.835849,0.937918,0.937842
6.796,0.625318,0.835867,0.937918,0.937843
6.797,0.625314,0.835884,0.937918,0.937843
6.798,0.62531,0.835902,0.937918,0.937843
6.799,0.625307,0.835919,0.937918,0.937843
6.8,0.625303,0.835936,0.937918,0.937843
6.801,0.625299,0.835954,0.937918,0.937843
6.802,0.625296,0.835971,0.937918,0.937844
6.803,0.625292,0.835988,0.937919,0.937844
6.804,0.625288,0.836006,0.937919,0.937844
6.805,0.625284,0.836023,0.937919,0.937844
6.806,0.625281,0.83604,0.937919,0.937844
6.807,0.625277,0.836058,0.937919,0.937845
6.808,0.625273,0.836075,0.937919,0.937845
6.809,0.62527,0.836092,0.937919,0.937845
6.81,0.625266,0.83611,0.937919,0.937845
6.811,0.625262,0.836127,0.937919,0.937845
6.812,0.625259,0.836144,0.937919,0.937845
6.813,0.625255,0.836161,0.937919,0.937846
6.814,0.625251,0.836179,0.93792,0.937846
6.815,0.625248,0.836196,0.93792,0.937846
6.816,0.625244,0.836213,0.93792,0.937846
6.817,0.62524,0.83623,0.93792,0.937846
6.818,0.625237,0.836248,0.93792,0.937846
6.819,0.625233,0.836265,0.93792,0.937847
6.82,0.625229,0.836282,0.93792,0.937847
6.821,0.625226,0.836299,0.93792,0.937847
6.822,0.625222,0.836317,0.93792,0.937847
6.823,0.625218,0.836334,0.93792,0.937847
6.824,0.625215,0.836351,0.93792,0.937847
6.825,0.625211,0.836368,0.937921,0.937848
6.826,0.625208,0.836385,0.937921,0.937848
6.827,0.625204,0.836402,0.937921,0.937848
6.828,0.6252,0.83642,0.937921,0.937848
6.829,0.625197,0.836437,0.937921,0.937848
6.83,0.625193,0.836454,0.937921,0.937848
6.831,0.625189,0.836471,0.937921,0.937849
6.832,0.625186,0.836488,0.937921,0.937849
6.833,0.625182,0.836505,0.937921,0.937849
6.834,0.625179,0.836522,0.937921,0.937849
6.835,0.625175,0.836539,0.937921,0.937849
6.836,0.625171,0.836556,0.937921,0.937849
6.837,0.625168,0.836573,0.937922,0.93785
6.838,0.625164,0.83659,0.937922,0.93785
6.839,0.625161,0.836608,0.937922,0.93785
6.84,0.625157,0.836625,0.937922,0.93785
6.841,0.625153,0.836642,0.937922,0.93785
6.842,0.62515,0.836659,0.937922,0.93785
6.843,0.625146,0.836676,0.937922,0.937851
6.844,0.625143,0.836693,0.937922,0.937851
6.845,0.625139,0.83671,0.937922,0.937851
6.846,0.625135,0.836727,0.937922,0.937851
6.847,0.625132,0.836744,0.937922,0.937851
6.848,0.625128,0.836761,0.937923,0.937851
6.849,0.625125,0.836778,0.937923,0.937852
6.85,0.625121,0.836795,0.937923,0.937852
6.851,0.625118,0.836812,0.937923,0.937852
6.852,0.625114,0.836828,0.937923,0.937852
6.853,0.625111,0.836845,0.937923,0.937852
6.854,0.625107,0.836862,0.937923,0.937852
6.855,0.625103,0.836879,0.937923,0.937853
6.856,0.6251,0.836896,0.937923,0.937853
6.857,0.625096,0.836913,0.937923,0.937853
6.858,0.625093,0.83693,0.937923,0.937853
6.859,0.625089,0.836947,0.937923,0.937853
6.86,0.625086,0.836964,0.937924,0.937853
6.861,0.625082,0.836981,0.937924,0.937854
6.862,0.625079,0.836997,0.937924,0.937854
6.863,0.625075,0.837014,0.937924,0.937854
6.864,0.625072,0.837031,0.937924,0.937854
6.865,0.625068,0.837048,0.937924,0.937854
6.866,0.625065,0.837065,0.937924,0.937854
6.867,0.625061,0.837082,0.937924,0.937855
6.868,0.625058,0.837098,0.937924,0.937855
6.869,0.625054,0.837115,0.937924,0.937855
6.87,0.625051,0.837132,0.937924,0.937855
6.871,0.625047,0.837149,0.937924,0.937855
6.872,0.625044,0.837166,0.937925,0.937855
6.873,0.62504,0.837182,0.937925,0.937855
6.874,0.625037,0.837199,0.937925,0.937856
6.875,0.625033,0.837216,0.937925,0.937856
6.876,0.62503,0.837233,0.937925,0.937856
6.877,0.625026,0.837249,0.937925,0.937856
6.878,0.625023,0.837266,0.937925,0.937856
6.879,0.625019,0.837283,0.937925,0.937856
6.88,0.625016,0.837299,0.937925,0.937857
6.881,0.625012,0.837316,0.937925,0.937857
6.882,0.625009,0.837333,0.937925,0.937857
6.883,0.625005,0.83735,0.937925,0.937857
6.884,0.625002,0.837366,0.937926,0.937857
6.885,0.624998,0.837383,0.937926,0.937857
6.886,0.624995,0.8374,0.937926,0.937858
6.887,0.624991,0.837416,0.937926,0.937858
6.888,0.624988,0.837433,0.937926,0.937858
6.889,0.624985,0.83745,0.937926,0.937858
6.89,0.624981,0.837466,0.937926,0.937858
6.891,0.624978,0.837483,0.937926,0.937858
6.892,0.624974,0.837499,0.937926,0.937859
6.893,0.624971,0.837516,0.937926,0.937859
6.894,0.624967,0.837533,0.937926,0.937859
6.895,0.624964,0.837549,0.937926,0.937859
6.896,0.624961,0.837566,0.937927,0.937859
6.897,0.624957,0.837582,0.937927,0.937859
6.898,0.624954,0.837599,0.937927,0.937859
6.899,0.62495,0.837615,0.937927,0.93786
6.9,0.624947,0.837632,0.937927,0.93786
6.901,0.624943,0.837648,0.937927,0.93786
6.902,0.62494,0.837665,0.937927,0.93786
6.903,0.624937,0.837682,0.937927,0.93786
6.904,0.624933,0.837698,0.937927,0.93786
6.905,0.62493,0.837715,0.937927,0.937861
6.906,0.624926,0.837731,0.937927,0.937861
6.907,0.624923,0.837748,0.937927,0.937861
6.908,0.62492,0.837764,0.937928,0.937861
6.909,0.624916,0.83778,0.937928,0.937861
6.91,0.624913,0.837797,0.937928,0.937861
6.911,0.624909,0.837813,0.937928,0.937861
6.912,0.624906,0.83783,0.937928,0.937862
6.913,0.624903,0.837846,0.937928,0.937862
6.914,0.624899,0.837863,0.937928,0.937862
6.915,0.624896,0.837879,0.937928,0.937862
6.916,0.624893,0.837896,0.937928,0.937862
6.917,0.624889,0.837912,0.937928,0.937862
6.918,0.624886,0.837928,0.937928,0.937863
6.919,0.624883,0.837945,0.937928,0.937863
6.92,0.624879,0.837961,0.937928,0.937863
6.921,0.624876,0.837977,0.937929,0.937863
6.922,0.624872,0.837994,0.937929,0.937863
6.923,0.624869,0.83801,0.937929,0.937863
6.924,0.624866,0.838026,0.937929,0.937863
6.925,0.624862,0.838043,0.937929,0.937864
6.926,0.624859,0.838059,0.937929,0.937864
6.927,0.624856,0.838075,0.937929,0.937864
6.928,0.624852,0.838092,0.937929,0.937864
6.929,0.624849,0.838108,0.937929,0.937864
6.93,0.624846,0.838124,0.937929,0.937864
6.931,0.624842,0.838141,0.937929,0.937865
6.932,0.624839,0.838157,0.937929,0.937865
6.933,0.624836,0.838173,0.93793,0.937865
6.934,0.624832,0.838189,0.93793,0.937865
6.935,0.624829,0.838206,0.93793,0.937865
6.936,0.624826,0.838222,0.93793,0.937865
6.937,0.624823,0.838238,0.93793,0.937865
6.938,0.624819,0.838254,0.93793,0.937866
6.939,0.624816,0.838271,0.93793,0.937866
6.94,0.624813,0.838287,0.93793,0.937866
6.941,0.624809,0.838303,0.93793,0.937866
6.942,0.624806,0.838319,0.93793,0.937866
6.943,0.624803,0.838335,0.93793,0.937866
6.944,0.624799,0.838352,0.93793,0.937866
6.945,0.624796,0.838368,0.93793,0.937867
6.946,0.624793,0.838384,0.937931,0.937867
6.947,0.62479,0.8384,0.937931,0.937867
6.948,0.624786,0.838416,0.937931,0.937867
6.949,0.624783,0.838432,0.937931,0.937867
6.95,0.62478,0.838449,0.937931,0.937867
6.951,0.624776,0.838465,0.937931,0.937867
6.952,0.624773,0.838481,0.937931,0.937868
6.953,0.62477,0.838497,0.937931,0.937868
6.954,0.624767,0.838513,0.937931,0.937868
6.955,0.624763,0.838529,0.937931,0.937868
6.956,0.62476,0.838545,0.937931,0.937868
6.957,0.624757,0.838561,0.937931,0.937868
6.958,0.624754,0.838577,0.937931,0.937869
6.959,0.62475,0.838593,0.937932,0.937869
6.96,0.624747,0.838609,0.937932,0.937869
6.961,0.624744,0.838625,0.937932,0.937869
6.962,0.624741,0.838641,0.937932,0.937869
6.963,0.624737,0.838657,0.937932,0.937869
6.964,0.624734,0.838673,0.937932,0.937869
6.965,0.624731,0.838689,0.937932,0.93787
6.966,0.624728,0.838705,0.937932,0.93787
6.967,0.624725,0.838721,0.937932,0.93787
6.968,0.624721,0.838737,0.937932,0.93787
6.969,0.624718,0.838753,0.937932,0.93787
6.97,0.624715,0.838769,0.937932,0.93787
6.971,0.624712,0.838785,0.937932,0.93787
6.972,0.624708,0.838801,0.937933,0.937871
6.973,0.624705,0.838817,0.937933,0.937871
6.974,0.624702,0.838833,0.937933,0.937871
6.975,0.624699,0.838849,0.937933,0.937871
6.976,0.624696,0.838865,0.937933,0.937871
6.977,0.624692,0.838881,0.937933,0.937871
6.978,0.624689,0.838897,0.937933,0.937871
6.979,0.624686,0.838913,0.937933,0.937872
6.98,0.624683,0.838928,0.937933,0.937872
6.981,0.62468,0.838944,0.937933,0.937872
6.982,0.624676,0.83896,0.937933,0.937872
6.983,0.624673,0.838976,0.937933,0.937872
6.984,0.62467,0.838992,0.937933,0.937872
6.985,0.624667,0.839008,0.937933,0.937872
6.986,0.624664,0.839024,0.937934,0.937873
6.987,0.624661,0.839039,0.937934,0.937873
6.988,0.624657,0.839055,0.937934,0.937873
6.989,0.624654,0.839071,0.937934,0.937873
6.99,0.624651,0.839087,0.937934,0.937873
6.991,0.624648,0.839103,0.937934,0.937873
6.992,0.624645,0.839118,0.937934,0.937873
6.993,0.624642,0.839134,0.937934,0.937874
6.994,0.624638,0.83915,0.937934,0.937874
6.995,0.624635,0.839166,0.937934,0.937874
6.996,0.624632,0.839181,0.937934,0.937874
6.997,0.624629,0.839197,0.937934,0.937874
6.998,0.624626,0.839213,0.937934,0.937874
6.999,0.624623,0.839229,0.937934,0.937874
7,0.62462,0.839244,0.937935,0.937875
7.001,0.624616,0.83926,0.937935,0.937875
7.002,0.624613,0.839276,0.937935,0.937875
7.003,0.62461,0.839291,0.937935,0.937875
7.004,0.624607,0.839307,0.937935,0.937875
7.005,0.624604,0.839323,0.937935,0.937875
7.006,0.624601,0.839338,0.937935,0.937875
7.007,0.624598,0.839354,0.937935,0.937875
7.008,0.624595,0.83937,0.937935,0.937876
7.009,0.624591,0.839385,0.937935,0.937876
7.01,0.624588,0.839401,0.937935,0.937876
7.011,0.624585,0.839417,0.937935,0.937876
7.012,0.624582,0.839432,0.937935,0.937876
7.013,0.624579,0.839448,0.937936,0.937876
7.014,0.624576,0.839463,0.937936,0.937876
7.015,0.624573,0.839479,0.937936,0.937877
7.016,0.62457,0.839495,0.937936,0.937877
7.017,0.624567,0.83951,0.937936,0.937877
7.018,0.624563,0.839526,0.937936,0.937877
7.019,0.62456,0.839541,0.937936,0.937877
7.02,0.624557,0.839557,0.937936,0.937877
7.021,0.624554,0.839572,0.937936,0.937877
7.022,0.624551,0.839588,0.937936,0.937878
7.023,0.624548,0.839603,0.937936,0.937878
7.024,0.624545,0.839619,0.937936,0.937878
7.025,0.624542,0.839634,0.937936,0.937878
7.026,0.624539,0.83965,0.937936,0.937878
7.027,0.624536,0.839665,0.937937,0.937878
7.028,0.624533,0.839681,0.937937,0.937878
7.029,0.62453,0.839696,0.937937,0.937878
7.03,0.624527,0.839712,0.937937,0.937879
7.031,0.624524,0.839727,0.937937,0.937879
7.032,0.62452,0.839743,0.937937,0.937879
7.033,0.624517,0.839758,0.937937,0.937879
7.034,0.624514,0.839774,0.937937,0.937879
7.035,0.624511,0.839789,0.937937,0.937879
7.036,0.624508,0.839804,0.937937,0.937879
7.037,0.624505,0.83982,0.937937,0.93788
7.038,0.624502,0.839835,0.937937,0.93788
7.039,0.624499,0.839851,0.937937,0.93788
7.04,0.624496,0.839866,0.937937,0.93788
7.041,0.624493,0.839881,0.937937,0.93788
7.042,0.62449,0.839897,0.937938,0.93788
7.043,0.624487,0.839912,0.937938,0.93788
7.044,0.624484,0.839927,0.937938,0.937881
7.045,0.624481,0.839943,0.937938,0.937881
7.046,0.624478,0.839958,0.937938,0.937881
7.047,0.624475,0.839973,0.937938,0.937881
7.048,0.624472,0.839989,0.937938,0.937881
7.049,0.624469,0.840004,0.937938,0.937881
7.05,0.624466,0.840019,0.937938,0.937881
7.051,0.624463,0.840035,0.937938,0.937881
7.052,0.62446,0.84005,0.937938,0.937882
7.053,0.624457,0.840065,0.937938,0.937882
7.054,0.624454,0.840081,0.937938,0.937882
7.055,0.624451,0.840096,0.937938,0.937882
7.056,0.624448,0.840111,0.937939,0.937882
7.057,0.624445,0.840126,0.937939,0.937882
7.058,0.624442,0.840141,0.937939,0.937882
7.059,0.624439,0.840157,0.937939,0.937882
7.06,0.624436,0.840172,0.937939,0.937883
7.061,0.624433,0.840187,0.937939,0.937883
7.062,0.62443,0.840202,0.937939,0.937883
7.063,0.624427,0.840218,0.937939,0.937883
7.064,0.624424,0.840233,0.937939,0.937883
7.065,0.624421,0.840248,0.937939,0.937883
7.066,0.624418,0.840263,0.937939,0.937883
7.067,0.624415,0.840278,0.937939,0.937884
7.068,0.624412,0.840293,0.937939,0.937884
7.069,0.624409,0.840309,0.937939,0.937884
7.07,0.624406,0.840324,0.937939,0.937884
7.071,0.624403,0.840339,0.93794,0.937884
7.072,0.6244,0.840354,0.93794,0.937884
7.073,0.624397,0.840369,0.93794,0.937884
7.074,0.624395,0.840384,0.93794,0.937884
7.075,0.624392,0.840399,0.93794,0.937885
7.076,0.624389,0.840414,0.93794,0.937885
7.077,0.624386,0.840429,0.93794,0.937885
7.078,0.624383,0.840444,0.93794,0.937885
7.079,0.62438,0.84046,0.93794,0.937885
7.08,0.624377,0.840475,0.93794,0.937885
7.081,0.624374,0.84049,0.93794,0.937885
7.082,0.624371,0.840505,0.93794,0.937885
7.083,0.624368,0.84052,0.93794,0.937886
7.084,0.624365,0.840535,0.93794,0.937886
7.085,0.624362,0.84055,0.93794,0.937886
7.086,0.624359,0.840565,0.937941,0.937886
7.087,0.624356,0.84058,0.937941,0.937886
7.088,0.624354,0.840595,0.937941,0.937886
7.089,0.624351,0.84061,0.937941,0.937886
7.09,0.624348,0.840625,0.937941,0.937886
7.091,0.624345,0.84064,0.937941,0.937887
7.092,0.624342,0.840655,0.937941,0.937887
7.093,0.624339,0.84067,0.937941,0.937887
7.094,0.624336,0.840684,0.937941,0.937887
7.095,0.624333,0.840699,0.937941,0.937887
7.096,0.62433,0.840714,0.937941,0.937887
7.097,0.624327,0.840729,0.937941,0.937887
7.098,0.624325,0.840744,0.937941,0.937887
7.099,0.624322,0.840759,0.937941,0.937888
7.1,0.624319,0.840774,0.937941,0.937888
7.101,0.624316,0.840789,0.937942,0.937888
7.102,0.624313,0.840804,0.937942,0.937888
7.103,0.62431,0.840819,0.937942,0.937888
7.104,0.624307,0.840833,0.937942,0.937888
7.105,0.624304,0.840848,0.937942,0.937888
7.106,0.624302,0.840863,0.937942,0.937888
7.107,0.624299,0.840878,0.937942,0.937889
7.108,0.624296,0.840893,0.937942,0.937889
7.109,0.624293,0.840908,0.937942,0.937889
7.11,0.62429,0.840922,0.937942,0.937889
7.111,0.624287,0.840937,0.937942,0.937889
7.112,0.624284,0.840952,0.937942,0.937889
7.113,0.624281,0.840967,0.937942,0.937889
7.114,0.624279,0.840982,0.937942,0.937889
7.115,0.624276,0.840996,0.937942,0.93789
7.116,0.624273,0.841011,0.937942,0.93789
7.117,0.62427,0.841026,0.937943,0.93789
7.118,0.624267,0.841041,0.937943,0.93789
7.119,0.624264,0.841055,0.937943,0.93789
7.12,0.624262,0.84107,0.937943,0.93789
7.121,0.624259,0.841085,0.937943,0.93789
7.122,0.624256,0.841099,0.937943,0.93789
7.123,0.624253,0.841114,0.937943,0.937891
7.124,0.62425,0.841129,0.937943,0.937891
7.125,0.624247,0.841144,0.937943,0.937891
7.126,0.624245,0.841158,0.937943,0.937891
7.127,0.624242,0.841173,0.937943,0.937891
7.128,0.624239,0.841188,0.937943,0.937891
7.129,0.624236,0.841202,0.937943,0.937891
7.13,0.624233,0.841217,0.937943,0.937891
7.131,0.624231,0.841231,0.937943,0.937892
7.132,0.624228,0.841246,0.937943,0.937892
7.133,0.624225,0.841261,0.937944,0.937892
7.134,0.624222,0.841275,0.937944,0.937892
7.135,0.624219,0.84129,0.937944,0.937892
7.136,0.624217,0.841305,0.937944,0.937892
7.137,0.624214,0.841319,0.937944,0.937892
7.138,0.624211,0.841334,0.937944,0.937892
7.139,0.624208,0.841348,0.937944,0.937892
7.14,0.624205,0.841363,0.937944,0.937893
7.141,0.624203,0.841377,0.937944,0.937893
7.142,0.6242,0.841392,0.937944,0.937893
7.143,0.624197,0.841407,0.937944,0.937893
7.144,0.624194,0.841421,0.937944,0.937893
7.145,0.624192,0.841436,0.937944,0.937893
7.146,0.624189,0.84145,0.937944,0.937893
7.147,0.624186,0.841465,0.937944,0.937893
7.148,0.624183,0.841479,0.937944,0.937894
7.149,0.62418,0.841494,0.937945,0.937894
7.15,0.624178,0.841508,0.937945,0.937894
7.151,0.624175,0.841523,0.937945,0.937894
7.152,0.624172,0.841537,0.937945,0.937894
7.153,0.624169,0.841551,0.937945,0.937894
7.154,0.624167,0.841566,0.937945,0.937894
7.155,0.624164,0.84158,0.937945,0.937894
7.156,0.624161,0.841595,0.937945,0.937894
7.157,0.624158,0.841609,0.937945,0.937895
7.158,0.624156,0.841624,0.937945,0.937895
7.159,0.624153,0.841638,0.937945,0.937895
7.16,0.62415,0.841652,0.937945,0.937895
7.161,0.624147,0.841667,0.937945,0.937895
7.162,0.624145,0.841681,0.937945,0.937895
7.163,0.624142,0.841696,0.937945,0.937895
7.164,0.624139,0.84171,0.937945,0.937895
7.165,0.624136,0.841724,0.937946,0.937896
7.166,0.624134,0.841739,0.937946,0.937896
7.167,0.624131,0.841753,0.937946,0.937896
7.168,0.624128,0.841767,0.937946,0.937896
7.169,0.624126,0.841782,0.937946,0.937896
7.17,0.624123,0.841796,0.937946,0.937896
7.171,0.62412,0.84181,0.937946,0.937896
7.172,0.624117,0.841825,0.937946,0.937896
7.173,0.624115,0.841839,0.937946,0.937896
7.174,0.624112,0.841853,0.937946,0.937897
7.175,0.624109,0.841868,0.937946,0.937897
7.176,0.624107,0.841882,0.937946,0.937897
7.177,0.624104,0.841896,0.937946,0.937897
7.178,0.624101,0.84191,0.937946,0.937897
7.179,0.624099,0.841925,0.937946,0.937897
7.18,0.624096,0.841939,0.937946,0.937897
7.181,0.624093,0.841953,0.937946,0.937897
7.182,0.62409,0.841967,0.937947,0.937897
7.183,0.624088,0.841982,0.937947,0.937898
7.184,0.624085,0.841996,0.937947,0.937898
7.185,0.624082,0.84201,0.937947,0.937898
7.186,0.62408,0.842024,0.937947,0.937898
7.187,0.624077,0.842038,0.937947,0.937898
7.188,0.624074,0.842052,0.937947,0.937898
7.189,0.624072,0.842067,0.937947,0.937898
7.19,0.624069,0.842081,0.937947,0.937898
7.191,0.624066,0.842095,0.937947,0.937899
7.192,0.624064,0.842109,0.937947,0.937899
7.193,0.624061,0.842123,0.937947,0.937899
7.194,0.624058,0.842137,0.937947,0.937899
7.195,0.624056,0.842151,0.937947,0.937899
7.196,0.624053,0.842166,0.937947,0.937899
7.197,0.62405,0.84218,0.937947,0.937899
7.198,0.624048,0.842194,0.937947,0.937899
7.199,0.624045,0.842208,0.937948,0.937899
7.2,0.624042,0.842222,0.937948,0.9379
7.201,0.62404,0.842236,0.937948,0.9379
7.202,0.624037,0.84225,0.937948,0.9379
7.203,0.624035,0.842264,0.937948,0.9379
7.204,0.624032,0.842278,0.937948,0.9379
7.205,0.624029,0.842292,0.937948,0.9379
7.206,0.624027,0.842306,0.937948,0.9379
7.207,0.624024,0.84232,0.937948,0.9379
7.208,0.624021,0.842334,0.937948,0.9379
7.209,0.624019,0.842348,0.937948,0.937901
7.21,0.624016,0.842362,0.937948,0.937901
7.211,0.624013,0.842376,0.937948,0.937901
7.212,0.624011,0.84239,0.937948,0.937901
7.213,0.624008,0.842404,0.937948,0.937901
7.214,0.624006,0.842418,0.937948,0.937901
7.215,0.624003,0.842432,0.937948,0.937901
7.216,0.624,0.842446,0.937949,0.937901
7.217,0.623998,0.84246,0.937949,0.937901
7.218,0.623995,0.842474,0.937949,0.937902
7.219,0.623993,0.842488,0.937949,0.937902
7.22,0.62399,0.842502,0.937949,0.937902
7.221,0.623987,0.842516,0.937949,0.937902
7.222,0.623985,0.84253,0.937949,0.937902
7.223,0.623982,0.842544,0.937949,0.937902
7.224,0.62398,0.842558,0.937949,0.937902
7.225,0.623977,0.842571,0.937949,0.937902
7.226,0.623974,0.842585,0.937949,0.937902
7.227,0.623972,0.842599,0.937949,0.937902
7.228,0.623969,0.842613,0.937949,0.937903
7.229,0.623967,0.842627,0.937949,0.937903
7.23,0.623964,0.842641,0.937949,0.937903
7.231,0.623961,0.842655,0.937949,0.937903
7.232,0.623959,0.842668,0.937949,0.937903
7.233,0.623956,0.842682,0.937949,0.937903
7.234,0.623954,0.842696,0.93795,0.937903
7.235,0.623951,0.84271,0.93795,0.937903
7.236,0.623949,0.842724,0.93795,0.937903
7.237,0.623946,0.842737,0.93795,0.937904
7.238,0.623943,0.842751,0.93795,0.937904
7.239,0.623941,0.842765,0.93795,0.937904
7.24,0.623938,0.842779,0.93795,0.937904
7.241,0.623936,0.842792,0.93795,0.937904
7.242,0.623933,0.842806,0.93795,0.937904
7.243,0.623931,0.84282,0.93795,0.937904
7.244,0.623928,0.842834,0.93795,0.937904
7.245,0.623926,0.842847,0.93795,0.937904
7.246,0.623923,0.842861,0.93795,0.937905
7.247,0.62392,0.842875,0.93795,0.937905
7.248,0.623918,0.842889,0.93795,0.937905
7.249,0.623915,0.842902,0.93795,0.937905
7.25,0.623913,0.842916,0.93795,0.937905
7.251,0.62391,0.84293,0.93795,0.937905
7.252,0.623908,0.842943,0.937951,0.937905
7.253,0.623905,0.842957,0.937951,0.937905
7.254,0.623903,0.842971,0.937951,0.937905
7.255,0.6239,0.842984,0.937951,0.937905
7.256,0.623898,0.842998,0.937951,0.937906
7.257,0.623895,0.843011,0.937951,0.937906
7.258,0.623893,0.843025,0.937951,0.937906
7.259,0.62389,0.843039,0.937951,0.937906
7.26,0.623888,0.843052,0.937951,0.937906
7.261,0.623885,0.843066,0.937951,0.937906
7.262,0.623883,0.843079,0.937951,0.937906
7.263,0.62388,0.843093,0.937951,0.937906
7.264,0.623878,0.843107,0.937951,0.937906
7.265,0.623875,0.84312,0.937951,0.937907
7.266,0.623873,0.843134,0.937951,0.937907
7.267,0.62387,0.843147,0.937951,0.937907
7.268,0.623868,0.843161,0.937951,0.937907
7.269,0.623865,0.843174,0.937951,0.937907
7.27,0.623863,0.843188,0.937952,0.937907
7.271,0.62386,0.843201,0.937952,0.937907
7.272,0.623858,0.843215,0.937952,0.937907
7.273,0.623855,0.843228,0.937952,0.937907
7.274,0.623853,0.843242,0.937952,0.937907
7.275,0.62385,0.843255,0.937952,0.937908
7.276,0.623848,0.843269,0.937952,0.937908
7.277,0.623845,0.843282,0.937952,0.937908
7.278,0.623843,0.843296,0.937952,0.937908
7.279,0.62384,0.843309,0.937952,0.937908
7.28,0.623838,0.843323,0.937952,0.937908
7.281,0.623835,0.843336,0.937952,0.937908
7.282,0.623833,0.84335,0.937952,0.937908
7.283,0.62383,0.843363,0.937952,0.937908
7.284,0.623828,0.843376,0.937952,0.937908
7.285,0.623825,0.84339,0.937952,0.937909
7.286,0.623823,0.843403,0.937952,0.937909
7.287,0.62382,0.843417,0.937952,0.937909
7.288,0.623818,0.84343,0.937952,0.937909
7.289,0.623816,0.843443,0.937953,0.937909
7.29,0.623813,0.843457,0.937953,0.937909
7.291,0.623811,0.84347,0.937953,0.937909
7.292,0.623808,0.843483,0.937953,0.937909
7.293,0.623806,0.843497,0.937953,0.937909
7.294,0.623803,0.84351,0.937953,0.937909
7.295,0.623801,0.843523,0.937953,0.93791
7.296,0.623798,0.843537,0.937953,0.93791
7.297,0.623796,0.84355,0.937953,0.93791
7.298,0.623794,0.843563,0.937953,0.93791
7.299,0.623791,0.843577,0.937953,0.93791
7.3,0.623789,0.84359,0.937953,0.93791
7.301,0.623786,0.843603,0.937953,0.93791
7.302,0.623784,0.843617,0.937953,0.93791
7.303,0.623781,0.84363,0.937953,0.93791
7.304,0.623779,0.843643,0.937953,0.93791
7.305,0.623777,0.843656,0.937953,0.937911
7.306,0.623774,0.84367,0.937953,0.937911
7.307,0.623772,0.843683,0.937953,0.937911
7.308,0.623769,0.843696,0.937954,0.937911
7.309,0.623767,0.843709,0.937954,0.937911
7.31,0.623764,0.843723,0.937954,0.937911
7.311,0.623762,0.843736,0.937954,0.937911
7.312,0.62376,0.843749,0.937954,0.937911
7.313,0.623757,0.843762,0.937954,0.937911
7.314,0.623755,0.843775,0.937954,0.937911
7.315,0.623752,0.843788,0.937954,0.937912
7.316,0.62375,0.843802,0.937954,0.937912
7.317,0.623748,0.843815,0.937954,0.937912
7.318,0.623745,0.843828,0.937954,0.937912
7.319,0.623743,0.843841,0.937954,0.937912
7.32,0.62374,0.843854,0.937954,0.937912
7.321,0.623738,0.843867,0.937954,0.937912
7.322,0.623736,0.84388,0.937954,0.937912
7.323,0.623733,0.843894,0.937954,0.937912
7.324,0.623731,0.843907,0.937954,0.937912
7.325,0.623729,0.84392,0.937954,0.937913
7.326,0.623726,0.843933,0.937954,0.937913
7.327,0.623724,0.843946,0.937955,0.937913
7.328,0.623721,0.843959,0.937955,0.937913
7.329,0.623719,0.843972,0.937955,0.937913
7.33,0.623717,0.843985,0.937955,0.937913
7.331,0.623714,0.843998,0.937955,0.937913
7.332,0.623712,0.844011,0.937955,0.937913
7.333,0.62371,0.844024,0.937955,0.937913
7.334,0.623707,0.844037,0.937955,0.937913
7.335,0.623705,0.84405,0.937955,0.937914
7.336,0.623702,0.844063,0.937955,0.937914
7.337,0.6237,0.844076,0.937955,0.937914
7.338,0.623698,0.844089,0.937955,0.937914
7.339,0.623695,0.844102,0.937955,0.937914
7.34,0.623693,0.844115,0.937955,0.937914
7.341,0.623691,0.844128,0.937955,0.937914
7.342,0.623688,0.844141,0.937955,0.937914
7.343,0.623686,0.844154,0.937955,0.937914
7.344,0.623684,0.844167,0.937955,0.937914
7.345,0.623681,0.84418,0.937955,0.937914
7.346,0.623679,0.844193,0.937955,0.937915
7.347,0.623677,0.844206,0.937956,0.937915
7.348,0.623674,0.844219,0.937956,0.937915
7.349,0.623672,0.844232,0.937956,0.937915
7.35,0.62367,0.844245,0.937956,0.937915
7.351,0.623667,0.844258,0.937956,0.937915
7.352,0.623665,0.84427,0.937956,0.937915
7.353,0.623663,0.844283,0.937956,0.937915
7.354,0.62366,0.844296,0.937956,0.937915
7.355,0.623658,0.844309,0.937956,0.937915
7.356,0.623656,0.844322,0.937956,0.937916
7.357,0.623653,0.844335,0.937956,0.937916
7.358,0.623651,0.844348,0.937956,0.937916
7.359,0.623649,0.84436,0.937956,0.937916
7.36,0.623646,0.844373,0.937956,0.937916
7.361,0.623644,0.844386,0.937956,0.937916
7.362,0.623642,0.844399,0.937956,0.937916
7.363,0.62364,0.844412,0.937956,0.937916
7.364,0.623637,0.844424,0.937956,0.937916
7.365,0.623635,0.844437,0.937956,0.937916
7.366,0.623633,0.84445,0.937956,0.937916
7.367,0.62363,0.844463,0.937956,0.937917
7.368,0.623628,0.844476,0.937957,0.937917
7.369,0.623626,0.844488,0.937957,0.937917
7.37,0.623623,0.844501,0.937957,0.937917
7.371,0.623621,0.844514,0.937957,0.937917
7.372,0.623619,0.844527,0.937957,0.937917
7.373,0.623617,0.844539,0.937957,0.937917
7.374,0.623614,0.844552,0.937957,0.937917
7.375,0.623612,0.844565,0.937957,0.937917
7.376,0.62361,0.844577,0.937957,0.937917
7.377,0.623607,0.84459,0.937957,0.937917
7.378,0.623605,0.844603,0.937957,0.937918
7.379,0.623603,0.844616,0.937957,0.937918
7.38,0.623601,0.844628,0.937957,0.937918
7.381,0.623598,0.844641,0.937957,0.937918
7.382,0.623596,0.844654,0.937957,0.937918
7.383,0.623594,0.844666,0.937957,0.937918
7.384,0.623592,0.844679,0.937957,0.937918
7.385,0.623589,0.844691,0.937957,0.937918
7.386,0.623587,0.844704,0.937957,0.937918
7.387,0.623585,0.844717,0.937957,0.937918
7.388,0.623583,0.844729,0.937957,0.937918
7.389,0.62358,0.844742,0.937958,0.937919
7.39,0.623578,0.844754,0.937958,0.937919
7.391,0.623576,0.844767,0.937958,0.937919
7.392,0.623574,0.84478,0.937958,0.937919
7.393,0.623571,0.844792,0.937958,0.937919
7.394,0.623569,0.844805,0.937958,0.937919
7.395,0.623567,0.844817,0.937958,0.937919
7.396,0.623565,0.84483,0.937958,0.937919
7.397,0.623562,0.844842,0.937958,0.937919
7.398,0.62356,0.844855,0.937958,0.937919
7.399,0.623558,0.844868,0.937958,0.937919
7.4,0.623556,0.84488,0.937958,0.93792
7.401,0.623553,0.844893,0.937958,0.93792
7.402,0.623551,0.844905,0.937958,0.93792
7.403,0.623549,0.844918,0.937958,0.93792
7.404,0.623547,0.84493,0.937958,0.93792
7.405,0.623545,0.844943,0.937958,0.93792
7.406,0.623542,0.844955,0.937958,0.93792
7.407,0.62354,0.844967,0.937958,0.93792
7.408,0.623538,0.84498,0.937958,0.93792
7.409,0.623536,0.844992,0.937958,0.93792
7.41,0.623533,0.845005,0.937959,0.93792
7.411,0.623531,0.845017,0.937959,0.937921
7.412,0.623529,0.84503,0.937959,0.937921
7.413,0.623527,0.845042,0.937959,0.937921
7.414,0.623525,0.845055,0.937959,0.937921
7.415,0.623522,0.845067,0.937959,0.937921
7.416,0.62352,0.845079,0.937959,0.937921
7.417,0.623518,0.845092,0.937959,0.937921
7.418,0.623516,0.845104,0.937959,0.937921
7.419,0.623514,0.845117,0.937959,0.937921
7.42,0.623511,0.845129,0.937959,0.937921
7.421,0.623509,0.845141,0.937959,0.937921
7.422,0.623507,0.845154,0.937959,0.937921
7.423,0.623505,0.845166,0.937959,0.937922
7.424,0.623503,0.845178,0.937959,0.937922
7.425,0.6235,0.845191,0.937959,0.937922
7.426,0.623498,0.845203,0.937959,0.937922
7.427,0.623496,0.845215,0.937959,0.937922
7.428,0.623494,0.845228,0.937959,0.937922
7.429,0.623492,0.84524,0.937959,0.937922
7.43,0.62349,0.845252,0.937959,0.937922
7.431,0.623487,0.845264,0.937959,0.937922
7.432,0.623485,0.845277,0.93796,0.937922
7.433,0.623483,0.845289,0.93796,0.937922
7.434,0.623481,0.845301,0.93796,0.937923
7.435,0.623479,0.845314,0.93796,0.937923
7.436,0.623477,0.845326,0.93796,0.937923
7.437,0.623474,0.845338,0.93796,0.937923
7.438,0.623472,0.84535,0.93796,0.937923
7.439,0.62347,0.845363,0.93796,0.937923
7.44,0.623468,0.845375,0.93796,0.937923
7.441,0.623466,0.845387,0.93796,0.937923
7.442,0.623464,0.845399,0.93796,0.937923
7.443,0.623461,0.845411,0.93796,0.937923
7.444,0.623459,0.845424,0.93796,0.937923
7.445,0.623457,0.845436,0.93796,0.937923
7.446,0.623455,0.845448,0.93796,0.937924
7.447,0.623453,0.84546,0.93796,0.937924
7.448,0.623451,0.845472,0.93796,0.937924
7.449,0.623449,0.845484,0.93796,0.937924
7.45,0.623446,0.845497,0.93796,0.937924
7.451,0.623444,0.845509,0.93796,0.937924
7.452,0.623442,0.845521,0.93796,0.937924
7.453,0.62344,0.845533,0.93796,0.937924
7.454,0.623438,0.845545,0.93796,0.937924
7.455,0.623436,0.845557,0.937961,0.937924
7.456,0.623434,0.845569,0.937961,0.937924
7.457,0.623431,0.845581,0.937961,0.937924
7.458,0.623429,0.845593,0.937961,0.937925
7.459,0.623427,0.845605,0.937961,0.937925
7.46,0.623425,0.845618,0.937961,0.937925
7.461,0.623423,0.84563,0.937961,0.937925
7.462,0.623421,0.845642,0.937961,0.937925
7.463,0.623419,0.845654,0.937961,0.937925
7.464,0.623417,0.845666,0.937961,0.937925
7.465,0.623415,0.845678,0.937961,0.937925
7.466,0.623412,0.84569,0.937961,0.937925
7.467,0.62341,0.845702,0.937961,0.937925
7.468,0.623408,0.845714,0.937961,0.937925
7.469,0.623406,0.845726,0.937961,0.937925
7.47,0.623404,0.845738,0.937961,0.937926
7.471,0.623402,0.84575,0.937961,0.937926
7.472,0.6234,0.845762,0.937961,0.937926
7.473,0.623398,0.845774,0.937961,0.937926
7.474,0.623396,0.845786,0.937961,0.937926
7.475,0.623393,0.845798,0.937961,0.937926
7.476,0.623391,0.84581,0.937961,0.937926
7.477,0.623389,0.845822,0.937961,0.937926
7.478,0.623387,0.845834,0.937962,0.937926
7.479,0.623385,0.845846,0.937962,0.937926
7.48,0.623383,0.845857,0.937962,0.937926
7.481,0.623381,0.845869,0.937962,0.937926
7.482,0.623379,0.845881,0.937962,0.937927
7.483,0.623377,0.845893,0.937962,0.937927
7.484,0.623375,0.845905,0.937962,0.937927
7.485,0.623373,0.845917,0.937962,0.937927
7.486,0.623371,0.845929,0.937962,0.937927
7.487,0.623368,0.845941,0.937962,0.937927
7.488,0.623366,0.845953,0.937962,0.937927
7.489,0.623364,0.845964,0.937962,0.937927
7.49,0.623362,0.845976,0.937962,0.937927
7.491,0.62336,0.845988,0.937962,0.937927
7.492,0.623358,0.846,0.937962,0.937927
7.493,0.623356,0.846012,0.937962,0.937927
7.494,0.623354,0.846024,0.937962,0.937928
7.495,0.623352,0.846035,0.937962,0.937928
7.496,0.62335,0.846047,0.937962,0.937928
7.497,0.623348,0.846059,0.937962,0.937928
7.498,0.623346,0.846071,0.937962,0.937928
7.499,0.623344,0.846083,0.937962,0.937928
7.5,0.623342,0.846094,0.937962,0.937928
7.501,0.62334,0.846106,0.937963,0.937928
7.502,0.623338,0.846118,0.937963,0.937928
7.503,0.623336,0.84613,0.937963,0.937928
7.504,0.623334,0.846141,0.937963,0.937928
7.505,0.623331,0.846153,0.937963,0.937928
7.506,0.623329,0.846165,0.937963,0.937928
7.507,0.623327,0.846177,0.937963,0.937929
7.508,0.623325,0.846188,0.937963,0.937929
7.509,0.623323,0.8462,0.937963,0.937929
7.51,0.623321,0.846212,0.937963,0.937929
7.511,0.623319,0.846223,0.937963,0.937929
7.512,0.623317,0.846235,0.937963,0.937929
7.513,0.623315,0.846247,0.937963,0.937929
7.514,0.623313,0.846258,0.937963,0.937929
7.515,0.623311,0.84627,0.937963,0.937929
7.516,0.623309,0.846282,0.937963,0.937929
7.517,0.623307,0.846293,0.937963,0.937929
7.518,0.623305,0.846305,0.937963,0.937929
7.519,0.623303,0.846317,0.937963,0.93793
7.52,0.623301,0.846328,0.937963,0.93793
7.521,0.623299,0.84634,0.937963,0.93793
7.522,0.623297,0.846352,0.937963,0.93793
7.523,0.623295,0.846363,0.937963,0.93793
7.524,0.623293,0.846375,0.937963,0.93793
7.525,0.623291,0.846386,0.937963,0.93793
7.526,0.623289,0.846398,0.937964,0.93793
7.527,0.623287,0.84641,0.937964,0.93793
7.528,0.623285,0.846421,0.937964,0.93793
7.529,0.623283,0.846433,0.937964,0.93793
7.53,0.623281,0.846444,0.937964,0.93793
7.531,0.623279,0.846456,0.937964,0.93793
7.532,0.623277,0.846467,0.937964,0.937931
7.533,0.623275,0.846479,0.937964,0.937931
7.534,0.623273,0.84649,0.937964,0.937931
7.535,0.623271,0.846502,0.937964,0.937931
7.536,0.623269,0.846513,0.937964,0.937931
7.537,0.623267,0.846525,0.937964,0.937931
7.538,0.623265,0.846536,0.937964,0.937931
7.539,0.623263,0.846548,0.937964,0.937931
7.54,0.623261,0.846559,0.937964,0.937931
7.541,0.623259,0.846571,0.937964,0.937931
7.542,0.623257,0.846582,0.937964,0.937931
7.543,0.623255,0.846594,0.937964,0.937931
7.544,0.623253,0.846605,0.937964,0.937931
7.545,0.623251,0.846617,0.937964,0.937932
7.546,0.623249,0.846628,0.937964,0.937932
7.547,0.623247,0.84664,0.937964,0.937932
7.548,0.623245,0.846651,0.937964,0.937932
7.549,0.623243,0.846663,0.937964,0.937932
7.55,0.623241,0.846674,0.937964,0.937932
7.551,0.623239,0.846685,0.937965,0.937932
7.552,0.623238,0.846697,0.937965,0.937932
7.553,0.623236,0.846708,0.937965,0.937932
7.554,0.623234,0.84672,0.937965,0.937932
7.555,0.623232,0.846731,0.937965,0.937932
7.556,0.62323,0.846742,0.937965,0.937932
7.557,0.623228,0.846754,0.937965,0.937932
7.558,0.623226,0.846765,0.937965,0.937932
7.559,0.623224,0.846776,0.937965,0.937933
7.56,0.623222,0.846788,0.937965,0.937933
7.561,0.62322,0.846799,0.937965,0.937933
7.562,0.623218,0.84681,0.937965,0.937933
7.563,0.623216,0.846822,0.937965,0.937933
7.564,0.623214,0.846833,0.937965,0.937933
7.565,0.623212,0.846844,0.937965,0.937933
7.566,0.62321,0.846856,0.937965,0.937933
7.567,0.623208,0.846867,0.937965,0.937933
7.568,0.623206,0.846878,0.937965,0.937933
7.569,0.623204,0.846889,0.937965,0.937933
7.57,0.623203,0.846901,0.937965,0.937933
7.571,0.623201,0.846912,0.937965,0.937933
7.572,0.623199,0.846923,0.937965,0.937934
7.573,0.623197,0.846934,0.937965,0.937934
7.574,0.623195,0.846946,0.937965,0.937934
7.575,0.623193,0.846957,0.937965,0.937934
7.576,0.623191,0.846968,0.937966,0.937934
7.577,0.623189,0.846979,0.937966,0.937934
7.578,0.623187,0.846991,0.937966,0.937934
7.579,0.623185,0.847002,0.937966,0.937934
7.58,0.623183,0.847013,0.937966,0.937934
7.581,0.623181,0.847024,0.937966,0.937934
7.582,0.623179,0.847035,0.937966,0.937934
7.583,0.623178,0.847047,0.937966,0.937934
7.584,0.623176,0.847058,0.937966,0.937934
7.585,0.623174,0.847069,0.937966,0.937934
7.586,0.623172,0.84708,0.937966,0.937935
7.587,0.62317,0.847091,0.937966,0.937935
7.588,0.623168,0.847102,0.937966,0.937935
7.589,0.623166,0.847113,0.937966,0.937935
7.59,0.623164,0.847125,0.937966,0.937935
7.591,0.623162,0.847136,0.937966,0.937935
7.592,0.62316,0.847147,0.937966,0.937935
7.593,0.623159,0.847158,0.937966,0.937935
7.594,0.623157,0.847169,0.937966,0.937935
7.595,0.623155,0.84718,0.937966,0.937935
7.596,0.623153,0.847191,0.937966,0.937935
7.597,0.623151,0.847202,0.937966,0.937935
7.598,0.623149,0.847213,0.937966,0.937935
7.599,0.623147,0.847224,0.937966,0.937936
7.6,0.623145,0.847236,0.937966,0.937936
7.601,0.623143,0.847247,0.937966,0.937936
7.602,0.623142,0.847258,0.937966,0.937936
7.603,0.62314,0.847269,0.937967,0.937936
7.604,0.623138,0.84728,0.937967,0.937936
7.605,0.623136,0.847291,0.937967,0.937936
7.606,0.623134,0.847302,0.937967,0.937936
7.607,0.623132,0.847313,0.937967,0.937936
7.608,0.62313,0.847324,0.937967,0.937936
7.609,0.623128,0.847335,0.937967,0.937936
7.61,0.623127,0.847346,0.937967,0.937936
7.611,0.623125,0.847357,0.937967,0.937936
7.612,0.623123,0.847368,0.937967,0.937936
7.613,0.623121,0.847379,0.937967,0.937936
7.614,0.623119,0.84739,0.937967,0.937937
7.615,0.623117,0.847401,0.937967,0.937937
7.616,0.623115,0.847412,0.937967,0.937937
7.617,0.623114,0.847422,0.937967,0.937937
7.618,0.623112,0.847433,0.937967,0.937937
7.619,0.62311,0.847444,0.937967,0.937937
7.62,0.623108,0.847455,0.937967,0.937937
7.621,0.623106,0.847466,0.937967,0.937937
7.622,0.623104,0.847477,0.937967,0.937937
7.623,0.623103,0.847488,0.937967,0.937937
7.624,0.623101,0.847499,0.937967,0.937937
7.625,0.623099,0.84751,0.937967,0.937937
7.626,0.623097,0.847521,0.937967,0.937937
7.627,0.623095,0.847531,0.937967,0.937937
7.628,0.623093,0.847542,0.937967,0.937938
7.629,0.623091,0.847553,0.937967,0.937938
7.63,0.62309,0.847564,0.937968,0.937938
7.631,0.623088,0.847575,0.937968,0.937938
7.632,0.623086,0.847586,0.937968,0.937938
7.633,0.623084,0.847597,0.937968,0.937938
7.634,0.623082,0.847607,0.937968,0.937938
7.635,0.623081,0.847618,0.937968,0.937938
7.636,0.623079,0.847629,0.937968,0.937938
7.637,0.623077,0.84764,0.937968,0.937938
7.638,0.623075,0.847651,0.937968,0.937938
7.639,0.623073,0.847661,0.937968,0.937938
7.64,0.623071,0.847672,0.937968,0.937938
7.641,0.62307,0.847683,0.937968,0.937938
7.642,0.623068,0.847694,0.937968,0.937939
7.643,0.623066,0.847704,0.937968,0.937939
7.644,0.623064,0.847715,0.937968,0.937939
7.645,0.623062,0.847726,0.937968,0.937939
7.646,0.623061,0.847737,0.937968,0.937939
7.647,0.623059,0.847747,0.937968,0.937939
7.648,0.623057,0.847758,0.937968,0.937939
7.649,0.623055,0.847769,0.937968,0.937939
7.65,0.623053,0.84778,0.937968,0.937939
7.651,0.623052,0.84779,0.937968,0.937939
7.652,0.62305,0.847801,0.937968,0.937939
7.653,0.623048,0.847812,0.937968,0.937939
7.654,0.623046,0.847822,0.937968,0.937939
7.655,0.623044,0.847833,0.937968,0.937939
7.656,0.623043,0.847844,0.937968,0.937939
7.657,0.623041,0.847854,0.937968,0.93794
7.658,0.623039,0.847865,0.937969,0.93794
7.659,0.623037,0.847876,0.937969,0.93794
7.66,0.623035,0.847886,0.937969,0.93794
7.661,0.623034,0.847897,0.937969,0.93794
7.662,0.623032,0.847908,0.937969,0.93794
7.663,0.62303,0.847918,0.937969,0.93794
7.664,0.623028,0.847929,0.937969,0.93794
7.665,0.623026,0.847939,0.937969,0.93794
7.666,0.623025,0.84795,0.937969,0.93794
7.667,0.623023,0.847961,0.937969,0.93794
7.668,0.623021,0.847971,0.937969,0.93794
7.669,0.623019,0.847982,0.937969,0.93794
7.67,0.623018,0.847992,0.937969,0.93794
7.671,0.623016,0.848003,0.937969,0.93794
7.672,0.623014,0.848013,0.937969,0.937941
7.673,0.623012,0.848024,0.937969,0.937941
7.674,0.623011,0.848035,0.937969,0.937941
7.675,0.623009,0.848045,0.937969,0.937941
7.676,0.623007,0.848056,0.937969,0.937941
7.677,0.623005,0.848066,0.937969,0.937941
7.678,0.623003,0.848077,0.937969,0.937941
7.679,0.623002,0.848087,0.937969,0.937941
7.68,0.623,0.848098,0.937969,0.937941
7.681,0.622998,0.848108,0.937969,0.937941
7.682,0.622996,0.848119,0.937969,0.937941
7.683,0.622995,0.848129,0.937969,0.937941
7.684,0.622993,0.84814,0.937969,0.937941
7.685,0.622991,0.84815,0.937969,0.937941
7.686,0.622989,0.848161,0.937969,0.937941
7.687,0.622988,0.848171,0.93797,0.937942
7.688,0.622986,0.848181,0.93797,0.937942
7.689,0.622984,0.848192,0.93797,0.937942
7.69,0.622982,0.848202,0.93797,0.937942
7.691,0.622981,0.848213,0.93797,0.937942
7.692,0.622979,0.848223,0.93797,0.937942
7.693,0.622977,0.848234,0.93797,0.937942
7.694,0.622976,0.848244,0.93797,0.937942
7.695,0.622974,0.848254,0.93797,0.937942
7.696,0.622972,0.848265,0.93797,0.937942
7.697,0.62297,0.848275,0.93797,0.937942
7.698,0.622969,0.848286,0.93797,0.937942
7.699,0.622967,0.848296,0.93797,0.937942
7.7,0.622965,0.848306,0.93797,0.937942
7.701,0.622963,0.848317,0.93797,0.937942
7.702,0.622962,0.848327,0.93797,0.937942
7.703,0.62296,0.848337,0.93797,0.937943
7.704,0.622958,0.848348,0.93797,0.937943
7.705,0.622957,0.848358,0.93797,0.937943
7.706,0.622955,0.848368,0.93797,0.937943
7.707,0.622953,0.848379,0.93797,0.937943
7.708,0.622951,0.848389,0.93797,0.937943
7.709,0.62295,0.848399,0.93797,0.937943
7.71,0.622948,0.84841,0.93797,0.937943
7.711,0.622946,0.84842,0.93797,0.937943
7.712,0.622945,0.84843,0.93797,0.937943
7.713,0.622943,0.84844,0.93797,0.937943
7.714,0.622941,0.848451,0.93797,0.937943
7.715,0.622939,0.848461,0.93797,0.937943
7.716,0.622938,0.848471,0.93797,0.937943
7.717,0.622936,0.848482,0.937971,0.937943
7.718,0.622934,0.848492,0.937971,0.937943
7.719,0.622933,0.848502,0.937971,0.937944
7.72,0.622931,0.848512,0.937971,0.937944
7.721,0.622929,0.848522,0.937971,0.937944
7.722,0.622928,0.848533,0.937971,0.937944
7.723,0.622926,0.848543,0.937971,0.937944
7.724,0.622924,0.848553,0.937971,0.937944
7.725,0.622922,0.848563,0.937971,0.937944
7.726,0.622921,0.848574,0.937971,0.937944
7.727,0.622919,0.848584,0.937971,0.937944
7.728,0.622917,0.848594,0.937971,0.937944
7.729,0.622916,0.848604,0.937971,0.937944
7.73,0.622914,0.848614,0.937971,0.937944
7.731,0.622912,0.848624,0.937971,0.937944
7.732,0.622911,0.848635,0.937971,0.937944
7.733,0.622909,0.848645,0.937971,0.937944
7.734,0.622907,0.848655,0.937971,0.937944
7.735,0.622906,0.848665,0.937971,0.937945
7.736,0.622904,0.848675,0.937971,0.937945
7.737,0.622902,0.848685,0.937971,0.937945
7.738,0.622901,0.848695,0.937971,0.937945
7.739,0.622899,0.848705,0.937971,0.937945
7.74,0.622897,0.848716,0.937971,0.937945
7.741,0.622896,0.848726,0.937971,0.937945
7.742,0.622894,0.848736,0.937971,0.937945
7.743,0.622892,0.848746,0.937971,0.937945
7.744,0.622891,0.848756,0.937971,0.937945
7.745,0.622889,0.848766,0.937971,0.937945
7.746,0.622887,0.848776,0.937971,0.937945
7.747,0.622886,0.848786,0.937971,0.937945
7.748,0.622884,0.848796,0.937972,0.937945
7.749,0.622882,0.848806,0.937972,0.937945
7.75,0.622881,0.848816,0.937972,0.937945
7.751,0.622879,0.848826,0.937972,0.937946
7.752,0.622877,0.848836,0.937972,0.937946
7.753,0.622876,0.848846,0.937972,0.937946
7.754,0.622874,0.848856,0.937972,0.937946
7.755,0.622872,0.848866,0.937972,0.937946
7.756,0.622871,0.848876,0.937972,0.937946
7.757,0.622869,0.848886,0.937972,0.937946
7.758,0.622868,0.848896,0.937972,0.937946
7.759,0.622866,0.848906,0.937972,0.937946
7.76,0.622864,0.848916,0.937972,0.937946
7.761,0.622863,0.848926,0.937972,0.937946
7.762,0.622861,0.848936,0.937972,0.937946
7.763,0.622859,0.848946,0.937972,0.937946
7.764,0.622858,0.848956,0.937972,0.937946
7.765,0.622856,0.848966,0.937972,0.937946
7.766,0.622854,0.848976,0.937972,0.937946
7.767,0.622853,0.848986,0.937972,0.937946
7.768,0.622851,0.848996,0.937972,0.937947
7.769,0.62285,0.849006,0.937972,0.937947
7.77,0.622848,0.849016,0.937972,0.937947
7.771,0.622846,0.849025,0.937972,0.937947
7.772,0.622845,0.849035,0.937972,0.937947
7.773,0.622843,0.849045,0.937972,0.937947
7.774,0.622841,0.849055,0.937972,0.937947
7.775,0.62284,0.849065,0.937972,0.937947
7.776,0.622838,0.849075,0.937972,0.937947
7.777,0.622837,0.849085,0.937972,0.937947
7.778,0.622835,0.849095,0.937972,0.937947
7.779,0.622833,0.849104,0.937972,0.937947
7.78,0.622832,0.849114,0.937972,0.937947
7.781,0.62283,0.849124,0.937973,0.937947
7.782,0.622829,0.849134,0.937973,0.937947
7.783,0.622827,0.849144,0.937973,0.937947
7.784,0.622825,0.849154,0.937973,0.937947
7.785,0.622824,0.849163,0.937973,0.937948
7.786,0.622822,0.849173,0.937973,0.937948
7.787,0.622821,0.849183,0.937973,0.937948
7.788,0.622819,0.849193,0.937973,0.937948
7.789,0.622817,0.849202,0.937973,0.937948
7.79,0.622816,0.849212,0.937973,0.937948
7.791,0.622814,0.849222,0.937973,0.937948
7.792,0.622813,0.849232,0.937973,0.937948
7.793,0.622811,0.849242,0.937973,0.937948
7.794,0.622809,0.849251,0.937973,0.937948
7.795,0.622808,0.849261,0.937973,0.937948
7.796,0.622806,0.849271,0.937973,0.937948
7.797,0.622805,0.84928,0.937973,0.937948
7.798,0.622803,0.84929,0.937973,0.937948
7.799,0.622801,0.8493,0.937973,0.937948
7.8,0.6228,0.84931,0.937973,0.937948
7.801,0.622798,0.849319,0.937973,0.937948
7.802,0.622797,0.849329,0.937973,0.937949
7.803,0.622795,0.849339,0.937973,0.937949
7.804,0.622794,0.849348,0.937973,0.937949
7.805,0.622792,0.849358,0.937973,0.937949
7.806,0.62279,0.849368,0.937973,0.937949
7.807,0.622789,0.849377,0.937973,0.937949
7.808,0.622787,0.849387,0.937973,0.937949
7.809,0.622786,0.849397,0.937973,0.937949
7.81,0.622784,0.849406,0.937973,0.937949
7.811,0.622783,0.849416,0.937973,0.937949
7.812,0.622781,0.849426,0.937973,0.937949
7.813,0.622779,0.849435,0.937973,0.937949
7.814,0.622778,0.849445,0.937974,0.937949
7.815,0.622776,0.849454,0.937974,0.937949
7.816,0.622775,0.849464,0.937974,0.937949
7.817,0.622773,0.849474,0.937974,0.937949
7.818,0.622772,0.849483,0.937974,0.937949
7.819,0.62277,0.849493,0.937974,0.937949
7.82,0.622768,0.849502,0.937974,0.93795
7.821,0.622767,0.849512,0.937974,0.93795
7.822,0.622765,0.849522,0.937974,0.93795
7.823,0.622764,0.849531,0.937974,0.93795
7.824,0.622762,0.849541,0.937974,0.93795
7.825,0.622761,0.84955,0.937974,0.93795
7.826,0.622759,0.84956,0.937974,0.93795
7.827,0.622758,0.849569,0.937974,0.93795
7.828,0.622756,0.849579,0.937974,0.93795
7.829,0.622755,0.849588,0.937974,0.93795
7.83,0.622753,0.849598,0.937974,0.93795
7.831,0.622751,0.849607,0.937974,0.93795
7.832,0.62275,0.849617,0.937974,0.93795
7.833,0.622748,0.849626,0.937974,0.93795
7.834,0.622747,0.849636,0.937974,0.93795
7.835,0.622745,0.849645,0.937974,0.93795
7.836,0.622744,0.849655,0.937974,0.93795
7.837,0.622742,0.849664,0.937974,0.93795
7.838,0.622741,0.849674,0.937974,0.937951
7.839,0.622739,0.849683,0.937974,0.937951
7.84,0.622738,0.849693,0.937974,0.937951
7.841,0.622736,0.849702,0.937974,0.937951
7.842,0.622735,0.849712,0.937974,0.937951
7.843,0.622733,0.849721,0.937974,0.937951
7.844,0.622731,0.84973,0.937974,0.937951
7.845,0.62273,0.84974,0.937974,0.937951
7.846,0.622728,0.849749,0.937974,0.937951
7.847,0.622727,0.849759,0.937974,0.937951
7.848,0.622725,0.849768,0.937974,0.937951
7.849,0.622724,0.849778,0.937975,0.937951
7.85,0.622722,0.849787,0.937975,0.937951
7.851,0.622721,0.849796,0.937975,0.937951
7.852,0.622719,0.849806,0.937975,0.937951
7.853,0.622718,0.849815,0.937975,0.937951
7.854,0.622716,0.849824,0.937975,0.937951
7.855,0.622715,0.849834,0.937975,0.937951
7.856,0.622713,0.849843,0.937975,0.937952
7.857,0.622712,0.849852,0.937975,0.937952
7.858,0.62271,0.849862,0.937975,0.937952
7.859,0.622709,0.849871,0.937975,0.937952
7.86,0.622707,0.84988,0.937975,0.937952
7.861,0.622706,0.84989,0.937975,0.937952
7.862,0.622704,0.849899,0.937975,0.937952
7.863,0.622703,0.849908,0.937975,0.937952
7.864,0.622701,0.849918,0.937975,0.937952
7.865,0.6227,0.849927,0.937975,0.937952
7.866,0.622698,0.849936,0.937975,0.937952
7.867,0.622697,0.849946,0.937975,0.937952
7.868,0.622695,0.849955,0.937975,0.937952
7.869,0.622694,0.849964,0.937975,0.937952
7.87,0.622692,0.849973,0.937975,0.937952
7.871,0.622691,0.849983,0.937975,0.937952
7.872,0.622689,0.849992,0.937975,0.937952
7.873,0.622688,0.850001,0.937975,0.937952
7.874,0.622686,0.85001,0.937975,0.937952
7.875,0.622685,0.85002,0.937975,0.937953
7.876,0.622683,0.850029,0.937975,0.937953
7.877,0.622682,0.850038,0.937975,0.937953
7.878,0.62268,0.850047,0.937975,0.937953
7.879,0.622679,0.850057,0.937975,0.937953
7.88,0.622677,0.850066,0.937975,0.937953
7.881,0.622676,0.850075,0.937975,0.937953
7.882,0.622675,0.850084,0.937975,0.937953
7.883,0.622673,0.850093,0.937975,0.937953
7.884,0.622672,0.850102,0.937975,0.937953
7.885,0.62267,0.850112,0.937976,0.937953
7.886,0.622669,0.850121,0.937976,0.937953
7.887,0.622667,0.85013,0.937976,0.937953
7.888,0.622666,0.850139,0.937976,0.937953
7.889,0.622664,0.850148,0.937976,0.937953
7.89,0.622663,0.850157,0.937976,0.937953
7.891,0.622661,0.850167,0.937976,0.937953
7.892,0.62266,0.850176,0.937976,0.937953
7.893,0.622658,0.850185,0.937976,0.937953
7.894,0.622657,0.850194,0.937976,0.937954
7.895,0.622655,0.850203,0.937976,0.937954
7.896,0.622654,0.850212,0.937976,0.937954
7.897,0.622653,0.850221,0.937976,0.937954
7.898,0.622651,0.85023,0.937976,0.937954
7.899,0.62265,0.850239,0.937976,0.937954
7.9,0.622648,0.850248,0.937976,0.937954
7.901,0.622647,0.850258,0.937976,0.937954
7.902,0.622645,0.850267,0.937976,0.937954
7.903,0.622644,0.850276,0.937976,0.937954
7.904,0.622642,0.850285,0.937976,0.937954
7.905,0.622641,0.850294,0.937976,0.937954
7.906,0.622639,0.850303,0.937976,0.937954
7.907,0.622638,0.850312,0.937976,0.937954
7.908,0.622637,0.850321,0.937976,0.937954
7.909,0.622635,0.85033,0.937976,0.937954
7.91,0.622634,0.850339,0.937976,0.937954
7.911,0.622632,0.850348,0.937976,0.937954
7.912,0.622631,0.850357,0.937976,0.937954
7.913,0.622629,0.850366,0.937976,0.937954
7.914,0.622628,0.850375,0.937976,0.937955
7.915,0.622627,0.850384,0.937976,0.937955
7.916,0.622625,0.850393,0.937976,0.937955
7.917,0.622624,0.850402,0.937976,0.937955
7.918,0.622622,0.850411,0.937976,0.937955
7.919,0.622621,0.85042,0.937976,0.937955
7.92,0.622619,0.850429,0.937976,0.937955
7.921,0.622618,0.850438,0.937976,0.937955
7.922,0.622617,0.850447,0.937977,0.937955
7.923,0.622615,0.850456,0.937977,0.937955
7.924,0.622614,0.850465,0.937977,0.937955
7.925,0.622612,0.850473,0.937977,0.937955
7.926,0.622611,0.850482,0.937977,0.937955
7.927,0.622609,0.850491,0.937977,0.937955
7.928,0.622608,0.8505,0.937977,0.937955
7.929,0.622607,0.850509,0.937977,0.937955
7.93,0.622605,0.850518,0.937977,0.937955
7.931,0.622604,0.850527,0.937977,0.937955
7.932,0.622602,0.850536,0.937977,0.937955
7.933,0.622601,0.850545,0.937977,0.937955
7.934,0.6226,0.850554,0.937977,0.937956
7.935,0.622598,0.850562,0.937977,0.937956
7.936,0.622597,0.850571,0.937977,0.937956
7.937,0.622595,0.85058,0.937977,0.937956
7.938,0.622594,0.850589,0.937977,0.937956
7.939,0.622592,0.850598,0.937977,0.937956
7.94,0.622591,0.850607,0.937977,0.937956
7.941,0.62259,0.850615,0.937977,0.937956
7.942,0.622588,0.850624,0.937977,0.937956
7.943,0.622587,0.850633,0.937977,0.937956
7.944,0.622585,0.850642,0.937977,0.937956
7.945,0.622584,0.850651,0.937977,0.937956
7.946,0.622583,0.85066,0.937977,0.937956
7.947,0.622581,0.850668,0.937977,0.937956
7.948,0.62258,0.850677,0.937977,0.937956
7.949,0.622579,0.850686,0.937977,0.937956
7.95,0.622577,0.850695,0.937977,0.937956
7.951,0.622576,0.850703,0.937977,0.937956
7.952,0.622574,0.850712,0.937977,0.937956
7.953,0.622573,0.850721,0.937977,0.937956
7.954,0.622572,0.85073,0.937977,0.937957
7.955,0.62257,0.850738,0.937977,0.937957
7.956,0.622569,0.850747,0.937977,0.937957
7.957,0.622567,0.850756,0.937977,0.937957
7.958,0.622566,0.850765,0.937977,0.937957
7.959,0.622565,0.850773,0.937977,0.937957
7.96,0.622563,0.850782,0.937977,0.937957
7.961,0.622562,0.850791,0.937978,0.937957
7.962,0.622561,0.8508,0.937978,0.937957
7.963,0.622559,0.850808,0.937978,0.937957
7.964,0.622558,0.850817,0.937978,0.937957
7.965,0.622556,0.850826,0.937978,0.937957
7.966,0.622555,0.850834,0.937978,0.937957
7.967,0.622554,0.850843,0.937978,0.937957
7.968,0.622552,0.850852,0.937978,0.937957
7.969,0.622551,0.85086,0.937978,0.937957
7.97,0.62255,0.850869,0.937978,0.937957
7.971,0.622548,0.850878,0.937978,0.937957
7.972,0.622547,0.850886,0.937978,0.937957
7.973,0.622545,0.850895,0.937978,0.937957
7.974,0.622544,0.850904,0.937978,0.937957
7.975,0.622543,0.850912,0.937978,0.937958
7.976,0.622541,0.850921,0.937978,0.937958
7.977,0.62254,0.850929,0.937978,0.937958
7.978,0.622539,0.850938,0.937978,0.937958
7.979,0.622537,0.850947,0.937978,0.937958
7.98,0.622536,0.850955,0.937978,0.937958
7.981,0.622535,0.850964,0.937978,0.937958
7.982,0.622533,0.850972,0.937978,0.937958
7.983,0.622532,0.850981,0.937978,0.937958
7.984,0.622531,0.85099,0.937978,0.937958
7.985,0.622529,0.850998,0.937978,0.937958
7.986,0.622528,0.851007,0.937978,0.937958
7.987,0.622526,0.851015,0.937978,0.937958
7.988,0.622525,0.851024,0.937978,0.937958
7.989,0.622524,0.851032,0.937978,0.937958
7.99,0.622522,0.851041,0.937978,0.937958
7.991,0.622521,0.851049,0.937978,0.937958
7.992,0.62252,0.851058,0.937978,0.937958
7.993,0.622518,0.851066,0.937978,0.937958
7.994,0.622517,0.851075,0.937978,0.937958
7.995,0.622516,0.851083,0.937978,0.937958
7.996,0.622514,0.851092,0.937978,0.937959
7.997,0.622513,0.8511,0.937978,0.937959
7.998,0.622512,0.851109,0.937978,0.937959
7.999,0.62251,0.851117,0.937978,0.937959
8,0.622509,0.851126,0.937978,0.937959
8.001,0.622508,0.851134,0.937978,0.937959
8.002,0.622506,0.851143,0.937979,0.937959
8.003,0.622505,0.851151,0.937979,0.937959
8.004,0.622504,0.85116,0.937979,0.937959
8.005,0.622502,0.851168,0.937979,0.937959
8.006,0.622501,0.851177,0.937979,0.937959
8.007,0.6225,0.851185,0.937979,0.937959
8.008,0.622498,0.851194,0.937979,0.937959
8.009,0.622497,0.851202,0.937979,0.937959
8.01,0.622496,0.85121,0.937979,0.937959
8.011,0.622495,0.851219,0.937979,0.937959
8.012,0.622493,0.851227,0.937979,0.937959
8.013,0.622492,0.851236,0.937979,0.937959
8.014,0.622491,0.851244,0.937979,0.937959
8.015,0.622489,0.851252,0.937979,0.937959
8.016,0.622488,0.851261,0.937979,0.937959
8.017,0.622487,0.851269,0.937979,0.937959
8.018,0.622485,0.851278,0.937979,0.93796
8.019,0.622484,0.851286,0.937979,0.93796
8.02,0.622483,0.851294,0.937979,0.93796
8.021,0.622481,0.851303,0.937979,0.93796
8.022,0.62248,0.851311,0.937979,0.93796
8.023,0.622479,0.851319,0.937979,0.93796
8.024,0.622477,0.851328,0.937979,0.93796
8.025,0.622476,0.851336,0.937979,0.93796
8.026,0.622475,0.851344,0.937979,0.93796
8.027,0.622474,0.851353,0.937979,0.93796
8.028,0.622472,0.851361,0.937979,0.93796
8.029,0.622471,0.851369,0.937979,0.93796
8.03,0.62247,0.851378,0.937979,0.93796
8.031,0.622468,0.851386,0.937979,0.93796
8.032,0.622467,0.851394,0.937979,0.93796
8.033,0.622466,0.851403,0.937979,0.93796
8.034,0.622464,0.851411,0.937979,0.93796
8.035,0.622463,0.851419,0.937979,0.93796
8.036,0.622462,0.851427,0.937979,0.93796
8.037,0.622461,0.851436,0.937979,0.93796
8.038,0.622459,0.851444,0.937979,0.93796
8.039,0.622458,0.851452,0.937979,0.93796
8.04,0.622457,0.85146,0.937979,0.93796
8.041,0.622455,0.851469,0.937979,0.937961
8.042,0.622454,0.851477,0.937979,0.937961
8.043,0.622453,0.851485,0.937979,0.937961
8.044,0.622452,0.851493,0.937979,0.937961
8.045,0.62245,0.851502,0.93798,0.937961
8.046,0.622449,0.85151,0.93798,0.937961
8.047,0.622448,0.851518,0.93798,0.937961
8.048,0.622446,0.851526,0.93798,0.937961
8.049,0.622445,0.851534,0.93798,0.937961
8.05,0.622444,0.851543,0.93798,0.937961
8.051,0.622443,0.851551,0.93798,0.937961
8.052,0.622441,0.851559,0.93798,0.937961
8.053,0.62244,0.851567,0.93798,0.937961
8.054,0.622439,0.851575,0.93798,0.937961
8.055,0.622438,0.851583,0.93798,0.937961
8.056,0.622436,0.851592,0.93798,0.937961
8.057,0.622435,0.8516,0.93798,0.937961
8.058,0.622434,0.851608,0.93798,0.937961
8.059,0.622433,0.851616,0.93798,0.937961
8.06,0.622431,0.851624,0.93798,0.937961
8.061,0.62243,0.851632,0.93798,0.937961
8.062,0.622429,0.85164,0.93798,0.937961
8.063,0.622427,0.851649,0.93798,0.937961
8.064,0.622426,0.851657,0.93798,0.937962
8.065,0.622425,0.851665,0.93798,0.937962
8.066,0.622424,0.851673,0.93798,0.937962
8.067,0.622422,0.851681,0.93798,0.937962
8.068,0.622421,0.851689,0.93798,0.937962
8.069,0.62242,0.851697,0.93798,0.937962
8.07,0.622419,0.851705,0.93798,0.937962
8.071,0.622417,0.851713,0.93798,0.937962
8.072,0.622416,0.851721,0.93798,0.937962
8.073,0.622415,0.851729,0.93798,0.937962
8.074,0.622414,0.851737,0.93798,0.937962
8.075,0.622412,0.851746,0.93798,0.937962
8.076,0.622411,0.851754,0.93798,0.937962
8.077,0.62241,0.851762,0.93798,0.937962
8.078,0.622409,0.85177,0.93798,0.937962
8.079,0.622407,0.851778,0.93798,0.937962
8.08,0.622406,0.851786,0.93798,0.937962
8.081,0.622405,0.851794,0.93798,0.937962
8.082,0.622404,0.851802,0.93798,0.937962
8.083,0.622402,0.85181,0.93798,0.937962
8.084,0.622401,0.851818,0.93798,0.937962
8.085,0.6224,0.851826,0.93798,0.937962
8.086,0.622399,0.851834,0.93798,0.937962
8.087,0.622398,0.851842,0.93798,0.937962
8.088,0.622396,0.85185,0.93798,0.937963
8.089,0.622395,0.851858,0.93798,0.937963
8.09,0.622394,0.851866,0.937981,0.937963
8.091,0.622393,0.851874,0.937981,0.937963
8.092,0.622391,0.851882,0.937981,0.937963
8.093,0.62239,0.85189,0.937981,0.937963
8.094,0.622389,0.851897,0.937981,0.937963
8.095,0.622388,0.851905,0.937981,0.937963
8.096,0.622386,0.851913,0.937981,0.937963
8.097,0.622385,0.851921,0.937981,0.937963
8.098,0.622384,0.851929,0.937981,0.937963
8.099,0.622383,0.851937,0.937981,0.937963
8.1,0.622382,0.851945,0.937981,0.937963
8.101,0.62238,0.851953,0.937981,0.937963
8.102,0.622379,0.851961,0.937981,0.937963
8.103,0.622378,0.851969,0.937981,0.937963
8.104,0.622377,0.851977,0.937981,0.937963
8.105,0.622375,0.851985,0.937981,0.937963
8.106,0.622374,0.851992,0.937981,0.937963
8.107,0.622373,0.852,0.937981,0.937963
8.108,0.622372,0.852008,0.937981,0.937963
8.109,0.622371,0.852016,0.937981,0.937963
8.11,0.622369,0.852024,0.937981,0.937963
8.111,0.622368,0.852032,0.937981,0.937963
8.112,0.622367,0.85204,0.937981,0.937964
8.113,0.622366,0.852047,0.937981,0.937964
8.114,0.622365,0.852055,0.937981,0.937964
8.115,0.622363,0.852063,0.937981,0.937964
8.116,0.622362,0.852071,0.937981,0.937964
8.117,0.622361,0.852079,0.937981,0.937964
8.118,0.62236,0.852087,0.937981,0.937964
8.119,0.622359,0.852094,0.937981,0.937964
8.12,0.622357,0.852102,0.937981,0.937964
8.121,0.622356,0.85211,0.937981,0.937964
8.122,0.622355,0.852118,0.937981,0.937964
8.123,0.622354,0.852125,0.937981,0.937964
8.124,0.622353,0.852133,0.937981,0.937964
8.125,0.622351,0.852141,0.937981,0.937964
8.126,0.62235,0.852149,0.937981,0.937964
8.127,0.622349,0.852157,0.937981,0.937964
8.128,0.622348,0.852164,0.937981,0.937964
8.129,0.622347,0.852172,0.937981,0.937964
8.13,0.622345,0.85218,0.937981,0.937964
8.131,0.622344,0.852188,0.937981,0.937964
8.132,0.622343,0.852195,0.937981,0.937964
8.133,0.622342,0.852203,0.937981,0.937964
8.134,0.622341,0.852211,0.937981,0.937964
8.135,0.622339,0.852219,0.937981,0.937964
8.136,0.622338,0.852226,0.937981,0.937964
8.137,0.622337,0.852234,0.937982,0.937965
8.138,0.622336,0.852242,0.937982,0.937965
8.139,0.622335,0.852249,0.937982,0.937965
8.14,0.622334,0.852257,0.937982,0.937965
8.141,0.622332,0.852265,0.937982,0.937965
8.142,0.622331,0.852272,0.937982,0.937965
8.143,0.62233,0.85228,0.937982,0.937965
8.144,0.622329,0.852288,0.937982,0.937965
8.145,0.622328,0.852295,0.937982,0.937965
8.146,0.622326,0.852303,0.937982,0.937965
8.147,0.622325,0.852311,0.937982,0.937965
8.148,0.622324,0.852318,0.937982,0.937965
8.149,0.622323,0.852326,0.937982,0.937965
8.15,0.622322,0.852334,0.937982,0.937965
8.151,0.622321,0.852341,0.937982,0.937965
8.152,0.622319,0.852349,0.937982,0.937965
8.153,0.622318,0.852357,0.937982,0.937965
8.154,0.622317,0.852364,0.937982,0.937965
8.155,0.622316,0.852372,0.937982,0.937965
8.156,0.622315,0.852379,0.937982,0.937965
8.157,0.622314,0.852387,0.937982,0.937965
8.158,0.622312,0.852395,0.937982,0.937965
8.159,0.622311,0.852402,0.937982,0.937965
8.16,0.62231,0.85241,0.937982,0.937965
8.161,0.622309,0.852417,0.937982,0.937965
8.162,0.622308,0.852425,0.937982,0.937965
8.163,0.622307,0.852433,0.937982,0.937966
8.164,0.622306,0.85244,0.937982,0.937966
8.165,0.622304,0.852448,0.937982,0.937966
8.166,0.622303,0.852455,0.937982,0.937966
8.167,0.622302,0.852463,0.937982,0.937966
8.168,0.622301,0.85247,0.937982,0.937966
8.169,0.6223,0.852478,0.937982,0.937966
8.17,0.622299,0.852485,0.937982,0.937966
8.171,0.622297,0.852493,0.937982,0.937966
8.172,0.622296,0.8525,0.937982,0.937966
8.173,0.622295,0.852508,0.937982,0.937966
8.174,0.622294,0.852515,0.937982,0.937966
8.175,0.622293,0.852523,0.937982,0.937966
8.176,0.622292,0.85253,0.937982,0.937966
8.177,0.622291,0.852538,0.937982,0.937966
8.178,0.622289,0.852545,0.937982,0.937966
8.179,0.622288,0.852553,0.937982,0.937966
8.18,0.622287,0.85256,0.937982,0.937966
8.181,0.622286,0.852568,0.937982,0.937966
8.182,0.622285,0.852575,0.937982,0.937966
8.183,0.622284,0.852583,0.937982,0.937966
8.184,0.622283,0.85259,0.937982,0.937966
8.185,0.622282,0.852598,0.937982,0.937966
8.186,0.62228,0.852605,0.937982,0.937966
8.187,0.622279,0.852613,0.937983,0.937966
8.188,0.622278,0.85262,0.937983,0.937966
8.189,0.622277,0.852627,0.937983,0.937967
8.19,0.622276,0.852635,0.937983,0.937967
8.191,0.622275,0.852642,0.937983,0.937967
8.192,0.622274,0.85265,0.937983,0.937967
8.193,0.622272,0.852657,0.937983,0.937967
8.194,0.622271,0.852665,0.937983,0.937967
8.195,0.62227,0.852672,0.937983,0.937967
8.196,0.622269,0.852679,0.937983,0.937967
8.197,0.622268,0.852687,0.937983,0.937967
8.198,0.622267,0.852694,0.937983,0.937967
8.199,0.622266,0.852702,0.937983,0.937967
8.2,0.622265,0.852709,0.937983,0.937967
8.201,0.622263,0.852716,0.937983,0.937967
8.202,0.622262,0.852724,0.937983,0.937967
8.203,0.622261,0.852731,0.937983,0.937967
8.204,0.62226,0.852738,0.937983,0.937967
8.205,0.622259,0.852746,0.937983,0.937967
8.206,0.622258,0.852753,0.937983,0.937967
8.207,0.622257,0.85276,0.937983,0.937967
8.208,0.622256,0.852768,0.937983,0.937967
8.209,0.622255,0.852775,0.937983,0.937967
8.21,0.622253,0.852782,0.937983,0.937967
8.211,0.622252,0.85279,0.937983,0.937967
8.212,0.622251,0.852797,0.937983,0.937967
8.213,0.62225,0.852804,0.937983,0.937967
8.214,0.622249,0.852812,0.937983,0.937967
8.215,0.622248,0.852819,0.937983,0.937967
8.216,0.622247,0.852826,0.937983,0.937968
8.217,0.622246,0.852833,0.937983,0.937968
8.218,0.622245,0.852841,0.937983,0.937968
8.219,0.622244,0.852848,0.937983,0.937968
8.22,0.622242,0.852855,0.937983,0.937968
8.221,0.622241,0.852863,0.937983,0.937968
8.222,0.62224,0.85287,0.937983,0.937968
8.223,0.622239,0.852877,0.937983,0.937968
8.224,0.622238,0.852884,0.937983,0.937968
8.225,0.622237,0.852892,0.937983,0.937968
8.226,0.622236,0.852899,0.937983,0.937968
8.227,0.622235,0.852906,0.937983,0.937968
8.228,0.622234,0.852913,0.937983,0.937968
8.229,0.622233,0.852921,0.937983,0.937968
8.23,0.622231,0.852928,0.937983,0.937968
8.231,0.62223,0.852935,0.937983,0.937968
8.232,0.622229,0.852942,0.937983,0.937968
8.233,0.622228,0.852949,0.937983,0.937968
8.234,0.622227,0.852957,0.937983,0.937968
8.235,0.622226,0.852964,0.937983,0.937968
8.236,0.622225,0.852971,0.937983,0.937968
8.237,0.622224,0.852978,0.937983,0.937968
8.238,0.622223,0.852985,0.937983,0.937968
8.239,0.622222,0.852992,0.937983,0.937968
8.24,0.622221,0.853,0.937984,0.937968
8.241,0.62222,0.853007,0.937984,0.937968
8.242,0.622218,0.853014,0.937984,0.937968
8.243,0.622217,0.853021,0.937984,0.937968
8.244,0.622216,0.853028,0.937984,0.937969
8.245,0.622215,0.853035,0.937984,0.937969
8.246,0.622214,0.853043,0.937984,0.937969
8.247,0.622213,0.85305,0.937984,0.937969
8.248,0.622212,0.853057,0.937984,0.937969
8.249,0.622211,0.853064,0.937984,0.937969
8.25,0.62221,0.853071,0.937984,0.937969
8.251,0.622209,0.853078,0.937984,0.937969
8.252,0.622208,0.853085,0.937984,0.937969
8.253,0.622207,0.853092,0.937984,0.937969
8.254,0.622206,0.853099,0.937984,0.937969
8.255,0.622205,0.853107,0.937984,0.937969
8.256,0.622203,0.853114,0.937984,0.937969
8.257,0.622202,0.853121,0.937984,0.937969
8.258,0.622201,0.853128,0.937984,0.937969
8.259,0.6222,0.853135,0.937984,0.937969
8.26,0.622199,0.853142,0.937984,0.937969
8.261,0.622198,0.853149,0.937984,0.937969
8.262,0.622197,0.853156,0.937984,0.937969
8.263,0.622196,0.853163,0.937984,0.937969
8.264,0.622195,0.85317,0.937984,0.937969
8.265,0.622194,0.853177,0.937984,0.937969
8.266,0.622193,0.853184,0.937984,0.937969
8.267,0.622192,0.853191,0.937984,0.937969
8.268,0.622191,0.853198,0.937984,0.937969
8.269,0.62219,0.853205,0.937984,0.937969
8.27,0.622189,0.853212,0.937984,0.937969
8.271,0.622188,0.853219,0.937984,0.937969
8.272,0.622186,0.853226,0.937984,0.937969
8.273,0.622185,0.853233,0.937984,0.937969
8.274,0.622184,0.85324,0.937984,0.93797
8.275,0.622183,0.853247,0.937984,0.93797
8.276,0.622182,0.853254,0.937984,0.93797
8.277,0.622181,0.853261,0.937984,0.93797
8.278,0.62218,0.853268,0.937984,0.93797
8.279,0.622179,0.853275,0.937984,0.93797
8.28,0.622178,0.853282,0.937984,0.93797
8.281,0.622177,0.853289,0.937984,0.93797
8.282,0.622176,0.853296,0.937984,0.93797
8.283,0.622175,0.853303,0.937984,0.93797
8.284,0.622174,0.85331,0.937984,0.93797
8.285,0.622173,0.853317,0.937984,0.93797
8.286,0.622172,0.853324,0.937984,0.93797
8.287,0.622171,0.853331,0.937984,0.93797
8.288,0.62217,0.853338,0.937984,0.93797
8.289,0.622169,0.853345,0.937984,0.93797
8.29,0.622168,0.853352,0.937984,0.93797
8.291,0.622167,0.853359,0.937984,0.93797
8.292,0.622166,0.853365,0.937984,0.93797
8.293,0.622165,0.853372,0.937984,0.93797
8.294,0.622164,0.853379,0.937984,0.93797
8.295,0.622163,0.853386,0.937984,0.93797
8.296,0.622162,0.853393,0.937984,0.93797
8.297,0.622161,0.8534,0.937985,0.93797
8.298,0.622159,0.853407,0.937985,0.93797
8.299,0.622158,0.853414,0.937985,0.93797
8.3,0.622157,0.853421,0.937985,0.93797
8.301,0.622156,0.853427,0.937985,0.93797
8.302,0.622155,0.853434,0.937985,0.93797
8.303,0.622154,0.853441,0.937985,0.93797
8.304,0.622153,0.853448,0.937985,0.937971
8.305,0.622152,0.853455,0.937985,0.937971
8.306,0.622151,0.853462,0.937985,0.937971
8.307,0.62215,0.853468,0.937985,0.937971
8.308,0.622149,0.853475,0.937985,0.937971
8.309,0.622148,0.853482,0.937985,0.937971
8.31,0.622147,0.853489,0.937985,0.937971
8.311,0.622146,0.853496,0.937985,0.937971
8.312,0.622145,0.853503,0.937985,0.937971
8.313,0.622144,0.853509,0.937985,0.937971
8.314,0.622143,0.853516,0.937985,0.937971
8.315,0.622142,0.853523,0.937985,0.937971
8.316,0.622141,0.85353,0.937985,0.937971
8.317,0.62214,0.853537,0.937985,0.937971
8.318,0.622139,0.853543,0.937985,0.937971
8.319,0.622138,0.85355,0.937985,0.937971
8.32,0.622137,0.853557,0.937985,0.937971
8.321,0.622136,0.853564,0.937985,0.937971
8.322,0.622135,0.85357,0.937985,0.937971
8.323,0.622134,0.853577,0.937985,0.937971
8.324,0.622133,0.853584,0.937985,0.937971
8.325,0.622132,0.853591,0.937985,0.937971
8.326,0.622131,0.853597,0.937985,0.937971
8.327,0.62213,0.853604,0.937985,0.937971
8.328,0.622129,0.853611,0.937985,0.937971
8.329,0.622128,0.853618,0.937985,0.937971
8.33,0.622127,0.853624,0.937985,0.937971
8.331,0.622126,0.853631,0.937985,0.937971
8.332,0.622125,0.853638,0.937985,0.937971
8.333,0.622124,0.853644,0.937985,0.937971
8.334,0.622123,0.853651,0.937985,0.937971
8.335,0.622122,0.853658,0.937985,0.937972
8.336,0.622121,0.853664,0.937985,0.937972
8.337,0.62212,0.853671,0.937985,0.937972
8.338,0.622119,0.853678,0.937985,0.937972
8.339,0.622118,0.853685,0.937985,0.937972
8.34,0.622117,0.853691,0.937985,0.937972
8.341,0.622116,0.853698,0.937985,0.937972
8.342,0.622115,0.853705,0.937985,0.937972
8.343,0.622114,0.853711,0.937985,0.937972
8.344,0.622113,0.853718,0.937985,0.937972
8.345,0.622112,0.853724,0.937985,0.937972
8.346,0.622111,0.853731,0.937985,0.937972
8.347,0.62211,0.853738,0.937985,0.937972
8.348,0.622109,0.853744,0.937985,0.937972
8.349,0.622108,0.853751,0.937985,0.937972
8.35,0.622107,0.853758,0.937985,0.937972
8.351,0.622106,0.853764,0.937985,0.937972
8.352,0.622105,0.853771,0.937985,0.937972
8.353,0.622104,0.853778,0.937985,0.937972
8.354,0.622103,0.853784,0.937985,0.937972
8.355,0.622102,0.853791,0.937985,0.937972
8.356,0.622101,0.853797,0.937985,0.937972
8.357,0.6221,0.853804,0.937986,0.937972
8.358,0.622099,0.85381,0.937986,0.937972
8.359,0.622098,0.853817,0.937986,0.937972
8.36,0.622097,0.853824,0.937986,0.937972
8.361,0.622096,0.85383,0.937986,0.937972
8.362,0.622096,0.853837,0.937986,0.937972
8.363,0.622095,0.853843,0.937986,0.937972
8.364,0.622094,0.85385,0.937986,0.937972
8.365,0.622093,0.853856,0.937986,0.937972
8.366,0.622092,0.853863,0.937986,0.937972
8.367,0.622091,0.85387,0.937986,0.937973
8.368,0.62209,0.853876,0.937986,0.937973
8.369,0.622089,0.853883,0.937986,0.937973
8.37,0.622088,0.853889,0.937986,0.937973
8.371,0.622087,0.853896,0.937986,0.937973
8.372,0.622086,0.853902,0.937986,0.937973
8.373,0.622085,0.853909,0.937986,0.937973
8.374,0.622084,0.853915,0.937986,0.937973
8.375,0.622083,0.853922,0.937986,0.937973
8.376,0.622082,0.853928,0.937986,0.937973
8.377,0.622081,0.853935,0.937986,0.937973
8.378,0.62208,0.853941,0.937986,0.937973
8.379,0.622079,0.853948,0.937986,0.937973
8.38,0.622078,0.853954,0.937986,0.937973
8.381,0.622077,0.853961,0.937986,0.937973
8.382,0.622076,0.853967,0.937986,0.937973
8.383,0.622075,0.853974,0.937986,0.937973
8.384,0.622074,0.85398,0.937986,0.937973
8.385,0.622073,0.853987,0.937986,0.937973
8.386,0.622072,0.853993,0.937986,0.937973
8.387,0.622071,0.853999,0.937986,0.937973
8.388,0.622071,0.854006,0.937986,0.937973
8.389,0.62207,0.854012,0.937986,0.937973
8.39,0.622069,0.854019,0.937986,0.937973
8.391,0.622068,0.854025,0.937986,0.937973
8.392,0.622067,0.854032,0.937986,0.937973
8.393,0.622066,0.854038,0.937986,0.937973
8.394,0.622065,0.854044,0.937986,0.937973
8.395,0.622064,0.854051,0.937986,0.937973
8.396,0.622063,0.854057,0.937986,0.937973
8.397,0.622062,0.854064,0.937986,0.937973
8.398,0.622061,0.85407,0.937986,0.937973
8.399,0.62206,0.854076,0.937986,0.937973
8.4,0.622059,0.854083,0.937986,0.937974
8.401,0.622058,0.854089,0.937986,0.937974
8.402,0.622057,0.854096,0.937986,0.937974
8.403,0.622056,0.854102,0.937986,0.937974
8.404,0.622055,0.854108,0.937986,0.937974
8.405,0.622054,0.854115,0.937986,0.937974
8.406,0.622054,0.854121,0.937986,0.937974
8.407,0.622053,0.854127,0.937986,0.937974
8.408,0.622052,0.854134,0.937986,0.937974
8.409,0.622051,0.85414,0.937986,0.937974
8.41,0.62205,0.854147,0.937986,0.937974
8.411,0.622049,0.854153,0.937986,0.937974
8.412,0.622048,0.854159,0.937986,0.937974
8.413,0.622047,0.854166,0.937986,0.937974
8.414,0.622046,0.854172,0.937986,0.937974
8.415,0.622045,0.854178,0.937986,0.937974
8.416,0.622044,0.854184,0.937986,0.937974
8.417,0.622043,0.854191,0.937986,0.937974
8.418,0.622042,0.854197,0.937986,0.937974
8.419,0.622041,0.854203,0.937986,0.937974
8.42,0.622041,0.85421,0.937986,0.937974
8.421,0.62204,0.854216,0.937987,0.937974
8.422,0.622039,0.854222,0.937987,0.937974
8.423,0.622038,0.854229,0.937987,0.937974
8.424,0.622037,0.854235,0.937987,0.937974
8.425,0.622036,0.854241,0.937987,0.937974
8.426,0.622035,0.854247,0.937987,0.937974
8.427,0.622034,0.854254,0.937987,0.937974
8.428,0.622033,0.85426,0.937987,0.937974
8.429,0.622032,0.854266,0.937987,0.937974
8.43,0.622031,0.854272,0.937987,0.937974
8.431,0.62203,0.854279,0.937987,0.937974
8.432,0.62203,0.854285,0.937987,0.937974
8.433,0.622029,0.854291,0.937987,0.937974
8.434,0.622028,0.854297,0.937987,0.937974
8.435,0.622027,0.854304,0.937987,0.937975
8.436,0.622026,0.85431,0.937987,0.937975
8.437,0.622025,0.854316,0.937987,0.937975
8.438,0.622024,0.854322,0.937987,0.937975
8.439,0.622023,0.854328,0.937987,0.937975
8.44,0.622022,0.854335,0.937987,0.937975
8.441,0.622021,0.854341,0.937987,0.937975
8.442,0.62202,0.854347,0.937987,0.937975
8.443,0.622019,0.854353,0.937987,0.937975
8.444,0.622019,0.854359,0.937987,0.937975
8.445,0.622018,0.854366,0.937987,0.937975
8.446,0.622017,0.854372,0.937987,0.937975
8.447,0.622016,0.854378,0.937987,0.937975
8.448,0.622015,0.854384,0.937987,0.937975
8.449,0.622014,0.85439,0.937987,0.937975
8.45,0.622013,0.854396,0.937987,0.937975
8.451,0.622012,0.854403,0.937987,0.937975
8.452,0.622011,0.854409,0.937987,0.937975
8.453,0.62201,0.854415,0.937987,0.937975
8.454,0.62201,0.854421,0.937987,0.937975
8.455,0.622009,0.854427,0.937987,0.937975
8.456,0.622008,0.854433,0.937987,0.937975
8.457,0.622007,0.854439,0.937987,0.937975
8.458,0.622006,0.854446,0.937987,0.937975
8.459,0.622005,0.854452,0.937987,0.937975
8.46,0.622004,0.854458,0.937987,0.937975
8.461,0.622003,0.854464,0.937987,0.937975
8.462,0.622002,0.85447,0.937987,0.937975
8.463,0.622002,0.854476,0.937987,0.937975
8.464,0.622001,0.854482,0.937987,0.937975
8.465,0.622,0.854488,0.937987,0.937975
8.466,0.621999,0.854494,0.937987,0.937975
8.467,0.621998,0.854501,0.937987,0.937975
8.468,0.621997,0.854507,0.937987,0.937975
8.469,0.621996,0.854513,0.937987,0.937975
8.47,0.621995,0.854519,0.937987,0.937975
8.471,0.621994,0.854525,0.937987,0.937976
8.472,0.621994,0.854531,0.937987,0.937976
8.473,0.621993,0.854537,0.937987,0.937976
8.474,0.621992,0.854543,0.937987,0.937976
8.475,0.621991,0.854549,0.937987,0.937976
8.476,0.62199,0.854555,0.937987,0.937976
8.477,0.621989,0.854561,0.937987,0.937976
8.478,0.621988,0.854567,0.937987,0.937976
8.479,0.621987,0.854573,0.937987,0.937976
8.48,0.621987,0.854579,0.937987,0.937976
8.481,0.621986,0.854585,0.937987,0.937976
8.482,0.621985,0.854591,0.937987,0.937976
8.483,0.621984,0.854597,0.937987,0.937976
8.484,0.621983,0.854603,0.937987,0.937976
8.485,0.621982,0.854609,0.937987,0.937976
8.486,0.621981,0.854615,0.937987,0.937976
8.487,0.62198,0.854621,0.937987,0.937976
8.488,0.62198,0.854627,0.937987,0.937976
8.489,0.621979,0.854633,0.937987,0.937976
8.49,0.621978,0.854639,0.937988,0.937976
8.491,0.621977,0.854645,0.937988,0.937976
8.492,0.621976,0.854651,0.937988,0.937976
8.493,0.621975,0.854657,0.937988,0.937976
8.494,0.621974,0.854663,0.937988,0.937976
8.495,0.621973,0.854669,0.937988,0.937976
8.496,0.621973,0.854675,0.937988,0.937976
8.497,0.621972,0.854681,0.937988,0.937976
8.498,0.621971,0.854687,0.937988,0.937976
8.499,0.62197,0.854693,0.937988,0.937976
8.5,0.621969,0.854699,0.937988,0.937976
8.501,0.621968,0.854705,0.937988,0.937976
8.502,0.621967,0.854711,0.937988,0.937976
8.503,0.621967,0.854717,0.937988,0.937976
8.504,0.621966,0.854723,0.937988,0.937976
8.505,0.621965,0.854728,0.937988,0.937976
8.506,0.621964,0.854734,0.937988,0.937976
8.507,0.621963,0.85474,0.937988,0.937976
8.508,0.621962,0.854746,0.937988,0.937977
8.509,0.621961,0.854752,0.937988,0.937977
8.51,0.621961,0.854758,0.937988,0.937977
8.511,0.62196,0.854764,0.937988,0.937977
8.512,0.621959,0.85477,0.937988,0.937977
8.513,0.621958,0.854776,0.937988,0.937977
8.514,0.621957,0.854782,0.937988,0.937977
8.515,0.621956,0.854787,0.937988,0.937977
8.516,0.621955,0.854793,0.937988,0.937977
8.517,0.621955,0.854799,0.937988,0.937977
8.518,0.621954,0.854805,0.937988,0.937977
8.519,0.621953,0.854811,0.937988,0.937977
8.52,0.621952,0.854817,0.937988,0.937977
8.521,0.621951,0.854823,0.937988,0.937977
8.522,0.62195,0.854828,0.937988,0.937977
8.523,0.62195,0.854834,0.937988,0.937977
8.524,0.621949,0.85484,0.937988,0.937977
8.525,0.621948,0.854846,0.937988,0.937977
8.526,0.621947,0.854852,0.937988,0.937977
8.527,0.621946,0.854858,0.937988,0.937977
8.528,0.621945,0.854863,0.937988,0.937977
8.529,0.621944,0.854869,0.937988,0.937977
8.53,0.621944,0.854875,0.937988,0.937977
8.531,0.621943,0.854881,0.937988,0.937977
8.532,0.621942,0.854887,0.937988,0.937977
8.533,0.621941,0.854892,0.937988,0.937977
8.534,0.62194,0.854898,0.937988,0.937977
8.535,0.621939,0.854904,0.937988,0.937977
8.536,0.621939,0.85491,0.937988,0.937977
8.537,0.621938,0.854916,0.937988,0.937977
8.538,0.621937,0.854921,0.937988,0.937977
8.539,0.621936,0.854927,0.937988,0.937977
8.54,0.621935,0.854933,0.937988,0.937977
8.541,0.621934,0.854939,0.937988,0.937977
8.542,0.621934,0.854944,0.937988,0.937977
8.543,0.621933,0.85495,0.937988,0.937977
8.544,0.621932,0.854956,0.937988,0.937977
8.545,0.621931,0.854962,0.937988,0.937977
8.546,0.62193,0.854967,0.937988,0.937977
8.547,0.621929,0.854973,0.937988,0.937978
8.548,0.621929,0.854979,0.937988,0.937978
8.549,0.621928,0.854985,0.937988,0.937978
8.55,0.621927,0.85499,0.937988,0.937978
8.551,0.621926,0.854996,0.937988,0.937978
8.552,0.621925,0.855002,0.937988,0.937978
8.553,0.621925,0.855007,0.937988,0.937978
8.554,0.621924,0.855013,0.937988,0.937978
8.555,0.621923,0.855019,0.937988,0.937978
8.556,0.621922,0.855025,0.937988,0.937978
8.557,0.621921,0.85503,0.937988,0.937978
8.558,0.62192,0.855036,0.937988,0.937978
8.559,0.62192,0.855042,0.937988,0.937978
8.56,0.621919,0.855047,0.937988,0.937978
8.561,0.621918,0.855053,0.937988,0.937978
8.562,0.621917,0.855059,0.937988,0.937978
8.563,0.621916,0.855064,0.937988,0.937978
8.564,0.621916,0.85507,0.937988,0.937978
8.565,0.621915,0.855076,0.937989,0.937978
8.566,0.621914,0.855081,0.937989,0.937978
8.567,0.621913,0.855087,0.937989,0.937978
8.568,0.621912,0.855093,0.937989,0.937978
8.569,0.621911,0.855098,0.937989,0.937978
8.57,0.621911,0.855104,0.937989,0.937978
8.571,0.62191,0.85511,0.937989,0.937978
8.572,0.621909,0.855115,0.937989,0.937978
8.573,0.621908,0.855121,0.937989,0.937978
8.574,0.621907,0.855126,0.937989,0.937978
8.575,0.621907,0.855132,0.937989,0.937978
8.576,0.621906,0.855138,0.937989,0.937978
8.577,0.621905,0.855143,0.937989,0.937978
8.578,0.621904,0.855149,0.937989,0.937978
8.579,0.621903,0.855155,0.937989,0.937978
8.58,0.621903,0.85516,0.937989,0.937978
8.581,0.621902,0.855166,0.937989,0.937978
8.582,0.621901,0.855171,0.937989,0.937978
8.583,0.6219,0.855177,0.937989,0.937978
8.584,0.621899,0.855182,0.937989,0.937978
8.585,0.621899,0.855188,0.937989,0.937978
8.586,0.621898,0.855194,0.937989,0.937978
8.587,0.621897,0.855199,0.937989,0.937978
8.588,0.621896,0.855205,0.937989,0.937979
8.589,0.621895,0.85521,0.937989,0.937979
8.59,0.621895,0.855216,0.937989,0.937979
8.591,0.621894,0.855221,0.937989,0.937979
8.592,0.621893,0.855227,0.937989,0.937979
8.593,0.621892,0.855233,0.937989,0.937979
8.594,0.621891,0.855238,0.937989,0.937979
8.595,0.621891,0.855244,0.937989,0.937979
8.596,0.62189,0.855249,0.937989,0.937979
8.597,0.621889,0.855255,0.937989,0.937979
8.598,0.621888,0.85526,0.937989,0.937979
8.599,0.621887,0.855266,0.937989,0.937979
8.6,0.621887,0.855271,0.937989,0.937979
8.601,0.621886,0.855277,0.937989,0.937979
8.602,0.621885,0.855282,0.937989,0.937979
8.603,0.621884,0.855288,0.937989,0.937979
8.604,0.621884,0.855293,0.937989,0.937979
8.605,0.621883,0.855299,0.937989,0.937979
8.606,0.621882,0.855304,0.937989,0.937979
8.607,0.621881,0.85531,0.937989,0.937979
8.608,0.62188,0.855315,0.937989,0.937979
8.609,0.62188,0.855321,0.937989,0.937979
8.61,0.621879,0.855326,0.937989,0.937979
8.611,0.621878,0.855332,0.937989,0.937979
8.612,0.621877,0.855337,0.937989,0.937979
8.613,0.621876,0.855343,0.937989,0.937979
8.614,0.621876,0.855348,0.937989,0.937979
8.615,0.621875,0.855354,0.937989,0.937979
8.616,0.621874,0.855359,0.937989,0.937979
8.617,0.621873,0.855364,0.937989,0.937979
8.618,0.621873,0.85537,0.937989,0.937979
8.619,0.621872,0.855375,0.937989,0.937979
8.62,0.621871,0.855381,0.937989,0.937979
8.621,0.62187,0.855386,0.937989,0.937979
8.622,0.621869,0.855392,0.937989,0.937979
8.623,0.621869,0.855397,0.937989,0.937979
8.624,0.621868,0.855402,0.937989,0.937979
8.625,0.621867,0.855408,0.937989,0.937979
8.626,0.621866,0.855413,0.937989,0.937979
8.627,0.621866,0.855419,0.937989,0.937979
8.628,0.621865,0.855424,0.937989,0.937979
8.629,0.621864,0.855429,0.937989,0.937979
8.63,0.621863,0.855435,0.937989,0.937979
8.631,0.621863,0.85544,0.937989,0.93798
8.632,0.621862,0.855446,0.937989,0.93798
8.633,0.621861,0.855451,0.937989,0.93798
8.634,0.62186,0.855456,0.937989,0.93798
8.635,0.621859,0.855462,0.937989,0.93798
8.636,0.621859,0.855467,0.937989,0.93798
8.637,0.621858,0.855473,0.937989,0.93798
8.638,0.621857,0.855478,0.937989,0.93798
8.639,0.621856,0.855483,0.937989,0.93798
8.64,0.621856,0.855489,0.937989,0.93798
8.641,0.621855,0.855494,0.937989,0.93798
8.642,0.621854,0.855499,0.937989,0.93798
8.643,0.621853,0.855505,0.937989,0.93798
8.644,0.621853,0.85551,0.937989,0.93798
8.645,0.621852,0.855515,0.937989,0.93798
8.646,0.621851,0.855521,0.937989,0.93798
8.647,0.62185,0.855526,0.93799,0.93798
8.648,0.62185,0.855531,0.93799,0.93798
8.649,0.621849,0.855537,0.93799,0.93798
8.65,0.621848,0.855542,0.93799,0.93798
8.651,0.621847,0.855547,0.93799,0.93798
8.652,0.621847,0.855553,0.93799,0.93798
8.653,0.621846,0.855558,0.93799,0.93798
8.654,0.621845,0.855563,0.93799,0.93798
8.655,0.621844,0.855568,0.93799,0.93798
8.656,0.621844,0.855574,0.93799,0.93798
8.657,0.621843,0.855579,0.93799,0.93798
8.658,0.621842,0.855584,0.93799,0.93798
8.659,0.621841,0.85559,0.93799,0.93798
8.66,0.621841,0.855595,0.93799,0.93798
8.661,0.62184,0.8556,0.93799,0.93798
8.662,0.621839,0.855605,0.93799,0.93798
8.663,0.621838,0.855611,0.93799,0.93798
8.664,0.621838,0.855616,0.93799,0.93798
8.665,0.621837,0.855621,0.93799,0.93798
8.666,0.621836,0.855626,0.93799,0.93798
8.667,0.621835,0.855632,0.93799,0.93798
8.668,0.621835,0.855637,0.93799,0.93798
8.669,0.621834,0.855642,0.93799,0.93798
8.67,0.621833,0.855647,0.93799,0.93798
8.671,0.621832,0.855653,0.93799,0.93798
8.672,0.621832,0.855658,0.93799,0.93798
8.673,0.621831,0.855663,0.93799,0.93798
8.674,0.62183,0.855668,0.93799,0.93798
8.675,0.621829,0.855674,0.93799,0.93798
8.676,0.621829,0.855679,0.93799,0.937981
8.677,0.621828,0.855684,0.93799,0.937981
8.678,0.621827,0.855689,0.93799,0.937981
8.679,0.621826,0.855694,0.93799,0.937981
8.68,0.621826,0.8557,0.93799,0.937981
8.681,0.621825,0.855705,0.93799,0.937981
8.682,0.621824,0.85571,0.93799,0.937981
8.683,0.621823,0.855715,0.93799,0.937981
8.684,0.621823,0.85572,0.93799,0.937981
8.685,0.621822,0.855726,0.93799,0.937981
8.686,0.621821,0.855731,0.93799,0.937981
8.687,0.621821,0.855736,0.93799,0.937981
8.688,0.62182,0.855741,0.93799,0.937981
8.689,0.621819,0.855746,0.93799,0.937981
8.69,0.621818,0.855751,0.93799,0.937981
8.691,0.621818,0.855757,0.93799,0.937981
8.692,0.621817,0.855762,0.93799,0.937981
8.693,0.621816,0.855767,0.93799,0.937981
8.694,0.621815,0.855772,0.93799,0.937981
8.695,0.621815,0.855777,0.93799,0.937981
8.696,0.621814,0.855782,0.93799,0.937981
8.697,0.621813,0.855787,0.93799,0.937981
8.698,0.621813,0.855793,0.93799,0.937981
8.699,0.621812,0.855798,0.93799,0.937981
8.7,0.621811,0.855803,0.93799,0.937981
8.701,0.62181,0.855808,0.93799,0.937981
8.702,0.62181,0.855813,0.93799,0.937981
8.703,0.621809,0.855818,0.93799,0.937981
8.704,0.621808,0.855823,0.93799,0.937981
8.705,0.621808,0.855828,0.93799,0.937981
8.706,0.621807,0.855833,0.93799,0.937981
8.707,0.621806,0.855838,0.93799,0.937981
8.708,0.621805,0.855844,0.93799,0.937981
8.709,0.621805,0.855849,0.93799,0.937981
8.71,0.621804,0.855854,0.93799,0.937981
8.711,0.621803,0.855859,0.93799,0.937981
8.712,0.621802,0.855864,0.93799,0.937981
8.713,0.621802,0.855869,0.93799,0.937981
8.714,0.621801,0.855874,0.93799,0.937981
8.715,0.6218,0.855879,0.93799,0.937981
8.716,0.6218,0.855884,0.93799,0.937981
8.717,0.621799,0.855889,0.93799,0.937981
8.718,0.621798,0.855894,0.93799,0.937981
8.719,0.621797,0.855899,0.93799,0.937981
8.72,0.621797,0.855904,0.93799,0.937981
8.721,0.621796,0.855909,0.93799,0.937981
8.722,0.621795,0.855914,0.93799,0.937981
8.723,0.621795,0.855919,0.93799,0.937982
8.724,0.621794,0.855925,0.93799,0.937982
8.725,0.621793,0.85593,0.93799,0.937982
8.726,0.621793,0.855935,0.93799,0.937982
8.727,0.621792,0.85594,0.93799,0.937982
8.728,0.621791,0.855945,0.93799,0.937982
8.729,0.62179,0.85595,0.93799,0.937982
8.73,0.62179,0.855955,0.93799,0.937982
8.731,0.621789,0.85596,0.93799,0.937982
8.732,0.621788,0.855965,0.93799,0.937982
8.733,0.621788,0.85597,0.93799,0.937982
8.734,0.621787,0.855975,0.93799,0.937982
8.735,0.621786,0.85598,0.93799,0.937982
8.736,0.621785,0.855985,0.93799,0.937982
8.737,0.621785,0.85599,0.937991,0.937982
8.738,0.621784,0.855995,0.937991,0.937982
8.739,0.621783,0.856,0.937991,0.937982
8.74,0.621783,0.856004,0.937991,0.937982
8.741,0.621782,0.856009,0.937991,0.937982
8.742,0.621781,0.856014,0.937991,0.937982
8.743,0.621781,0.856019,0.937991,0.937982
8.744,0.62178,0.856024,0.937991,0.937982
8.745,0.621779,0.856029,0.937991,0.937982
8.746,0.621779,0.856034,0.937991,0.937982
8.747,0.621778,0.856039,0.937991,0.937982
8.748,0.621777,0.856044,0.937991,0.937982
8.749,0.621776,0.856049,0.937991,0.937982
8.75,0.621776,0.856054,0.937991,0.937982
8.751,0.621775,0.856059,0.937991,0.937982
8.752,0.621774,0.856064,0.937991,0.937982
8.753,0.621774,0.856069,0.937991,0.937982
8.754,0.621773,0.856074,0.937991,0.937982
8.755,0.621772,0.856079,0.937991,0.937982
8.756,0.621772,0.856084,0.937991,0.937982
8.757,0.621771,0.856088,0.937991,0.937982
8.758,0.62177,0.856093,0.937991,0.937982
8.759,0.62177,0.856098,0.937991,0.937982
8.76,0.621769,0.856103,0.937991,0.937982
8.761,0.621768,0.856108,0.937991,0.937982
8.762,0.621767,0.856113,0.937991,0.937982
8.763,0.621767,0.856118,0.937991,0.937982
8.764,0.621766,0.856123,0.937991,0.937982
8.765,0.621765,0.856128,0.937991,0.937982
8.766,0.621765,0.856132,0.937991,0.937982
8.767,0.621764,0.856137,0.937991,0.937982
8.768,0.621763,0.856142,0.937991,0.937982
8.769,0.621763,0.856147,0.937991,0.937982
8.77,0.621762,0.856152,0.937991,0.937982
8.771,0.621761,0.856157,0.937991,0.937982
8.772,0.621761,0.856162,0.937991,0.937982
8.773,0.62176,0.856166,0.937991,0.937983
8.774,0.621759,0.856171,0.937991,0.937983
8.775,0.621759,0.856176,0.937991,0.937983
8.776,0.621758,0.856181,0.937991,0.937983
8.777,0.621757,0.856186,0.937991,0.937983
8.778,0.621757,0.856191,0.937991,0.937983
8.779,0.621756,0.856195,0.937991,0.937983
8.78,0.621755,0.8562,0.937991,0.937983
8.781,0.621755,0.856205,0.937991,0.937983
8.782,0.621754,0.85621,0.937991,0.937983
8.783,0.621753,0.856215,0.937991,0.937983
8.784,0.621753,0.85622,0.937991,0.937983
8.785,0.621752,0.856224,0.937991,0.937983
8.786,0.621751,0.856229,0.937991,0.937983
8.787,0.621751,0.856234,0.937991,0.937983
8.788,0.62175,0.856239,0.937991,0.937983
8.789,0.621749,0.856244,0.937991,0.937983
8.79,0.621749,0.856248,0.937991,0.937983
8.791,0.621748,0.856253,0.937991,0.937983
8.792,0.621747,0.856258,0.937991,0.937983
8.793,0.621747,0.856263,0.937991,0.937983
8.794,0.621746,0.856267,0.937991,0.937983
8.795,0.621745,0.856272,0.937991,0.937983
8.796,0.621745,0.856277,0.937991,0.937983
8.797,0.621744,0.856282,0.937991,0.937983
8.798,0.621743,0.856286,0.937991,0.937983
8.799,0.621743,0.856291,0.937991,0.937983
8.8,0.621742,0.856296,0.937991,0.937983
8.801,0.621741,0.856301,0.937991,0.937983
8.802,0.621741,0.856305,0.937991,0.937983
8.803,0.62174,0.85631,0.937991,0.937983
8.804,0.621739,0.856315,0.937991,0.937983
8.805,0.621739,0.85632,0.937991,0.937983
8.806,0.621738,0.856324,0.937991,0.937983
8.807,0.621737,0.856329,0.937991,0.937983
8.808,0.621737,0.856334,0.937991,0.937983
8.809,0.621736,0.856339,0.937991,0.937983
8.81,0.621735,0.856343,0.937991,0.937983
8.811,0.621735,0.856348,0.937991,0.937983
8.812,0.621734,0.856353,0.937991,0.937983
8.813,0.621733,0.856357,0.937991,0.937983
8.814,0.621733,0.856362,0.937991,0.937983
8.815,0.621732,0.856367,0.937991,0.937983
8.816,0.621731,0.856371,0.937991,0.937983
8.817,0.621731,0.856376,0.937991,0.937983
8.818,0.62173,0.856381,0.937991,0.937983
8.819,0.621729,0.856386,0.937991,0.937983
8.82,0.621729,0.85639,0.937991,0.937983
8.821,0.621728,0.856395,0.937991,0.937983
8.822,0.621727,0.8564,0.937991,0.937983
8.823,0.621727,0.856404,0.937991,0.937983
8.824,0.621726,0.856409,0.937991,0.937983
8.825,0.621726,0.856414,0.937991,0.937983
8.826,0.621725,0.856418,0.937991,0.937984
8.827,0.621724,0.856423,0.937991,0.937984
8.828,0.621724,0.856428,0.937991,0.937984
8.829,0.621723,0.856432,0.937991,0.937984
8.83,0.621722,0.856437,0.937991,0.937984
8.831,0.621722,0.856441,0.937991,0.937984
8.832,0.621721,0.856446,0.937991,0.937984
8.833,0.62172,0.856451,0.937991,0.937984
8.834,0.62172,0.856455,0.937991,0.937984
8.835,0.621719,0.85646,0.937991,0.937984
8.836,0.621718,0.856465,0.937991,0.937984
8.837,0.621718,0.856469,0.937992,0.937984
8.838,0.621717,0.856474,0.937992,0.937984
8.839,0.621717,0.856478,0.937992,0.937984
8.84,0.621716,0.856483,0.937992,0.937984
8.841,0.621715,0.856488,0.937992,0.937984
8.842,0.621715,0.856492,0.937992,0.937984
8.843,0.621714,0.856497,0.937992,0.937984
8.844,0.621713,0.856501,0.937992,0.937984
8.845,0.621713,0.856506,0.937992,0.937984
8.846,0.621712,0.856511,0.937992,0.937984
8.847,0.621711,0.856515,0.937992,0.937984
8.848,0.621711,0.85652,0.937992,0.937984
8.849,0.62171,0.856524,0.937992,0.937984
8.85,0.62171,0.856529,0.937992,0.937984
8.851,0.621709,0.856534,0.937992,0.937984
8.852,0.621708,0.856538,0.937992,0.937984
8.853,0.621708,0.856543,0.937992,0.937984
8.854,0.621707,0.856547,0.937992,0.937984
8.855,0.621706,0.856552,0.937992,0.937984
8.856,0.621706,0.856556,0.937992,0.937984
8.857,0.621705,0.856561,0.937992,0.937984
8.858,0.621704,0.856565,0.937992,0.937984
8.859,0.621704,0.85657,0.937992,0.937984
8.86,0.621703,0.856575,0.937992,0.937984
8.861,0.621703,0.856579,0.937992,0.937984
8.862,0.621702,0.856584,0.937992,0.937984
8.863,0.621701,0.856588,0.937992,0.937984
8.864,0.621701,0.856593,0.937992,0.937984
8.865,0.6217,0.856597,0.937992,0.937984
8.866,0.621699,0.856602,0.937992,0.937984
8.867,0.621699,0.856606,0.937992,0.937984
8.868,0.621698,0.856611,0.937992,0.937984
8.869,0.621698,0.856615,0.937992,0.937984
8.87,0.621697,0.85662,0.937992,0.937984
8.871,0.621696,0.856624,0.937992,0.937984
8.872,0.621696,0.856629,0.937992,0.937984
8.873,0.621695,0.856633,0.937992,0.937984
8.874,0.621694,0.856638,0.937992,0.937984
8.875,0.621694,0.856642,0.937992,0.937984
8.876,0.621693,0.856647,0.937992,0.937984
8.877,0.621693,0.856651,0.937992,0.937984
8.878,0.621692,0.856656,0.937992,0.937984
8.879,0.621691,0.85666,0.937992,0.937984
8.88,0.621691,0.856665,0.937992,0.937984
8.881,0.62169,0.856669,0.937992,0.937984
8.882,0.62169,0.856674,0.937992,0.937984
8.883,0.621689,0.856678,0.937992,0.937985
8.884,0.621688,0.856682,0.937992,0.937985
8.885,0.621688,0.856687,0.937992,0.937985
8.886,0.621687,0.856691,0.937992,0.937985
8.887,0.621686,0.856696,0.937992,0.937985
8.888,0.621686,0.8567,0.937992,0.937985
8.889,0.621685,0.856705,0.937992,0.937985
8.89,0.621685,0.856709,0.937992,0.937985
8.891,0.621684,0.856714,0.937992,0.937985
8.892,0.621683,0.856718,0.937992,0.937985
8.893,0.621683,0.856722,0.937992,0.937985
8.894,0.621682,0.856727,0.937992,0.937985
8.895,0.621682,0.856731,0.937992,0.937985
8.896,0.621681,0.856736,0.937992,0.937985
8.897,0.62168,0.85674,0.937992,0.937985
8.898,0.62168,0.856745,0.937992,0.937985
8.899,0.621679,0.856749,0.937992,0.937985
8.9,0.621679,0.856753,0.937992,0.937985
8.901,0.621678,0.856758,0.937992,0.937985
8.902,0.621677,0.856762,0.937992,0.937985
8.903,0.621677,0.856767,0.937992,0.937985
8.904,0.621676,0.856771,0.937992,0.937985
8.905,0.621675,0.856775,0.937992,0.937985
8.906,0.621675,0.85678,0.937992,0.937985
8.907,0.621674,0.856784,0.937992,0.937985
8.908,0.621674,0.856788,0.937992,0.937985
8.909,0.621673,0.856793,0.937992,0.937985
8.91,0.621672,0.856797,0.937992,0.937985
8.911,0.621672,0.856802,0.937992,0.937985
8.912,0.621671,0.856806,0.937992,0.937985
8.913,0.621671,0.85681,0.937992,0.937985
8.914,0.62167,0.856815,0.937992,0.937985
8.915,0.621669,0.856819,0.937992,0.937985
8.916,0.621669,0.856823,0.937992,0.937985
8.917,0.621668,0.856828,0.937992,0.937985
8.918,0.621668,0.856832,0.937992,0.937985
8.919,0.621667,0.856836,0.937992,0.937985
8.92,0.621666,0.856841,0.937992,0.937985
8.921,0.621666,0.856845,0.937992,0.937985
8.922,0.621665,0.856849,0.937992,0.937985
8.923,0.621665,0.856854,0.937992,0.937985
8.924,0.621664,0.856858,0.937992,0.937985
8.925,0.621664,0.856862,0.937992,0.937985
8.926,0.621663,0.856867,0.937992,0.937985
8.927,0.621662,0.856871,0.937992,0.937985
8.928,0.621662,0.856875,0.937992,0.937985
8.929,0.621661,0.85688,0.937992,0.937985
8.93,0.621661,0.856884,0.937992,0.937985
8.931,0.62166,0.856888,0.937992,0.937985
8.932,0.621659,0.856893,0.937992,0.937985
8.933,0.621659,0.856897,0.937992,0.937985
8.934,0.621658,0.856901,0.937992,0.937985
8.935,0.621658,0.856905,0.937992,0.937985
8.936,0.621657,0.85691,0.937992,0.937985
8.937,0.621656,0.856914,0.937992,0.937985
8.938,0.621656,0.856918,0.937992,0.937985
8.939,0.621655,0.856923,0.937992,0.937985
8.94,0.621655,0.856927,0.937992,0.937985
8.941,0.621654,0.856931,0.937992,0.937985
8.942,0.621654,0.856935,0.937992,0.937985
8.943,0.621653,0.85694,0.937992,0.937986
8.944,0.621652,0.856944,0.937992,0.937986
8.945,0.621652,0.856948,0.937992,0.937986
8.946,0.621651,0.856952,0.937992,0.937986
8.947,0.621651,0.856957,0.937992,0.937986
8.948,0.62165,0.856961,0.937992,0.937986
8.949,0.621649,0.856965,0.937992,0.937986
8.95,0.621649,0.856969,0.937993,0.937986
8.951,0.621648,0.856974,0.937993,0.937986
8.952,0.621648,0.856978,0.937993,0.937986
8.953,0.621647,0.856982,0.937993,0.937986
8.954,0.621647,0.856986,0.937993,0.937986
8.955,0.621646,0.856991,0.937993,0.937986
8.956,0.621645,0.856995,0.937993,0.937986
8.957,0.621645,0.856999,0.937993,0.937986
8.958,0.621644,0.857003,0.937993,0.937986
8.959,0.621644,0.857007,0.937993,0.937986
8.96,0.621643,0.857012,0.937993,0.937986
8.961,0.621643,0.857016,0.937993,0.937986
8.962,0.621642,0.85702,0.937993,0.937986
8.963,0.621641,0.857024,0.937993,0.937986
8.964,0.621641,0.857028,0.937993,0.937986
8.965,0.62164,0.857033,0.937993,0.937986
8.966,0.62164,0.857037,0.937993,0.937986
8.967,0.621639,0.857041,0.937993,0.937986
8.968,0.621638,0.857045,0.937993,0.937986
8.969,0.621638,0.857049,0.937993,0.937986
8.97,0.621637,0.857054,0.937993,0.937986
8.971,0.621637,0.857058,0.937993,0.937986
8.972,0.621636,0.857062,0.937993,0.937986
8.973,0.621636,0.857066,0.937993,0.937986
8.974,0.621635,0.85707,0.937993,0.937986
8.975,0.621635,0.857074,0.937993,0.937986
8.976,0.621634,0.857079,0.937993,0.937986
8.977,0.621633,0.857083,0.937993,0.937986
8.978,0.621633,0.857087,0.937993,0.937986
8.979,0.621632,0.857091,0.937993,0.937986
8.98,0.621632,0.857095,0.937993,0.937986
8.981,0.621631,0.857099,0.937993,0.937986
8.982,0.621631,0.857103,0.937993,0.937986
8.983,0.62163,0.857108,0.937993,0.937986
8.984,0.621629,0.857112,0.937993,0.937986
8.985,0.621629,0.857116,0.937993,0.937986
8.986,0.621628,0.85712,0.937993,0.937986
8.987,0.621628,0.857124,0.937993,0.937986
8.988,0.621627,0.857128,0.937993,0.937986
8.989,0.621627,0.857132,0.937993,0.937986
8.99,0.621626,0.857136,0.937993,0.937986
8.991,0.621625,0.85714,0.937993,0.937986
8.992,0.621625,0.857145,0.937993,0.937986
8.993,0.621624,0.857149,0.937993,0.937986
8.994,0.621624,0.857153,0.937993,0.937986
8.995,0.621623,0.857157,0.937993,0.937986
8.996,0.621623,0.857161,0.937993,0.937986
8.997,0.621622,0.857165,0.937993,0.937986
8.998,0.621622,0.857169,0.937993,0.937986
8.999,0.621621,0.857173,0.937993,0.937986
9,0.62162,0.857177,0.937993,0.937986
9.001,0.62162,0.857181,0.937993,0.937986
9.002,0.621619,0.857185,0.937993,0.937986
9.003,0.621619,0.85719,0.937993,0.937986
9.004,0.621618,0.857194,0.937993,0.937986
9.005,0.621618,0.857198,0.937993,0.937986
9.006,0.621617,0.857202,0.937993,0.937986
9.007,0.621617,0.857206,0.937993,0.937987
9.008,0.621616,0.85721,0.937993,0.937987
9.009,0.621616,0.857214,0.937993,0.937987
9.01,0.621615,0.857218,0.937993,0.937987
9.011,0.621614,0.857222,0.937993,0.937987
9.012,0.621614,0.857226,0.937993,0.937987
9.013,0.621613,0.85723,0.937993,0.937987
9.014,0.621613,0.857234,0.937993,0.937987
9.015,0.621612,0.857238,0.937993,0.937987
9.016,0.621612,0.857242,0.937993,0.937987
9.017,0.621611,0.857246,0.937993,0.937987
9.018,0.621611,0.85725,0.937993,0.937987
9.019,0.62161,0.857254,0.937993,0.937987
9.02,0.621609,0.857258,0.937993,0.937987
9.021,0.621609,0.857262,0.937993,0.937987
9.022,0.621608,0.857266,0.937993,0.937987
9.023,0.621608,0.85727,0.937993,0.937987
9.024,0.621607,0.857274,0.937993,0.937987
9.025,0.621607,0.857278,0.937993,0.937987
9.026,0.621606,0.857282,0.937993,0.937987
9.027,0.621606,0.857286,0.937993,0.937987
9.028,0.621605,0.85729,0.937993,0.937987
9.029,0.621605,0.857294,0.937993,0.937987
9.03,0.621604,0.857298,0.937993,0.937987
9.031,0.621604,0.857302,0.937993,0.937987
9.032,0.621603,0.857306,0.937993,0.937987
9.033,0.621602,0.85731,0.937993,0.937987
9.034,0.621602,0.857314,0.937993,0.937987
9.035,0.621601,0.857318,0.937993,0.937987
9.036,0.621601,0.857322,0.937993,0.937987
9.037,0.6216,0.857326,0.937993,0.937987
9.038,0.6216,0.85733,0.937993,0.937987
9.039,0.621599,0.857334,0.937993,0.937987
9.04,0.621599,0.857338,0.937993,0.937987
9.041,0.621598,0.857342,0.937993,0.937987
9.042,0.621598,0.857346,0.937993,0.937987
9.043,0.621597,0.85735,0.937993,0.937987
9.044,0.621597,0.857354,0.937993,0.937987
9.045,0.621596,0.857358,0.937993,0.937987
9.046,0.621595,0.857362,0.937993,0.937987
9.047,0.621595,0.857366,0.937993,0.937987
9.048,0.621594,0.85737,0.937993,0.937987
9.049,0.621594,0.857374,0.937993,0.937987
9.05,0.621593,0.857377,0.937993,0.937987
9.051,0.621593,0.857381,0.937993,0.937987
9.052,0.621592,0.857385,0.937993,0.937987
9.053,0.621592,0.857389,0.937993,0.937987
9.054,0.621591,0.857393,0.937993,0.937987
9.055,0.621591,0.857397,0.937993,0.937987
9.056,0.62159,0.857401,0.937993,0.937987
9.057,0.62159,0.857405,0.937993,0.937987
9.058,0.621589,0.857409,0.937993,0.937987
9.059,0.621589,0.857413,0.937993,0.937987
9.06,0.621588,0.857417,0.937993,0.937987
9.061,0.621588,0.85742,0.937993,0.937987
9.062,0.621587,0.857424,0.937993,0.937987
9.063,0.621586,0.857428,0.937993,0.937987
9.064,0.621586,0.857432,0.937993,0.937987
9.065,0.621585,0.857436,0.937993,0.937987
9.066,0.621585,0.85744,0.937993,0.937987
9.067,0.621584,0.857444,0.937993,0.937987
9.068,0.621584,0.857448,0.937993,0.937987
9.069,0.621583,0.857452,0.937993,0.937987
9.07,0.621583,0.857455,0.937993,0.937987
9.071,0.621582,0.857459,0.937993,0.937987
9.072,0.621582,0.857463,0.937993,0.937987
9.073,0.621581,0.857467,0.937993,0.937987
9.074,0.621581,0.857471,0.937993,0.937987
9.075,0.62158,0.857475,0.937993,0.937987
9.076,0.62158,0.857479,0.937993,0.937988
9.077,0.621579,0.857482,0.937993,0.937988
9.078,0.621579,0.857486,0.937993,0.937988
9.079,0.621578,0.85749,0.937994,0.937988
9.08,0.621578,0.857494,0.937994,0.937988
9.081,0.621577,0.857498,0.937994,0.937988
9.082,0.621577,0.857502,0.937994,0.937988
9.083,0.621576,0.857505,0.937994,0.937988
9.084,0.621576,0.857509,0.937994,0.937988
9.085,0.621575,0.857513,0.937994,0.937988
9.086,0.621575,0.857517,0.937994,0.937988
9.087,0.621574,0.857521,0.937994,0.937988
9.088,0.621573,0.857524,0.937994,0.937988
9.089,0.621573,0.857528,0.937994,0.937988
9.09,0.621572,0.857532,0.937994,0.937988
9.091,0.621572,0.857536,0.937994,0.937988
9.092,0.621571,0.85754,0.937994,0.937988
9.093,0.621571,0.857544,0.937994,0.937988
9.094,0.62157,0.857547,0.937994,0.937988
9.095,0.62157,0.857551,0.937994,0.937988
9.096,0.621569,0.857555,0.937994,0.937988
9.097,0.621569,0.857559,0.937994,0.937988
9.098,0.621568,0.857562,0.937994,0.937988
9.099,0.621568,0.857566,0.937994,0.937988
9.1,0.621567,0.85757,0.937994,0.937988
9.101,0.621567,0.857574,0.937994,0.937988
9.102,0.621566,0.857578,0.937994,0.937988
9.103,0.621566,0.857581,0.937994,0.937988
9.104,0.621565,0.857585,0.937994,0.937988
9.105,0.621565,0.857589,0.937994,0.937988
9.106,0.621564,0.857593,0.937994,0.937988
9.107,0.621564,0.857596,0.937994,0.937988
9.108,0.621563,0.8576,0.937994,0.937988
9.109,0.621563,0.857604,0.937994,0.937988
9.11,0.621562,0.857608,0.937994,0.937988
9.111,0.621562,0.857611,0.937994,0.937988
9.112,0.621561,0.857615,0.937994,0.937988
9.113,0.621561,0.857619,0.937994,0.937988
9.114,0.62156,0.857623,0.937994,0.937988
9.115,0.62156,0.857626,0.937994,0.937988
9.116,0.621559,0.85763,0.937994,0.937988
9.117,0.621559,0.857634,0.937994,0.937988
9.118,0.621558,0.857638,0.937994,0.937988
9.119,0.621558,0.857641,0.937994,0.937988
9.12,0.621557,0.857645,0.937994,0.937988
9.121,0.621557,0.857649,0.937994,0.937988
9.122,0.621556,0.857652,0.937994,0.937988
9.123,0.621556,0.857656,0.937994,0.937988
9.124,0.621555,0.85766,0.937994,0.937988
9.125,0.621555,0.857664,0.937994,0.937988
9.126,0.621554,0.857667,0.937994,0.937988
9.127,0.621554,0.857671,0.937994,0.937988
9.128,0.621553,0.857675,0.937994,0.937988
9.129,0.621553,0.857678,0.937994,0.937988
9.13,0.621552,0.857682,0.937994,0.937988
9.131,0.621552,0.857686,0.937994,0.937988
9.132,0.621551,0.857689,0.937994,0.937988
9.133,0.621551,0.857693,0.937994,0.937988
9.134,0.62155,0.857697,0.937994,0.937988
9.135,0.62155,0.857701,0.937994,0.937988
9.136,0.621549,0.857704,0.937994,0.937988
9.137,0.621549,0.857708,0.937994,0.937988
9.138,0.621548,0.857712,0.937994,0.937988
9.139,0.621548,0.857715,0.937994,0.937988
9.14,0.621547,0.857719,0.937994,0.937988
9.141,0.621547,0.857723,0.937994,0.937988
9.142,0.621546,0.857726,0.937994,0.937988
9.143,0.621546,0.85773,0.937994,0.937988
9.144,0.621545,0.857734,0.937994,0.937988
9.145,0.621545,0.857737,0.937994,0.937988
9.146,0.621544,0.857741,0.937994,0.937988
9.147,0.621544,0.857744,0.937994,0.937988
9.148,0.621543,0.857748,0.937994,0.937988
9.149,0.621543,0.857752,0.937994,0.937988
9.15,0.621542,0.857755,0.937994,0.937988
9.151,0.621542,0.857759,0.937994,0.937989
9.152,0.621542,0.857763,0.937994,0.937989
9.153,0.621541,0.857766,0.937994,0.937989
9.154,0.621541,0.85777,0.937994,0.937989
9.155,0.62154,0.857774,0.937994,0.937989
9.156,0.62154,0.857777,0.937994,0.937989
9.157,0.621539,0.857781,0.937994,0.937989
9.158,0.621539,0.857784,0.937994,0.937989
9.159,0.621538,0.857788,0.937994,0.937989
9.16,0.621538,0.857792,0.937994,0.937989
9.161,0.621537,0.857795,0.937994,0.937989
9.162,0.621537,0.857799,0.937994,0.937989
9.163,0.621536,0.857802,0.937994,0.937989
9.164,0.621536,0.857806,0.937994,0.937989
9.165,0.621535,0.85781,0.937994,0.937989
9.166,0.621535,0.857813,0.937994,0.937989
9.167,0.621534,0.857817,0.937994,0.937989
9.168,0.621534,0.85782,0.937994,0.937989
9.169,0.621533,0.857824,0.937994,0.937989
9.17,0.621533,0.857828,0.937994,0.937989
9.171,0.621532,0.857831,0.937994,0.937989
9.172,0.621532,0.857835,0.937994,0.937989
9.173,0.621531,0.857838,0.937994,0.937989
9.174,0.621531,0.857842,0.937994,0.937989
9.175,0.62153,0.857845,0.937994,0.937989
9.176,0.62153,0.857849,0.937994,0.937989
9.177,0.62153,0.857853,0.937994,0.937989
9.178,0.621529,0.857856,0.937994,0.937989
9.179,0.621529,0.85786,0.937994,0.937989
9.18,0.621528,0.857863,0.937994,0.937989
9.181,0.621528,0.857867,0.937994,0.937989
9.182,0.621527,0.85787,0.937994,0.937989
9.183,0.621527,0.857874,0.937994,0.937989
9.184,0.621526,0.857877,0.937994,0.937989
9.185,0.621526,0.857881,0.937994,0.937989
9.186,0.621525,0.857884,0.937994,0.937989
9.187,0.621525,0.857888,0.937994,0.937989
9.188,0.621524,0.857892,0.937994,0.937989
9.189,0.621524,0.857895,0.937994,0.937989
9.19,0.621523,0.857899,0.937994,0.937989
9.191,0.621523,0.857902,0.937994,0.937989
9.192,0.621522,0.857906,0.937994,0.937989
9.193,0.621522,0.857909,0.937994,0.937989
9.194,0.621521,0.857913,0.937994,0.937989
9.195,0.621521,0.857916,0.937994,0.937989
9.196,0.621521,0.85792,0.937994,0.937989
9.197,0.62152,0.857923,0.937994,0.937989
9.198,0.62152,0.857927,0.937994,0.937989
9.199,0.621519,0.85793,0.937994,0.937989
9.2,0.621519,0.857934,0.937994,0.937989
9.201,0.621518,0.857937,0.937994,0.937989
9.202,0.621518,0.857941,0.937994,0.937989
9.203,0.621517,0.857944,0.937994,0.937989
9.204,0.621517,0.857948,0.937994,0.937989
9.205,0.621516,0.857951,0.937994,0.937989
9.206,0.621516,0.857955,0.937994,0.937989
9.207,0.621515,0.857958,0.937994,0.937989
9.208,0.621515,0.857962,0.937994,0.937989
9.209,0.621515,0.857965,0.937994,0.937989
9.21,0.621514,0.857969,0.937994,0.937989
9.211,0.621514,0.857972,0.937994,0.937989
9.212,0.621513,0.857975,0.937994,0.937989
9.213,0.621513,0.857979,0.937994,0.937989
9.214,0.621512,0.857982,0.937994,0.937989
9.215,0.621512,0.857986,0.937994,0.937989
9.216,0.621511,0.857989,0.937994,0.937989
9.217,0.621511,0.857993,0.937994,0.937989
9.218,0.62151,0.857996,0.937994,0.937989
9.219,0.62151,0.858,0.937994,0.937989
9.22,0.621509,0.858003,0.937994,0.937989
9.221,0.621509,0.858007,0.937994,0.937989
9.222,0.621509,0.85801,0.937994,0.937989
9.223,0.621508,0.858013,0.937994,0.937989
9.224,0.621508,0.858017,0.937994,0.937989
9.225,0.621507,0.85802,0.937994,0.937989
9.226,0.621507,0.858024,0.937994,0.937989
9.227,0.621506,0.858027,0.937994,0.937989
9.228,0.621506,0.858031,0.937994,0.937989
9.229,0.621505,0.858034,0.937995,0.937989
9.23,0.621505,0.858037,0.937995,0.937989
9.231,0.621504,0.858041,0.937995,0.937989
9.232,0.621504,0.858044,0.937995,0.937989
9.233,0.621504,0.858048,0.937995,0.93799
9.234,0.621503,0.858051,0.937995,0.93799
9.235,0.621503,0.858054,0.937995,0.93799
9.236,0.621502,0.858058,0.937995,0.93799
9.237,0.621502,0.858061,0.937995,0.93799
9.238,0.621501,0.858065,0.937995,0.93799
9.239,0.621501,0.858068,0.937995,0.93799
9.24,0.6215,0.858071,0.937995,0.93799
9.241,0.6215,0.858075,0.937995,0.93799
9.242,0.6215,0.858078,0.937995,0.93799
9.243,0.621499,0.858082,0.937995,0.93799
9.244,0.621499,0.858085,0.937995,0.93799
9.245,0.621498,0.858088,0.937995,0.93799
9.246,0.621498,0.858092,0.937995,0.93799
9.247,0.621497,0.858095,0.937995,0.93799
9.248,0.621497,0.858098,0.937995,0.93799
9.249,0.621496,0.858102,0.937995,0.93799
9.25,0.621496,0.858105,0.937995,0.93799
9.251,0.621495,0.858109,0.937995,0.93799
9.252,0.621495,0.858112,0.937995,0.93799
9.253,0.621495,0.858115,0.937995,0.93799
9.254,0.621494,0.858119,0.937995,0.93799
9.255,0.621494,0.858122,0.937995,0.93799
9.256,0.621493,0.858125,0.937995,0.93799
9.257,0.621493,0.858129,0.937995,0.93799
9.258,0.621492,0.858132,0.937995,0.93799
9.259,0.621492,0.858135,0.937995,0.93799
9.26,0.621492,0.858139,0.937995,0.93799
9.261,0.621491,0.858142,0.937995,0.93799
9.262,0.621491,0.858145,0.937995,0.93799
9.263,0.62149,0.858149,0.937995,0.93799
9.264,0.62149,0.858152,0.937995,0.93799
9.265,0.621489,0.858155,0.937995,0.93799
9.266,0.621489,0.858159,0.937995,0.93799
9.267,0.621488,0.858162,0.937995,0.93799
9.268,0.621488,0.858165,0.937995,0.93799
9.269,0.621488,0.858169,0.937995,0.93799
9.27,0.621487,0.858172,0.937995,0.93799
9.271,0.621487,0.858175,0.937995,0.93799
9.272,0.621486,0.858179,0.937995,0.93799
9.273,0.621486,0.858182,0.937995,0.93799
9.274,0.621485,0.858185,0.937995,0.93799
9.275,0.621485,0.858189,0.937995,0.93799
9.276,0.621485,0.858192,0.937995,0.93799
9.277,0.621484,0.858195,0.937995,0.93799
9.278,0.621484,0.858198,0.937995,0.93799
9.279,0.621483,0.858202,0.937995,0.93799
9.28,0.621483,0.858205,0.937995,0.93799
9.281,0.621482,0.858208,0.937995,0.93799
9.282,0.621482,0.858212,0.937995,0.93799
9.283,0.621481,0.858215,0.937995,0.93799
9.284,0.621481,0.858218,0.937995,0.93799
9.285,0.621481,0.858221,0.937995,0.93799
9.286,0.62148,0.858225,0.937995,0.93799
9.287,0.62148,0.858228,0.937995,0.93799
9.288,0.621479,0.858231,0.937995,0.93799
9.289,0.621479,0.858234,0.937995,0.93799
9.29,0.621478,0.858238,0.937995,0.93799
9.291,0.621478,0.858241,0.937995,0.93799
9.292,0.621478,0.858244,0.937995,0.93799
9.293,0.621477,0.858247,0.937995,0.93799
9.294,0.621477,0.858251,0.937995,0.93799
9.295,0.621476,0.858254,0.937995,0.93799
9.296,0.621476,0.858257,0.937995,0.93799
9.297,0.621475,0.85826,0.937995,0.93799
9.298,0.621475,0.858264,0.937995,0.93799
9.299,0.621475,0.858267,0.937995,0.93799
9.3,0.621474,0.85827,0.937995,0.93799
9.301,0.621474,0.858273,0.937995,0.93799
9.302,0.621473,0.858277,0.937995,0.93799
9.303,0.621473,0.85828,0.937995,0.93799
9.304,0.621472,0.858283,0.937995,0.93799
9.305,0.621472,0.858286,0.937995,0.93799
9.306,0.621472,0.85829,0.937995,0.93799
9.307,0.621471,0.858293,0.937995,0.93799
9.308,0.621471,0.858296,0.937995,0.93799
9.309,0.62147,0.858299,0.937995,0.93799
9.31,0.62147,0.858302,0.937995,0.93799
9.311,0.62147,0.858306,0.937995,0.93799
9.312,0.621469,0.858309,0.937995,0.93799
9.313,0.621469,0.858312,0.937995,0.93799
9.314,0.621468,0.858315,0.937995,0.93799
9.315,0.621468,0.858318,0.937995,0.93799
9.316,0.621467,0.858322,0.937995,0.93799
9.317,0.621467,0.858325,0.937995,0.93799
9.318,0.621467,0.858328,0.937995,0.93799
9.319,0.621466,0.858331,0.937995,0.93799
9.32,0.621466,0.858334,0.937995,0.93799
9.321,0.621465,0.858338,0.937995,0.93799
9.322,0.621465,0.858341,0.937995,0.93799
9.323,0.621464,0.858344,0.937995,0.937991
9.324,0.621464,0.858347,0.937995,0.937991
9.325,0.621464,0.85835,0.937995,0.937991
9.326,0.621463,0.858353,0.937995,0.937991
9.327,0.621463,0.858357,0.937995,0.937991
9.328,0.621462,0.85836,0.937995,0.937991
9.329,0.621462,0.858363,0.937995,0.937991
9.33,0.621462,0.858366,0.937995,0.937991
9.331,0.621461,0.858369,0.937995,0.937991
9.332,0.621461,0.858372,0.937995,0.937991
9.333,0.62146,0.858376,0.937995,0.937991
9.334,0.62146,0.858379,0.937995,0.937991
9.335,0.62146,0.858382,0.937995,0.937991
9.336,0.621459,0.858385,0.937995,0.937991
9.337,0.621459,0.858388,0.937995,0.937991
9.338,0.621458,0.858391,0.937995,0.937991
9.339,0.621458,0.858395,0.937995,0.937991
9.34,0.621457,0.858398,0.937995,0.937991
9.341,0.621457,0.858401,0.937995,0.937991
9.342,0.621457,0.858404,0.937995,0.937991
9.343,0.621456,0.858407,0.937995,0.937991
9.344,0.621456,0.85841,0.937995,0.937991
9.345,0.621455,0.858413,0.937995,0.937991
9.346,0.621455,0.858416,0.937995,0.937991
9.347,0.621455,0.85842,0.937995,0.937991
9.348,0.621454,0.858423,0.937995,0.937991
9.349,0.621454,0.858426,0.937995,0.937991
9.35,0.621453,0.858429,0.937995,0.937991
9.351,0.621453,0.858432,0.937995,0.937991
9.352,0.621453,0.858435,0.937995,0.937991
9.353,0.621452,0.858438,0.937995,0.937991
9.354,0.621452,0.858441,0.937995,0.937991
9.355,0.621451,0.858444,0.937995,0.937991
9.356,0.621451,0.858448,0.937995,0.937991
9.357,0.621451,0.858451,0.937995,0.937991
9.358,0.62145,0.858454,0.937995,0.937991
9.359,0.62145,0.858457,0.937995,0.937991
9.36,0.621449,0.85846,0.937995,0.937991
9.361,0.621449,0.858463,0.937995,0.937991
9.362,0.621448,0.858466,0.937995,0.937991
9.363,0.621448,0.858469,0.937995,0.937991
9.364,0.621448,0.858472,0.937995,0.937991
9.365,0.621447,0.858475,0.937995,0.937991
9.366,0.621447,0.858478,0.937995,0.937991
9.367,0.621446,0.858481,0.937995,0.937991
9.368,0.621446,0.858485,0.937995,0.937991
9.369,0.621446,0.858488,0.937995,0.937991
9.37,0.621445,0.858491,0.937995,0.937991
9.371,0.621445,0.858494,0.937995,0.937991
9.372,0.621444,0.858497,0.937995,0.937991
9.373,0.621444,0.8585,0.937995,0.937991
9.374,0.621444,0.858503,0.937995,0.937991
9.375,0.621443,0.858506,0.937995,0.937991
9.376,0.621443,0.858509,0.937995,0.937991
9.377,0.621442,0.858512,0.937995,0.937991
9.378,0.621442,0.858515,0.937995,0.937991
9.379,0.621442,0.858518,0.937995,0.937991
9.38,0.621441,0.858521,0.937995,0.937991
9.381,0.621441,0.858524,0.937995,0.937991
9.382,0.621441,0.858527,0.937995,0.937991
9.383,0.62144,0.85853,0.937995,0.937991
9.384,0.62144,0.858533,0.937995,0.937991
9.385,0.621439,0.858536,0.937995,0.937991
9.386,0.621439,0.858539,0.937995,0.937991
9.387,0.621439,0.858542,0.937995,0.937991
9.388,0.621438,0.858545,0.937995,0.937991
9.389,0.621438,0.858548,0.937995,0.937991
9.39,0.621437,0.858551,0.937995,0.937991
9.391,0.621437,0.858554,0.937995,0.937991
9.392,0.621437,0.858558,0.937995,0.937991
9.393,0.621436,0.858561,0.937995,0.937991
9.394,0.621436,0.858564,0.937995,0.937991
9.395,0.621435,0.858567,0.937995,0.937991
9.396,0.621435,0.85857,0.937995,0.937991
9.397,0.621435,0.858573,0.937995,0.937991
9.398,0.621434,0.858576,0.937995,0.937991
9.399,0.621434,0.858579,0.937995,0.937991
9.4,0.621433,0.858582,0.937995,0.937991
9.401,0.621433,0.858585,0.937995,0.937991
9.402,0.621433,0.858588,0.937995,0.937991
9.403,0.621432,0.85859,0.937995,0.937991
9.404,0.621432,0.858593,0.937995,0.937991
9.405,0.621431,0.858596,0.937995,0.937991
9.406,0.621431,0.858599,0.937995,0.937991
9.407,0.621431,0.858602,0.937995,0.937991
9.408,0.62143,0.858605,0.937995,0.937991
9.409,0.62143,0.858608,0.937995,0.937991
9.41,0.62143,0.858611,0.937996,0.937991
9.411,0.621429,0.858614,0.937996,0.937991
9.412,0.621429,0.858617,0.937996,0.937991
9.413,0.621428,0.85862,0.937996,0.937991
9.414,0.621428,0.858623,0.937996,0.937991
9.415,0.621428,0.858626,0.937996,0.937991
9.416,0.621427,0.858629,0.937996,0.937991
9.417,0.621427,0.858632,0.937996,0.937991
9.418,0.621426,0.858635,0.937996,0.937991
9.419,0.621426,0.858638,0.937996,0.937991
9.42,0.621426,0.858641,0.937996,0.937991
9.421,0.621425,0.858644,0.937996,0.937991
9.422,0.621425,0.858647,0.937996,0.937991
9.423,0.621425,0.85865,0.937996,0.937992
9.424,0.621424,0.858653,0.937996,0.937992
9.425,0.621424,0.858656,0.937996,0.937992
9.426,0.621423,0.858659,0.937996,0.937992
9.427,0.621423,0.858661,0.937996,0.937992
9.428,0.621423,0.858664,0.937996,0.937992
9.429,0.621422,0.858667,0.937996,0.937992
9.43,0.621422,0.85867,0.937996,0.937992
9.431,0.621422,0.858673,0.937996,0.937992
9.432,0.621421,0.858676,0.937996,0.937992
9.433,0.621421,0.858679,0.937996,0.937992
9.434,0.62142,0.858682,0.937996,0.937992
9.435,0.62142,0.858685,0.937996,0.937992
9.436,0.62142,0.858688,0.937996,0.937992
9.437,0.621419,0.858691,0.937996,0.937992
9.438,0.621419,0.858694,0.937996,0.937992
9.439,0.621418,0.858696,0.937996,0.937992
9.44,0.621418,0.858699,0.937996,0.937992
9.441,0.621418,0.858702,0.937996,0.937992
9.442,0.621417,0.858705,0.937996,0.937992
9.443,0.621417,0.858708,0.937996,0.937992
9.444,0.621417,0.858711,0.937996,0.937992
9.445,0.621416,0.858714,0.937996,0.937992
9.446,0.621416,0.858717,0.937996,0.937992
9.447,0.621415,0.85872,0.937996,0.937992
9.448,0.621415,0.858723,0.937996,0.937992
9.449,0.621415,0.858725,0.937996,0.937992
9.45,0.621414,0.858728,0.937996,0.937992
9.451,0.621414,0.858731,0.937996,0.937992
9.452,0.621414,0.858734,0.937996,0.937992
9.453,0.621413,0.858737,0.937996,0.937992
9.454,0.621413,0.85874,0.937996,0.937992
9.455,0.621413,0.858743,0.937996,0.937992
9.456,0.621412,0.858746,0.937996,0.937992
9.457,0.621412,0.858748,0.937996,0.937992
9.458,0.621411,0.858751,0.937996,0.937992
9.459,0.621411,0.858754,0.937996,0.937992
9.46,0.621411,0.858757,0.937996,0.937992
9.461,0.62141,0.85876,0.937996,0.937992
9.462,0.62141,0.858763,0.937996,0.937992
9.463,0.62141,0.858766,0.937996,0.937992
9.464,0.621409,0.858768,0.937996,0.937992
9.465,0.621409,0.858771,0.937996,0.937992
9.466,0.621408,0.858774,0.937996,0.937992
9.467,0.621408,0.858777,0.937996,0.937992
9.468,0.621408,0.85878,0.937996,0.937992
9.469,0.621407,0.858783,0.937996,0.937992
9.47,0.621407,0.858785,0.937996,0.937992
9.471,0.621407,0.858788,0.937996,0.937992
9.472,0.621406,0.858791,0.937996,0.937992
9.473,0.621406,0.858794,0.937996,0.937992
9.474,0.621406,0.858797,0.937996,0.937992
9.475,0.621405,0.8588,0.937996,0.937992
9.476,0.621405,0.858802,0.937996,0.937992
9.477,0.621404,0.858805,0.937996,0.937992
9.478,0.621404,0.858808,0.937996,0.937992
9.479,0.621404,0.858811,0.937996,0.937992
9.48,0.621403,0.858814,0.937996,0.937992
9.481,0.621403,0.858816,0.937996,0.937992
9.482,0.621403,0.858819,0.937996,0.937992
9.483,0.621402,0.858822,0.937996,0.937992
9.484,0.621402,0.858825,0.937996,0.937992
9.485,0.621402,0.858828,0.937996,0.937992
9.486,0.621401,0.85883,0.937996,0.937992
9.487,0.621401,0.858833,0.937996,0.937992
9.488,0.6214,0.858836,0.937996,0.937992
9.489,0.6214,0.858839,0.937996,0.937992
9.49,0.6214,0.858842,0.937996,0.937992
9.491,0.621399,0.858844,0.937996,0.937992
9.492,0.621399,0.858847,0.937996,0.937992
9.493,0.621399,0.85885,0.937996,0.937992
9.494,0.621398,0.858853,0.937996,0.937992
9.495,0.621398,0.858856,0.937996,0.937992
9.496,0.621398,0.858858,0.937996,0.937992
9.497,0.621397,0.858861,0.937996,0.937992
9.498,0.621397,0.858864,0.937996,0.937992
9.499,0.621397,0.858867,0.937996,0.937992
9.5,0.621396,0.858869,0.937996,0.937992
9.501,0.621396,0.858872,0.937996,0.937992
9.502,0.621395,0.858875,0.937996,0.937992
9.503,0.621395,0.858878,0.937996,0.937992
9.504,0.621395,0.85888,0.937996,0.937992
9.505,0.621394,0.858883,0.937996,0.937992
9.506,0.621394,0.858886,0.937996,0.937992
9.507,0.621394,0.858889,0.937996,0.937992
9.508,0.621393,0.858891,0.937996,0.937992
9.509,0.621393,0.858894,0.937996,0.937992
9.51,0.621393,0.858897,0.937996,0.937992
9.511,0.621392,0.8589,0.937996,0.937992
9.512,0.621392,0.858902,0.937996,0.937992
9.513,0.621392,0.858905,0.937996,0.937992
9.514,0.621391,0.858908,0.937996,0.937992
9.515,0.621391,0.858911,0.937996,0.937992
9.516,0.62139,0.858913,0.937996,0.937992
9.517,0.62139,0.858916,0.937996,0.937992
9.518,0.62139,0.858919,0.937996,0.937992
9.519,0.621389,0.858922,0.937996,0.937992
9.52,0.621389,0.858924,0.937996,0.937992
9.521,0.621389,0.858927,0.937996,0.937992
9.522,0.621388,0.85893,0.937996,0.937992
9.523,0.621388,0.858933,0.937996,0.937992
9.524,0.621388,0.858935,0.937996,0.937992
9.525,0.621387,0.858938,0.937996,0.937992
9.526,0.621387,0.858941,0.937996,0.937992
9.527,0.621387,0.858943,0.937996,0.937992
9.528,0.621386,0.858946,0.937996,0.937992
9.529,0.621386,0.858949,0.937996,0.937992
9.53,0.621386,0.858951,0.937996,0.937992
9.531,0.621385,0.858954,0.937996,0.937992
9.532,0.621385,0.858957,0.937996,0.937992
9.533,0.621385,0.85896,0.937996,0.937992
9.534,0.621384,0.858962,0.937996,0.937992
9.535,0.621384,0.858965,0.937996,0.937992
9.536,0.621384,0.858968,0.937996,0.937993
9.537,0.621383,0.85897,0.937996,0.937993
9.538,0.621383,0.858973,0.937996,0.937993
9.539,0.621382,0.858976,0.937996,0.937993
9.54,0.621382,0.858978,0.937996,0.937993
9.541,0.621382,0.858981,0.937996,0.937993
9.542,0.621381,0.858984,0.937996,0.937993
9.543,0.621381,0.858986,0.937996,0.937993
9.544,0.621381,0.858989,0.937996,0.937993
9.545,0.62138,0.858992,0.937996,0.937993
9.546,0.62138,0.858994,0.937996,0.937993
9.547,0.62138,0.858997,0.937996,0.937993
9.548,0.621379,0.859,0.937996,0.937993
9.549,0.621379,0.859002,0.937996,0.937993
9.55,0.621379,0.859005,0.937996,0.937993
9.551,0.621378,0.859008,0.937996,0.937993
9.552,0.621378,0.85901,0.937996,0.937993
9.553,0.621378,0.859013,0.937996,0.937993
9.554,0.621377,0.859016,0.937996,0.937993
9.555,0.621377,0.859018,0.937996,0.937993
9.556,0.621377,0.859021,0.937996,0.937993
9.557,0.621376,0.859024,0.937996,0.937993
9.558,0.621376,0.859026,0.937996,0.937993
9.559,0.621376,0.859029,0.937996,0.937993
9.56,0.621375,0.859032,0.937996,0.937993
9.561,0.621375,0.859034,0.937996,0.937993
9.562,0.621375,0.859037,0.937996,0.937993
9.563,0.621374,0.85904,0.937996,0.937993
9.564,0.621374,0.859042,0.937996,0.937993
9.565,0.621374,0.859045,0.937996,0.937993
9.566,0.621373,0.859047,0.937996,0.937993
9.567,0.621373,0.85905,0.937996,0.937993
9.568,0.621373,0.859053,0.937996,0.937993
9.569,0.621372,0.859055,0.937996,0.937993
9.57,0.621372,0.859058,0.937996,0.937993
9.571,0.621372,0.859061,0.937996,0.937993
9.572,0.621371,0.859063,0.937996,0.937993
9.573,0.621371,0.859066,0.937996,0.937993
9.574,0.621371,0.859068,0.937996,0.937993
9.575,0.62137,0.859071,0.937996,0.937993
9.576,0.62137,0.859074,0.937996,0.937993
9.577,0.62137,0.859076,0.937996,0.937993
9.578,0.621369,0.859079,0.937996,0.937993
9.579,0.621369,0.859081,0.937996,0.937993
9.58,0.621369,0.859084,0.937996,0.937993
9.581,0.621368,0.859087,0.937996,0.937993
9.582,0.621368,0.859089,0.937996,0.937993
9.583,0.621368,0.859092,0.937996,0.937993
9.584,0.621367,0.859094,0.937996,0.937993
9.585,0.621367,0.859097,0.937996,0.937993
9.586,0.621367,0.8591,0.937996,0.937993
9.587,0.621366,0.859102,0.937996,0.937993
9.588,0.621366,0.859105,0.937996,0.937993
9.589,0.621366,0.859107,0.937996,0.937993
9.59,0.621365,0.85911,0.937996,0.937993
9.591,0.621365,0.859112,0.937996,0.937993
9.592,0.621365,0.859115,0.937996,0.937993
9.593,0.621364,0.859118,0.937996,0.937993
9.594,0.621364,0.85912,0.937996,0.937993
9.595,0.621364,0.859123,0.937996,0.937993
9.596,0.621363,0.859125,0.937996,0.937993
9.597,0.621363,0.859128,0.937996,0.937993
9.598,0.621363,0.85913,0.937996,0.937993
9.599,0.621362,0.859133,0.937996,0.937993
9.6,0.621362,0.859136,0.937996,0.937993
9.601,0.621362,0.859138,0.937996,0.937993
9.602,0.621361,0.859141,0.937996,0.937993
9.603,0.621361,0.859143,0.937996,0.937993
9.604,0.621361,0.859146,0.937996,0.937993
9.605,0.62136,0.859148,0.937996,0.937993
9.606,0.62136,0.859151,0.937996,0.937993
9.607,0.62136,0.859153,0.937996,0.937993
9.608,0.621359,0.859156,0.937996,0.937993
9.609,0.621359,0.859159,0.937996,0.937993
9.61,0.621359,0.859161,0.937996,0.937993
9.611,0.621358,0.859164,0.937996,0.937993
9.612,0.621358,0.859166,0.937996,0.937993
9.613,0.621358,0.859169,0.937996,0.937993
9.614,0.621357,0.859171,0.937996,0.937993
9.615,0.621357,0.859174,0.937996,0.937993
9.616,0.621357,0.859176,0.937996,0.937993
9.617,0.621357,0.859179,0.937996,0.937993
9.618,0.621356,0.859181,0.937996,0.937993
9.619,0.621356,0.859184,0.937996,0.937993
9.62,0.621356,0.859186,0.937996,0.937993
9.621,0.621355,0.859189,0.937996,0.937993
9.622,0.621355,0.859191,0.937996,0.937993
9.623,0.621355,0.859194,0.937996,0.937993
9.624,0.621354,0.859196,0.937996,0.937993
9.625,0.621354,0.859199,0.937996,0.937993
9.626,0.621354,0.859201,0.937996,0.937993
9.627,0.621353,0.859204,0.937996,0.937993
9.628,0.621353,0.859206,0.937996,0.937993
9.629,0.621353,0.859209,0.937996,0.937993
9.63,0.621352,0.859211,0.937996,0.937993
9.631,0.621352,0.859214,0.937996,0.937993
9.632,0.621352,0.859216,0.937996,0.937993
9.633,0.621351,0.859219,0.937996,0.937993
9.634,0.621351,0.859221,0.937996,0.937993
9.635,0.621351,0.859224,0.937996,0.937993
9.636,0.62135,0.859226,0.937997,0.937993
9.637,0.62135,0.859229,0.937997,0.937993
9.638,0.62135,0.859231,0.937997,0.937993
9.639,0.62135,0.859234,0.937997,0.937993
9.64,0.621349,0.859236,0.937997,0.937993
9.641,0.621349,0.859239,0.937997,0.937993
9.642,0.621349,0.859241,0.937997,0.937993
9.643,0.621348,0.859244,0.937997,0.937993
9.644,0.621348,0.859246,0.937997,0.937993
9.645,0.621348,0.859249,0.937997,0.937993
9.646,0.621347,0.859251,0.937997,0.937993
9.647,0.621347,0.859254,0.937997,0.937993
9.648,0.621347,0.859256,0.937997,0.937993
9.649,0.621346,0.859259,0.937997,0.937993
9.65,0.621346,0.859261,0.937997,0.937993
9.651,0.621346,0.859263,0.937997,0.937993
9.652,0.621345,0.859266,0.937997,0.937993
9.653,0.621345,0.859268,0.937997,0.937993
9.654,0.621345,0.859271,0.937997,0.937993
9.655,0.621345,0.859273,0.937997,0.937993
9.656,0.621344,0.859276,0.937997,0.937993
9.657,0.621344,0.859278,0.937997,0.937993
9.658,0.621344,0.859281,0.937997,0.937993
9.659,0.621343,0.859283,0.937997,0.937993
9.66,0.621343,0.859285,0.937997,0.937993
9.661,0.621343,0.859288,0.937997,0.937993
9.662,0.621342,0.85929,0.937997,0.937993
9.663,0.621342,0.859293,0.937997,0.937993
9.664,0.621342,0.859295,0.937997,0.937993
9.665,0.621341,0.859298,0.937997,0.937994
9.666,0.621341,0.8593,0.937997,0.937994
9.667,0.621341,0.859302,0.937997,0.937994
9.668,0.621341,0.859305,0.937997,0.937994
9.669,0.62134,0.859307,0.937997,0.937994
9.67,0.62134,0.85931,0.937997,0.937994
9.671,0.62134,0.859312,0.937997,0.937994
9.672,0.621339,0.859315,0.937997,0.937994
9.673,0.621339,0.859317,0.937997,0.937994
9.674,0.621339,0.859319,0.937997,0.937994
9.675,0.621338,0.859322,0.937997,0.937994
9.676,0.621338,0.859324,0.937997,0.937994
9.677,0.621338,0.859327,0.937997,0.937994
9.678,0.621337,0.859329,0.937997,0.937994
9.679,0.621337,0.859331,0.937997,0.937994
9.68,0.621337,0.859334,0.937997,0.937994
9.681,0.621337,0.859336,0.937997,0.937994
9.682,0.621336,0.859339,0.937997,0.937994
9.683,0.621336,0.859341,0.937997,0.937994
9.684,0.621336,0.859343,0.937997,0.937994
9.685,0.621335,0.859346,0.937997,0.937994
9.686,0.621335,0.859348,0.937997,0.937994
9.687,0.621335,0.859351,0.937997,0.937994
9.688,0.621334,0.859353,0.937997,0.937994
9.689,0.621334,0.859355,0.937997,0.937994
9.69,0.621334,0.859358,0.937997,0.937994
9.691,0.621334,0.85936,0.937997,0.937994
9.692,0.621333,0.859363,0.937997,0.937994
9.693,0.621333,0.859365,0.937997,0.937994
9.694,0.621333,0.859367,0.937997,0.937994
9.695,0.621332,0.85937,0.937997,0.937994
9.696,0.621332,0.859372,0.937997,0.937994
9.697,0.621332,0.859374,0.937997,0.937994
9.698,0.621331,0.859377,0.937997,0.937994
9.699,0.621331,0.859379,0.937997,0.937994
9.7,0.621331,0.859382,0.937997,0.937994
9.701,0.621331,0.859384,0.937997,0.937994
9.702,0.62133,0.859386,0.937997,0.937994
9.703,0.62133,0.859389,0.937997,0.937994
9.704,0.62133,0.859391,0.937997,0.937994
9.705,0.621329,0.859393,0.937997,0.937994
9.706,0.621329,0.859396,0.937997,0.937994
9.707,0.621329,0.859398,0.937997,0.937994
9.708,0.621328,0.8594,0.937997,0.937994
9.709,0.621328,0.859403,0.937997,0.937994
9.71,0.621328,0.859405,0.937997,0.937994
9.711,0.621328,0.859407,0.937997,0.937994
9.712,0.621327,0.85941,0.937997,0.937994
9.713,0.621327,0.859412,0.937997,0.937994
9.714,0.621327,0.859414,0.937997,0.937994
9.715,0.621326,0.859417,0.937997,0.937994
9.716,0.621326,0.859419,0.937997,0.937994
9.717,0.621326,0.859421,0.937997,0.937994
9.718,0.621325,0.859424,0.937997,0.937994
9.719,0.621325,0.859426,0.937997,0.937994
9.72,0.621325,0.859428,0.937997,0.937994
9.721,0.621325,0.859431,0.937997,0.937994
9.722,0.621324,0.859433,0.937997,0.937994
9.723,0.621324,0.859435,0.937997,0.937994
9.724,0.621324,0.859438,0.937997,0.937994
9.725,0.621323,0.85944,0.937997,0.937994
9.726,0.621323,0.859442,0.937997,0.937994
9.727,0.621323,0.859445,0.937997,0.937994
9.728,0.621323,0.859447,0.937997,0.937994
9.729,0.621322,0.859449,0.937997,0.937994
9.73,0.621322,0.859452,0.937997,0.937994
9.731,0.621322,0.859454,0.937997,0.937994
9.732,0.621321,0.859456,0.937997,0.937994
9.733,0.621321,0.859458,0.937997,0.937994
9.734,0.621321,0.859461,0.937997,0.937994
9.735,0.621321,0.859463,0.937997,0.937994
9.736,0.62132,0.859465,0.937997,0.937994
9.737,0.62132,0.859468,0.937997,0.937994
9.738,0.62132,0.85947,0.937997,0.937994
9.739,0.621319,0.859472,0.937997,0.937994
9.74,0.621319,0.859475,0.937997,0.937994
9.741,0.621319,0.859477,0.937997,0.937994
9.742,0.621319,0.859479,0.937997,0.937994
9.743,0.621318,0.859481,0.937997,0.937994
9.744,0.621318,0.859484,0.937997,0.937994
9.745,0.621318,0.859486,0.937997,0.937994
9.746,0.621317,0.859488,0.937997,0.937994
9.747,0.621317,0.859491,0.937997,0.937994
9.748,0.621317,0.859493,0.937997,0.937994
9.749,0.621317,0.859495,0.937997,0.937994
9.75,0.621316,0.859497,0.937997,0.937994
9.751,0.621316,0.8595,0.937997,0.937994
9.752,0.621316,0.859502,0.937997,0.937994
9.753,0.621315,0.859504,0.937997,0.937994
9.754,0.621315,0.859506,0.937997,0.937994
9.755,0.621315,0.859509,0.937997,0.937994
9.756,0.621315,0.859511,0.937997,0.937994
9.757,0.621314,0.859513,0.937997,0.937994
9.758,0.621314,0.859515,0.937997,0.937994
9.759,0.621314,0.859518,0.937997,0.937994
9.76,0.621313,0.85952,0.937997,0.937994
9.761,0.621313,0.859522,0.937997,0.937994
9.762,0.621313,0.859524,0.937997,0.937994
9.763,0.621313,0.859527,0.937997,0.937994
9.764,0.621312,0.859529,0.937997,0.937994
9.765,0.621312,0.859531,0.937997,0.937994
9.766,0.621312,0.859533,0.937997,0.937994
9.767,0.621311,0.859536,0.937997,0.937994
9.768,0.621311,0.859538,0.937997,0.937994
9.769,0.621311,0.85954,0.937997,0.937994
9.77,0.621311,0.859542,0.937997,0.937994
9.771,0.62131,0.859545,0.937997,0.937994
9.772,0.62131,0.859547,0.937997,0.937994
9.773,0.62131,0.859549,0.937997,0.937994
9.774,0.621309,0.859551,0.937997,0.937994
9.775,0.621309,0.859554,0.937997,0.937994
9.776,0.621309,0.859556,0.937997,0.937994
9.777,0.621309,0.859558,0.937997,0.937994
9.778,0.621308,0.85956,0.937997,0.937994
9.779,0.621308,0.859562,0.937997,0.937994
9.78,0.621308,0.859565,0.937997,0.937994
9.781,0.621308,0.859567,0.937997,0.937994
9.782,0.621307,0.859569,0.937997,0.937994
9.783,0.621307,0.859571,0.937997,0.937994
9.784,0.621307,0.859574,0.937997,0.937994
9.785,0.621306,0.859576,0.937997,0.937994
9.786,0.621306,0.859578,0.937997,0.937994
9.787,0.621306,0.85958,0.937997,0.937994
9.788,0.621306,0.859582,0.937997,0.937994
9.789,0.621305,0.859585,0.937997,0.937994
9.79,0.621305,0.859587,0.937997,0.937994
9.791,0.621305,0.859589,0.937997,0.937994
9.792,0.621304,0.859591,0.937997,0.937994
9.793,0.621304,0.859593,0.937997,0.937994
9.794,0.621304,0.859596,0.937997,0.937994
9.795,0.621304,0.859598,0.937997,0.937994
9.796,0.621303,0.8596,0.937997,0.937994
9.797,0.621303,0.859602,0.937997,0.937994
9.798,0.621303,0.859604,0.937997,0.937994
9.799,0.621303,0.859607,0.937997,0.937994
9.8,0.621302,0.859609,0.937997,0.937994
9.801,0.621302,0.859611,0.937997,0.937994
9.802,0.621302,0.859613,0.937997,0.937994
9.803,0.621301,0.859615,0.937997,0.937994
9.804,0.621301,0.859617,0.937997,0.937994
9.805,0.621301,0.85962,0.937997,0.937994
9.806,0.621301,0.859622,0.937997,0.937994
9.807,0.6213,0.859624,0.937997,0.937994
9.808,0.6213,0.859626,0.937997,0.937994
9.809,0.6213,0.859628,0.937997,0.937994
9.81,0.6213,0.85963,0.937997,0.937994
9.811,0.621299,0.859633,0.937997,0.937994
9.812,0.621299,0.859635,0.937997,0.937994
9.813,0.621299,0.859637,0.937997,0.937994
9.814,0.621298,0.859639,0.937997,0.937994
9.815,0.621298,0.859641,0.937997,0.937995
9.816,0.621298,0.859643,0.937997,0.937995
9.817,0.621298,0.859646,0.937997,0.937995
9.818,0.621297,0.859648,0.937997,0.937995
9.819,0.621297,0.85965,0.937997,0.937995
9.82,0.621297,0.859652,0.937997,0.937995
9.821,0.621297,0.859654,0.937997,0.937995
9.822,0.621296,0.859656,0.937997,0.937995
9.823,0.621296,0.859658,0.937997,0.937995
9.824,0.621296,0.859661,0.937997,0.937995
9.825,0.621296,0.859663,0.937997,0.937995
9.826,0.621295,0.859665,0.937997,0.937995
9.827,0.621295,0.859667,0.937997,0.937995
9.828,0.621295,0.859669,0.937997,0.937995
9.829,0.621294,0.859671,0.937997,0.937995
9.83,0.621294,0.859673,0.937997,0.937995
9.831,0.621294,0.859676,0.937997,0.937995
9.832,0.621294,0.859678,0.937997,0.937995
9.833,0.621293,0.85968,0.937997,0.937995
9.834,0.621293,0.859682,0.937997,0.937995
9.835,0.621293,0.859684,0.937997,0.937995
9.836,0.621293,0.859686,0.937997,0.937995
9.837,0.621292,0.859688,0.937997,0.937995
9.838,0.621292,0.85969,0.937997,0.937995
9.839,0.621292,0.859693,0.937997,0.937995
9.84,0.621292,0.859695,0.937997,0.937995
9.841,0.621291,0.859697,0.937997,0.937995
9.842,0.621291,0.859699,0.937997,0.937995
9.843,0.621291,0.859701,0.937997,0.937995
9.844,0.62129,0.859703,0.937997,0.937995
9.845,0.62129,0.859705,0.937997,0.937995
9.846,0.62129,0.859707,0.937997,0.937995
9.847,0.62129,0.859709,0.937997,0.937995
9.848,0.621289,0.859712,0.937997,0.937995
9.849,0.621289,0.859714,0.937997,0.937995
9.85,0.621289,0.859716,0.937997,0.937995
9.851,0.621289,0.859718,0.937997,0.937995
9.852,0.621288,0.85972,0.937997,0.937995
9.853,0.621288,0.859722,0.937997,0.937995
9.854,0.621288,0.859724,0.937997,0.937995
9.855,0.621288,0.859726,0.937997,0.937995
9.856,0.621287,0.859728,0.937997,0.937995
9.857,0.621287,0.85973,0.937997,0.937995
9.858,0.621287,0.859732,0.937997,0.937995
9.859,0.621287,0.859735,0.937997,0.937995
9.86,0.621286,0.859737,0.937997,0.937995
9.861,0.621286,0.859739,0.937997,0.937995
9.862,0.621286,0.859741,0.937997,0.937995
9.863,0.621286,0.859743,0.937997,0.937995
9.864,0.621285,0.859745,0.937997,0.937995
9.865,0.621285,0.859747,0.937997,0.937995
9.866,0.621285,0.859749,0.937997,0.937995
9.867,0.621285,0.859751,0.937997,0.937995
9.868,0.621284,0.859753,0.937997,0.937995
9.869,0.621284,0.859755,0.937997,0.937995
9.87,0.621284,0.859757,0.937997,0.937995
9.871,0.621283,0.859759,0.937997,0.937995
9.872,0.621283,0.859761,0.937997,0.937995
9.873,0.621283,0.859764,0.937997,0.937995
9.874,0.621283,0.859766,0.937997,0.937995
9.875,0.621282,0.859768,0.937997,0.937995
9.876,0.621282,0.85977,0.937997,0.937995
9.877,0.621282,0.859772,0.937997,0.937995
9.878,0.621282,0.859774,0.937997,0.937995
9.879,0.621281,0.859776,0.937997,0.937995
9.88,0.621281,0.859778,0.937997,0.937995
9.881,0.621281,0.85978,0.937997,0.937995
9.882,0.621281,0.859782,0.937997,0.937995
9.883,0.62128,0.859784,0.937997,0.937995
9.884,0.62128,0.859786,0.937997,0.937995
9.885,0.62128,0.859788,0.937997,0.937995
9.886,0.62128,0.85979,0.937997,0.937995
9.887,0.621279,0.859792,0.937997,0.937995
9.888,0.621279,0.859794,0.937997,0.937995
9.889,0.621279,0.859796,0.937997,0.937995
9.89,0.621279,0.859798,0.937997,0.937995
9.891,0.621278,0.8598,0.937997,0.937995
9.892,0.621278,0.859802,0.937997,0.937995
9.893,0.621278,0.859804,0.937997,0.937995
9.894,0.621278,0.859806,0.937997,0.937995
9.895,0.621277,0.859808,0.937997,0.937995
9.896,0.621277,0.85981,0.937997,0.937995
9.897,0.621277,0.859813,0.937997,0.937995
9.898,0.621277,0.859815,0.937997,0.937995
9.899,0.621276,0.859817,0.937997,0.937995
9.9,0.621276,0.859819,0.937997,0.937995
9.901,0.621276,0.859821,0.937997,0.937995
9.902,0.621276,0.859823,0.937997,0.937995
9.903,0.621275,0.859825,0.937997,0.937995
9.904,0.621275,0.859827,0.937997,0.937995
9.905,0.621275,0.859829,0.937997,0.937995
9.906,0.621275,0.859831,0.937997,0.937995
9.907,0.621274,0.859833,0.937997,0.937995
9.908,0.621274,0.859835,0.937997,0.937995
9.909,0.621274,0.859837,0.937997,0.937995
9.91,0.621274,0.859839,0.937997,0.937995
9.911,0.621273,0.859841,0.937997,0.937995
9.912,0.621273,0.859843,0.937997,0.937995
9.913,0.621273,0.859845,0.937997,0.937995
9.914,0.621273,0.859847,0.937997,0.937995
9.915,0.621272,0.859849,0.937997,0.937995
9.916,0.621272,0.859851,0.937997,0.937995
9.917,0.621272,0.859853,0.937997,0.937995
9.918,0.621272,0.859855,0.937997,0.937995
9.919,0.621271,0.859857,0.937997,0.937995
9.92,0.621271,0.859859,0.937997,0.937995
9.921,0.621271,0.859861,0.937997,0.937995
9.922,0.621271,0.859863,0.937997,0.937995
9.923,0.62127,0.859865,0.937997,0.937995
9.924,0.62127,0.859866,0.937997,0.937995
9.925,0.62127,0.859868,0.937997,0.937995
9.926,0.62127,0.85987,0.937997,0.937995
9.927,0.62127,0.859872,0.937997,0.937995
9.928,0.621269,0.859874,0.937997,0.937995
9.929,0.621269,0.859876,0.937997,0.937995
9.93,0.621269,0.859878,0.937997,0.937995
9.931,0.621269,0.85988,0.937997,0.937995
9.932,0.621268,0.859882,0.937997,0.937995
9.933,0.621268,0.859884,0.937997,0.937995
9.934,0.621268,0.859886,0.937997,0.937995
9.935,0.621268,0.859888,0.937997,0.937995
9.936,0.621267,0.85989,0.937997,0.937995
9.937,0.621267,0.859892,0.937997,0.937995
9.938,0.621267,0.859894,0.937997,0.937995
9.939,0.621267,0.859896,0.937998,0.937995
9.94,0.621266,0.859898,0.937998,0.937995
9.941,0.621266,0.8599,0.937998,0.937995
9.942,0.621266,0.859902,0.937998,0.937995
9.943,0.621266,0.859904,0.937998,0.937995
9.944,0.621265,0.859906,0.937998,0.937995
9.945,0.621265,0.859908,0.937998,0.937995
9.946,0.621265,0.85991,0.937998,0.937995
9.947,0.621265,0.859912,0.937998,0.937995
9.948,0.621264,0.859914,0.937998,0.937995
9.949,0.621264,0.859915,0.937998,0.937995
9.95,0.621264,0.859917,0.937998,0.937995
9.951,0.621264,0.859919,0.937998,0.937995
9.952,0.621263,0.859921,0.937998,0.937995
9.953,0.621263,0.859923,0.937998,0.937995
9.954,0.621263,0.859925,0.937998,0.937995
9.955,0.621263,0.859927,0.937998,0.937995
9.956,0.621263,0.859929,0.937998,0.937995
9.957,0.621262,0.859931,0.937998,0.937995
9.958,0.621262,0.859933,0.937998,0.937995
9.959,0.621262,0.859935,0.937998,0.937995
9.96,0.621262,0.859937,0.937998,0.937995
9.961,0.621261,0.859939,0.937998,0.937995
9.962,0.621261,0.859941,0.937998,0.937995
9.963,0.621261,0.859942,0.937998,0.937995
9.964,0.621261,0.859944,0.937998,0.937995
9.965,0.62126,0.859946,0.937998,0.937995
9.966,0.62126,0.859948,0.937998,0.937995
9.967,0.62126,0.85995,0.937998,0.937995
9.968,0.62126,0.859952,0.937998,0.937995
9.969,0.621259,0.859954,0.937998,0.937995
9.97,0.621259,0.859956,0.937998,0.937995
9.971,0.621259,0.859958,0.937998,0.937995
9.972,0.621259,0.85996,0.937998,0.937995
9.973,0.621259,0.859962,0.937998,0.937995
9.974,0.621258,0.859963,0.937998,0.937995
9.975,0.621258,0.859965,0.937998,0.937995
9.976,0.621258,0.859967,0.937998,0.937995
9.977,0.621258,0.859969,0.937998,0.937995
9.978,0.621257,0.859971,0.937998,0.937995
9.979,0.621257,0.859973,0.937998,0.937995
9.98,0.621257,0.859975,0.937998,0.937995
9.981,0.621257,0.859977,0.937998,0.937995
9.982,0.621256,0.859979,0.937998,0.937995
9.983,0.621256,0.85998,0.937998,0.937995
9.984,0.621256,0.859982,0.937998,0.937995
9.985,0.621256,0.859984,0.937998,0.937995
9.986,0.621256,0.859986,0.937998,0.937995
9.987,0.621255,0.859988,0.937998,0.937995
9.988,0.621255,0.85999,0.937998,0.937995
9.989,0.621255,0.859992,0.937998,0.937995
9.99,0.621255,0.859994,0.937998,0.937995
9.991,0.621254,0.859996,0.937998,0.937995
9.992,0.621254,0.859997,0.937998,0.937995
9.993,0.621254,0.859999,0.937998,0.937995
9.994,0.621254,0.860001,0.937998,0.937995
9.995,0.621253,0.860003,0.937998,0.937995
9.996,0.621253,0.860005,0.937998,0.937996
9.997,0.621253,0.860007,0.937998,0.937996
9.998,0.621253,0.860009,0.937998,0.937996
9.999,0.621253,0.86001,0.937998,0.937996
10,0.621252,0.860012,0.937998,0.937996
