# SYNTHETIC MODEL OUTPUT (Python reduced-order models in figures/), NOT Simulink results. Generated by export_data.py.
# Case T (G10 three-phase fault): onset 0.10 s, cleared 0.25 s
# decision 0.6192 s; STATCOM full output 0.6492 s; SVC full output 0.7692 s (+T_comm)
# angles are absolute rotor angles in degrees; dt = 1 ms
time_s,G1_deg,G4_deg,G7_deg,G10_NC_deg,G10_CC_deg,G10_PF_STATCOM_Tcomm0_deg,G10_PF_STATCOM_Tcomm200ms_deg,G10_PF_SVC_Tcomm0_deg,Q_STATCOM_Bus16_Tcomm0_Mvar
0,20,25,28,19,19,19,19,19,0
0.001,20,25,28,19,19,19,19,19,0
0.002,20,25,28,19,19,19,19,19,0
0.003,20,25,28,19,19,19,19,19,0
0.004,20,25,28,19,19,19,19,19,0
0.005,20,25,28,19,19,19,19,19,0
0.006,20,25,28,19,19,19,19,19,0
0.007,20,25,28,19,19,19,19,19,0
0.008,20,25,28,19,19,19,19,19,0
0.009,20,25,28,19,19,19,19,19,0
0.01,20,25,28,19,19,19,19,19,0
0.011,20,25,28,19,19,19,19,19,0
0.012,20,25,28,19,19,19,19,19,0
0.013,20,25,28,19,19,19,19,19,0
0.014,20,25,28,19,19,19,19,19,0
0.015,20,25,28,19,19,19,19,19,0
0.016,20,25,28,19,19,19,19,19,0
0.017,20,25,28,19,19,19,19,19,0
0.018,20,25,28,19,19,19,19,19,0
0.019,20,25,28,19,19,19,19,19,0
0.02,20,25,28,19,19,19,19,19,0
0.021,20,25,28,19,19,19,19,19,0
0.022,20,25,28,19,19,19,19,19,0
0.023,20,25,28,19,19,19,19,19,0
0.024,20,25,28,19,19,19,19,19,0
0.025,20,25,28,19,19,19,19,19,0
0.026,20,25,28,19,19,19,19,19,0
0.027,20,25,28,19,19,19,19,19,0
0.028,20,25,28,19,19,19,19,19,0
0.029,20,25,28,19,19,19,19,19,0
0.03,20,25,28,19,19,19,19,19,0
0.031,20,25,28,19,19,19,19,19,0
0.032,20,25,28,19,19,19,19,19,0
0.033,20,25,28,19,19,19,19,19,0
0.034,20,25,28,19,19,19,19,19,0
0.035,20,25,28,19,19,19,19,19,0
0.036,20,25,28,19,19,19,19,19,0
0.037,20,25,28,19,19,19,19,19,0
0.038,20,25,28,19,19,19,19,19,0
0.039,20,25,28,19,19,19,19,19,0
0.04,20,25,28,19,19,19,19,19,0
0.041,20,25,28,19,19,19,19,19,0
0.042,20,25,28,19,19,19,19,19,0
0.043,20,25,28,19,19,19,19,19,0
0.044,20,25,28,19,19,19,19,19,0
0.045,20,25,28,19,19,19,19,19,0
0.046,20,25,28,19,19,19,19,19,0
0.047,20,25,28,19,19,19,19,19,0
0.048,20,25,28,19,19,19,19,19,0
0.049,20,25,28,19,19,19,19,19,0
0.05,20,25,28,19,19,19,19,19,0
0.051,20,25,28,19,19,19,19,19,0
0.052,20,25,28,19,19,19,19,19,0
0.053,20,25,28,19,19,19,19,19,0
0.054,20,25,28,19,19,19,19,19,0
0.055,20,25,28,19,19,19,19,19,0
0.056,20,25,28,19,19,19,19,19,0
0.057,20,25,28,19,19,19,19,19,0
0.058,20,25,28,19,19,19,19,19,0
0.059,20,25,28,19,19,19,19,19,0
0.06,20,25,28,19,19,19,19,19,0
0.061,20,25,28,19,19,19,19,19,0
0.062,20,25,28,19,19,19,19,19,0
0.063,20,25,28,19,19,19,19,19,0
0.064,20,25,28,19,19,19,19,19,0
0.065,20,25,28,19,19,19,19,19,0
0.066,20,25,28,19,19,19,19,19,0
0.067,20,25,28,19,19,19,19,19,0
0.068,20,25,28,19,19,19,19,19,0
0.069,20,25,28,19,19,19,19,19,0
0.07,20,25,28,19,19,19,19,19,0
0.071,20,25,28,19,19,19,19,19,0
0.072,20,25,28,19,19,19,19,19,0
0.073,20,25,28,19,19,19,19,19,0
0.074,20,25,28,19,19,19,19,19,0
0.075,20,25,28,19,19,19,19,19,0
0.076,20,25,28,19,19,19,19,19,0
0.077,20,25,28,19,19,19,19,19,0
0.078,20,25,28,19,19,19,19,19,0
0.079,20,25,28,19,19,19,19,19,0
0.08,20,25,28,19,19,19,19,19,0
0.081,20,25,28,19,19,19,19,19,0
0.082,20,25,28,19,19,19,19,19,0
0.083,20,25,28,19,19,19,19,19,0
0.084,20,25,28,19,19,19,19,19,0
0.085,20,25,28,19,19,19,19,19,0
0.086,20,25,28,19,19,19,19,19,0
0.087,20,25,28,19,19,19,19,19,0
0.088,20,25,28,19,19,19,19,19,0
0.089,20,25,28,19,19,19,19,19,0
0.09,20,25,28,19,19,19,19,19,0
0.091,20,25,28,19,19,19,19,19,0
0.092,20,25,28,19,19,19,19,19,0
0.093,20,25,28,19,19,19,19,19,0
0.094,20,25,28,19,19,19,19,19,0
0.095,20,25,28,19,19,19,19,19,0
0.096,20,25,28,19,19,19,19,19,0
0.097,20,25,28,19,19,19,19,19,0
0.098,20,25,28,19,19,19,19,19,0
0.099,20,25,28,19,19,19,19,19,0
0.1,20,25,28,19,19,19,19,19,0
0.101,20.0001,25.0001,28.0001,19.0002,19.0002,19.0002,19.0002,19.0002,0
0.102,20.0004,25.0004,28.0005,19.0008,19.0008,19.0008,19.0008,19.0008,0
0.103,20.0008,25.001,28.0011,19.0018,19.0018,19.0018,19.0018,19.0018,0
0.104,20.0015,25.0018,28.002,19.0032,19.0032,19.0032,19.0032,19.0032,0
0.105,20.0023,25.0028,28.0032,19.005,19.005,19.005,19.005,19.005,0
0.106,20.0033,25.004,28.0046,19.0072,19.0072,19.0072,19.0072,19.0072,0
0.107,20.0044,25.0054,28.0062,19.0098,19.0098,19.0098,19.0098,19.0098,0
0.108,20.0058,25.0071,28.0081,19.0128,19.0128,19.0128,19.0128,19.0128,0
0.109,20.0073,25.009,28.0103,19.0162,19.0162,19.0162,19.0162,19.0162,0
0.11,20.009,25.0111,28.0127,19.02,19.02,19.02,19.02,19.02,0
0.111,20.0109,25.0134,28.0154,19.0242,19.0242,19.0242,19.0242,19.0242,0
0.112,20.013,25.016,28.0183,19.0288,19.0288,19.0288,19.0288,19.0288,0
0.113,20.0153,25.0188,28.0214,19.0339,19.0339,19.0339,19.0339,19.0339,0
0.114,20.0177,25.0218,28.0249,19.0393,19.0393,19.0393,19.0393,19.0393,0
0.115,20.0203,25.025,28.0285,19.0451,19.0451,19.0451,19.0451,19.0451,0
0.116,20.0231,25.0284,28.0325,19.0513,19.0513,19.0513,19.0513,19.0513,0
0.117,20.0261,25.0321,28.0366,19.0579,19.0579,19.0579,19.0579,19.0579,0
0.118,20.0292,25.0359,28.0411,19.0649,19.0649,19.0649,19.0649,19.0649,0
0.119,20.0326,25.04,28.0457,19.0723,19.0723,19.0723,19.0723,19.0723,0
0.12,20.0361,25.0443,28.0507,19.0801,19.0801,19.0801,19.0801,19.0801,0
0.121,20.0398,25.0489,28.0559,19.0883,19.0883,19.0883,19.0883,19.0883,0
0.122,20.0436,25.0536,28.0613,19.0969,19.0969,19.0969,19.0969,19.0969,0
0.123,20.0477,25.0586,28.067,19.1059,19.1059,19.1059,19.1059,19.1059,0
0.124,20.0519,25.0638,28.0729,19.1153,19.1153,19.1153,19.1153,19.1153,0
0.125,20.0563,25.0692,28.0791,19.1251,19.1251,19.1251,19.1251,19.1251,0
0.126,20.0608,25.0748,28.0855,19.1353,19.1353,19.1353,19.1353,19.1353,0
0.127,20.0656,25.0807,28.0922,19.1459,19.1459,19.1459,19.1459,19.1459,0
0.128,20.0705,25.0867,28.0992,19.1569,19.1569,19.1569,19.1569,19.1569,0
0.129,20.0756,25.093,28.1064,19.1682,19.1682,19.1682,19.1682,19.1682,0
0.13,20.0809,25.0995,28.1138,19.18,19.18,19.18,19.18,19.18,0
0.131,20.0863,25.1062,28.1215,19.1922,19.1922,19.1922,19.1922,19.1922,0
0.132,20.092,25.1132,28.1294,19.2048,19.2048,19.2048,19.2048,19.2048,0
0.133,20.0978,25.1203,28.1376,19.2178,19.2178,19.2178,19.2178,19.2178,0
0.134,20.1038,25.1277,28.146,19.2312,19.2312,19.2312,19.2312,19.2312,0
0.135,20.1099,25.1353,28.1547,19.2449,19.2449,19.2449,19.2449,19.2449,0
0.136,20.1162,25.1431,28.1637,19.2591,19.2591,19.2591,19.2591,19.2591,0
0.137,20.1227,25.1511,28.1728,19.2737,19.2737,19.2737,19.2737,19.2737,0
0.138,20.1294,25.1593,28.1823,19.2887,19.2887,19.2887,19.2887,19.2887,0
0.139,20.1363,25.1677,28.192,19.304,19.304,19.304,19.304,19.304,0
0.14,20.1433,25.1764,28.2019,19.3198,19.3198,19.3198,19.3198,19.3198,0
0.141,20.1505,25.1853,28.2121,19.336,19.336,19.336,19.336,19.336,0
0.142,20.1579,25.1944,28.2225,19.3525,19.3525,19.3525,19.3525,19.3525,0
0.143,20.1654,25.2037,28.2332,19.3695,19.3695,19.3695,19.3695,19.3695,0
0.144,20.1731,25.2132,28.2441,19.3868,19.3868,19.3868,19.3868,19.3868,0
0.145,20.181,25.2229,28.2552,19.4046,19.4046,19.4046,19.4046,19.4046,0
0.146,20.1891,25.2329,28.2667,19.4227,19.4227,19.4227,19.4227,19.4227,0
0.147,20.1973,25.2431,28.2783,19.4413,19.4413,19.4413,19.4413,19.4413,0
0.148,20.2057,25.2534,28.2902,19.4602,19.4602,19.4602,19.4602,19.4602,0
0.149,20.2143,25.264,28.3024,19.4795,19.4795,19.4795,19.4795,19.4795,0
0.15,20.2231,25.2748,28.3148,19.4993,19.4993,19.4993,19.4993,19.4993,0
0.151,20.232,25.2858,28.3274,19.5194,19.5194,19.5194,19.5194,19.5194,0
0.152,20.2411,25.2971,28.3403,19.5399,19.5399,19.5399,19.5399,19.5399,0
0.153,20.2503,25.3085,28.3534,19.5608,19.5608,19.5608,19.5608,19.5608,0
0.154,20.2598,25.3202,28.3668,19.5821,19.5821,19.5821,19.5821,19.5821,0
0.155,20.2694,25.332,28.3804,19.6038,19.6038,19.6038,19.6038,19.6038,0
0.156,20.2791,25.3441,28.3943,19.626,19.626,19.626,19.626,19.626,0
0.157,20.2891,25.3564,28.4084,19.6485,19.6485,19.6485,19.6485,19.6485,0
0.158,20.2992,25.3689,28.4228,19.6714,19.6714,19.6714,19.6714,19.6714,0
0.159,20.3095,25.3816,28.4374,19.6946,19.6946,19.6946,19.6946,19.6946,0
0.16,20.3199,25.3945,28.4522,19.7183,19.7183,19.7183,19.7183,19.7183,0
0.161,20.3306,25.4077,28.4673,19.7424,19.7424,19.7424,19.7424,19.7424,0
0.162,20.3413,25.421,28.4827,19.7669,19.7669,19.7669,19.7669,19.7669,0
0.163,20.3523,25.4346,28.4982,19.7918,19.7918,19.7918,19.7918,19.7918,0
0.164,20.3634,25.4483,28.514,19.817,19.817,19.817,19.817,19.817,0
0.165,20.3747,25.4623,28.5301,19.8427,19.8427,19.8427,19.8427,19.8427,0
0.166,20.3862,25.4765,28.5464,19.8687,19.8687,19.8687,19.8687,19.8687,0
0.167,20.3978,25.4909,28.563,19.8952,19.8952,19.8952,19.8952,19.8952,0
0.168,20.4096,25.5055,28.5798,19.922,19.922,19.922,19.922,19.922,0
0.169,20.4216,25.5203,28.5968,19.9493,19.9493,19.9493,19.9493,19.9493,0
0.17,20.4337,25.5353,28.6141,19.9769,19.9769,19.9769,19.9769,19.9769,0
0.171,20.446,25.5505,28.6316,20.0049,20.0049,20.0049,20.0049,20.0049,0
0.172,20.4584,25.5659,28.6493,20.0334,20.0334,20.0334,20.0334,20.0334,0
0.173,20.4711,25.5816,28.6673,20.0622,20.0622,20.0622,20.0622,20.0622,0
0.174,20.4838,25.5974,28.6856,20.0914,20.0914,20.0914,20.0914,20.0914,0
0.175,20.4968,25.6135,28.704,20.121,20.121,20.121,20.121,20.121,0
0.176,20.5099,25.6297,28.7228,20.151,20.151,20.151,20.151,20.151,0
0.177,20.5232,25.6462,28.7417,20.1814,20.1814,20.1814,20.1814,20.1814,0
0.178,20.5366,25.6628,28.7609,20.2122,20.2122,20.2122,20.2122,20.2122,0
0.179,20.5502,25.6797,28.7804,20.2433,20.2433,20.2433,20.2433,20.2433,0
0.18,20.564,25.6968,28.8,20.2749,20.2749,20.2749,20.2749,20.2749,0
0.181,20.578,25.7141,28.8199,20.3069,20.3069,20.3069,20.3069,20.3069,0
0.182,20.5921,25.7316,28.8401,20.3392,20.3392,20.3392,20.3392,20.3392,0
0.183,20.6063,25.7493,28.8605,20.372,20.372,20.372,20.372,20.372,0
0.184,20.6207,25.7672,28.8811,20.4051,20.4051,20.4051,20.4051,20.4051,0
0.185,20.6353,25.7853,28.902,20.4387,20.4387,20.4387,20.4387,20.4387,0
0.186,20.6501,25.8036,28.9231,20.4726,20.4726,20.4726,20.4726,20.4726,0
0.187,20.665,25.8221,28.9444,20.5069,20.5069,20.5069,20.5069,20.5069,0
0.188,20.68,25.8408,28.966,20.5416,20.5416,20.5416,20.5416,20.5416,0
0.189,20.6953,25.8597,28.9878,20.5767,20.5767,20.5767,20.5767,20.5767,0
0.19,20.7107,25.8788,29.0099,20.6122,20.6122,20.6122,20.6122,20.6122,0
0.191,20.7262,25.8981,29.0322,20.6481,20.6481,20.6481,20.6481,20.6481,0
0.192,20.7419,25.9177,29.0547,20.6844,20.6844,20.6844,20.6844,20.6844,0
0.193,20.7578,25.9374,29.0775,20.7211,20.7211,20.7211,20.7211,20.7211,0
0.194,20.7738,25.9573,29.1005,20.7581,20.7581,20.7581,20.7581,20.7581,0
0.195,20.79,25.9774,29.1237,20.7956,20.7956,20.7956,20.7956,20.7956,0
0.196,20.8064,25.9978,29.1472,20.8334,20.8334,20.8334,20.8334,20.8334,0
0.197,20.8229,26.0183,29.1709,20.8717,20.8717,20.8717,20.8717,20.8717,0
0.198,20.8395,26.039,29.1948,20.9103,20.9103,20.9103,20.9103,20.9103,0
0.199,20.8563,26.0599,29.219,20.9493,20.9493,20.9493,20.9493,20.9493,0
0.2,20.8733,26.0811,29.2434,20.9887,20.9887,20.9887,20.9887,20.9887,0
0.201,20.8904,26.1024,29.268,21.0286,21.0286,21.0286,21.0286,21.0286,0
0.202,20.9077,26.1239,29.2929,21.0687,21.0687,21.0687,21.0687,21.0687,0
0.203,20.9252,26.1456,29.318,21.1093,21.1093,21.1093,21.1093,21.1093,0
0.204,20.9428,26.1675,29.3433,21.1503,21.1503,21.1503,21.1503,21.1503,0
0.205,20.9605,26.1896,29.3689,21.1917,21.1917,21.1917,21.1917,21.1917,0
0.206,20.9785,26.212,29.3947,21.2334,21.2334,21.2334,21.2334,21.2334,0
0.207,20.9965,26.2345,29.4207,21.2756,21.2756,21.2756,21.2756,21.2756,0
0.208,21.0147,26.2572,29.447,21.3181,21.3181,21.3181,21.3181,21.3181,0
0.209,21.0331,26.2801,29.4735,21.3611,21.3611,21.3611,21.3611,21.3611,0
0.21,21.0517,26.3032,29.5002,21.4044,21.4044,21.4044,21.4044,21.4044,0
0.211,21.0703,26.3265,29.5272,21.4481,21.4481,21.4481,21.4481,21.4481,0
0.212,21.0892,26.35,29.5544,21.4922,21.4922,21.4922,21.4922,21.4922,0
0.213,21.1082,26.3736,29.5818,21.5367,21.5367,21.5367,21.5367,21.5367,0
0.214,21.1273,26.3975,29.6095,21.5816,21.5816,21.5816,21.5816,21.5816,0
0.215,21.1466,26.4216,29.6373,21.6268,21.6268,21.6268,21.6268,21.6268,0
0.216,21.166,26.4459,29.6654,21.6725,21.6725,21.6725,21.6725,21.6725,0
0.217,21.1856,26.4703,29.6938,21.7186,21.7186,21.7186,21.7186,21.7186,0
0.218,21.2054,26.495,29.7223,21.765,21.765,21.765,21.765,21.765,0
0.219,21.2253,26.5198,29.7511,21.8118,21.8118,21.8118,21.8118,21.8118,0
0.22,21.2454,26.5449,29.7802,21.859,21.859,21.859,21.859,21.859,0
0.221,21.2656,26.5701,29.8094,21.9067,21.9067,21.9067,21.9067,21.9067,0
0.222,21.2859,26.5955,29.8389,21.9547,21.9547,21.9547,21.9547,21.9547,0
0.223,21.3064,26.6212,29.8686,22.003,22.003,22.003,22.003,22.003,0
0.224,21.3271,26.647,29.8985,22.0518,22.0518,22.0518,22.0518,22.0518,0
0.225,21.3479,26.673,29.9287,22.101,22.101,22.101,22.101,22.101,0
0.226,21.3688,26.6992,29.959,22.1505,22.1505,22.1505,22.1505,22.1505,0
0.227,21.3899,26.7255,29.9897,22.2005,22.2005,22.2005,22.2005,22.2005,0
0.228,21.4111,26.7521,30.0205,22.2508,22.2508,22.2508,22.2508,22.2508,0
0.229,21.4325,26.7789,30.0515,22.3015,22.3015,22.3015,22.3015,22.3015,0
0.23,21.4541,26.8058,30.0828,22.3526,22.3526,22.3526,22.3526,22.3526,0
0.231,21.4758,26.833,30.1143,22.4041,22.4041,22.4041,22.4041,22.4041,0
0.232,21.4976,26.8603,30.1461,22.456,22.456,22.456,22.456,22.456,0
0.233,21.5196,26.8878,30.178,22.5083,22.5083,22.5083,22.5083,22.5083,0
0.234,21.5417,26.9155,30.2102,22.5609,22.5609,22.5609,22.5609,22.5609,0
0.235,21.564,26.9434,30.2426,22.614,22.614,22.614,22.614,22.614,0
0.236,21.5864,26.9715,30.2752,22.6674,22.6674,22.6674,22.6674,22.6674,0
0.237,21.6089,26.9997,30.3081,22.7212,22.7212,22.7212,22.7212,22.7212,0
0.238,21.6316,27.0282,30.3412,22.7755,22.7755,22.7755,22.7755,22.7755,0
0.239,21.6545,27.0568,30.3744,22.83,22.83,22.83,22.83,22.83,0
0.24,21.6775,27.0857,30.408,22.885,22.885,22.885,22.885,22.885,0
0.241,21.7006,27.1147,30.4417,22.9404,22.9404,22.9404,22.9404,22.9404,0
0.242,21.7239,27.1439,30.4757,22.9962,22.9962,22.9962,22.9962,22.9962,0
0.243,21.7473,27.1732,30.5098,23.0523,23.0523,23.0523,23.0523,23.0523,0
0.244,21.7708,27.2028,30.5442,23.1088,23.1088,23.1088,23.1088,23.1088,0
0.245,21.7945,27.2325,30.5788,23.1658,23.1658,23.1658,23.1658,23.1658,0
0.246,21.8184,27.2625,30.6137,23.2231,23.2231,23.2231,23.2231,23.2231,0
0.247,21.8424,27.2926,30.6487,23.2808,23.2808,23.2808,23.2808,23.2808,0
0.248,21.8665,27.3229,30.684,23.3388,23.3388,23.3388,23.3388,23.3388,0
0.249,21.8908,27.3534,30.7195,23.3973,23.3973,23.3973,23.3973,23.3973,0
0.25,21.9152,27.384,30.7552,23.4562,23.4562,23.4562,23.4562,23.4562,0
0.251,21.9396,27.4148,30.791,23.5153,23.5153,23.5153,23.5153,23.5153,0
0.252,21.964,27.4455,30.8268,23.5748,23.5748,23.5748,23.5748,23.5748,0
0.253,21.9884,27.4762,30.8626,23.6345,23.6345,23.6345,23.6345,23.6345,0
0.254,22.0127,27.5068,30.8983,23.6945,23.6944,23.6945,23.6945,23.6945,0
0.255,22.0371,27.5374,30.9341,23.7548,23.7546,23.7548,23.7548,23.7548,0
0.256,22.0613,27.568,30.9698,23.8153,23.8151,23.8153,23.8153,23.8153,0
0.257,22.0855,27.5986,31.0055,23.8761,23.8758,23.8761,23.8761,23.8761,0
0.258,22.1097,27.6291,31.0411,23.9372,23.9368,23.9372,23.9372,23.9372,0
0.259,22.1339,27.6596,31.0768,23.9986,23.998,23.9986,23.9986,23.9986,0
0.26,22.158,27.6901,31.1124,24.0602,24.0595,24.0602,24.0602,24.0602,0
0.261,22.182,27.7206,31.148,24.1221,24.1212,24.1221,24.1221,24.1221,0
0.262,22.2061,27.751,31.1836,24.1842,24.1832,24.1842,24.1842,24.1842,0
0.263,22.23,27.7813,31.2191,24.2467,24.2455,24.2467,24.2467,24.2467,0
0.264,22.254,27.8117,31.2546,24.3093,24.308,24.3093,24.3093,24.3093,0
0.265,22.2779,27.842,31.2901,24.3723,24.3707,24.3723,24.3723,24.3723,0
0.266,22.3017,27.8723,31.3256,24.4355,24.4338,24.4355,24.4355,24.4355,0
0.267,22.3255,27.9025,31.361,24.499,24.497,24.499,24.499,24.499,0
0.268,22.3493,27.9327,31.3964,24.5628,24.5605,24.5628,24.5628,24.5628,0
0.269,22.373,27.9629,31.4318,24.6268,24.6243,24.6268,24.6268,24.6268,0
0.27,22.3967,27.9931,31.4672,24.6911,24.6883,24.6911,24.6911,24.6911,0
0.271,22.4203,28.0232,31.5025,24.7556,24.7526,24.7556,24.7556,24.7556,0
0.272,22.4439,28.0532,31.5378,24.8205,24.8171,24.8205,24.8205,24.8205,0
0.273,22.4675,28.0833,31.5731,24.8856,24.8819,24.8856,24.8856,24.8856,0
0.274,22.4909,28.1133,31.6084,24.9509,24.9469,24.9509,24.9509,24.9509,0
0.275,22.5144,28.1432,31.6436,25.0165,25.0122,25.0165,25.0165,25.0165,0
0.276,22.5378,28.1731,31.6788,25.0824,25.0777,25.0824,25.0824,25.0824,0
0.277,22.5612,28.203,31.7139,25.1485,25.1434,25.1485,25.1485,25.1485,0
0.278,22.5845,28.2329,31.749,25.2149,25.2095,25.2149,25.2149,25.2149,0
0.279,22.6077,28.2627,31.7841,25.2816,25.2757,25.2816,25.2816,25.2816,0
0.28,22.6309,28.2924,31.8192,25.3485,25.3422,25.3485,25.3485,25.3485,0
0.281,22.6541,28.3222,31.8542,25.4157,25.409,25.4157,25.4157,25.4157,0
0.282,22.6772,28.3518,31.8892,25.4832,25.476,25.4832,25.4832,25.4832,0
0.283,22.7003,28.3815,31.9242,25.5509,25.5432,25.5509,25.5509,25.5509,0
0.284,22.7233,28.4111,31.9591,25.6188,25.6107,25.6188,25.6188,25.6188,0
0.285,22.7463,28.4407,31.994,25.6871,25.6785,25.6871,25.6871,25.6871,0
0.286,22.7692,28.4702,32.0288,25.7556,25.7465,25.7556,25.7556,25.7556,0
0.287,22.792,28.4997,32.0636,25.8243,25.8147,25.8243,25.8243,25.8243,0
0.288,22.8148,28.5291,32.0984,25.8933,25.8832,25.8933,25.8933,25.8933,0
0.289,22.8376,28.5585,32.1332,25.9626,25.9519,25.9626,25.9626,25.9626,0
0.29,22.8603,28.5878,32.1679,26.0321,26.0209,26.0321,26.0321,26.0321,0
0.291,22.883,28.6171,32.2025,26.1019,26.0901,26.1019,26.1019,26.1019,0
0.292,22.9056,28.6464,32.2372,26.172,26.1595,26.172,26.172,26.172,0
0.293,22.9281,28.6756,32.2718,26.2423,26.2292,26.2423,26.2423,26.2423,0
0.294,22.9506,28.7048,32.3063,26.3128,26.2991,26.3128,26.3128,26.3128,0
0.295,22.9731,28.7339,32.3408,26.3836,26.3693,26.3836,26.3836,26.3836,0
0.296,22.9955,28.763,32.3753,26.4547,26.4397,26.4547,26.4547,26.4547,0
0.297,23.0178,28.792,32.4098,26.526,26.5104,26.526,26.526,26.526,0
0.298,23.0401,28.821,32.4442,26.5976,26.5813,26.5976,26.5976,26.5976,0
0.299,23.0623,28.8499,32.4785,26.6694,26.6524,26.6694,26.6694,26.6694,0
0.3,23.0845,28.8788,32.5128,26.7415,26.7238,26.7415,26.7415,26.7415,0
0.301,23.1066,28.9076,32.5471,26.8139,26.7954,26.8139,26.8139,26.8139,0
0.302,23.1286,28.9364,32.5813,26.8865,26.8673,26.8865,26.8865,26.8865,0
0.303,23.1506,28.9652,32.6155,26.9593,26.9393,26.9593,26.9593,26.9593,0
0.304,23.1726,28.9938,32.6497,27.0324,27.0117,27.0324,27.0324,27.0324,0
0.305,23.1945,29.0225,32.6838,27.1058,27.0842,27.1058,27.1058,27.1058,0
0.306,23.2163,29.0511,32.7178,27.1794,27.157,27.1794,27.1794,27.1794,0
0.307,23.2381,29.0796,32.7518,27.2532,27.2301,27.2532,27.2532,27.2532,0
0.308,23.2598,29.1081,32.7858,27.3273,27.3034,27.3273,27.3273,27.3273,0
0.309,23.2814,29.1366,32.8197,27.4017,27.3769,27.4017,27.4017,27.4017,0
0.31,23.303,29.1649,32.8536,27.4763,27.4506,27.4763,27.4763,27.4763,0
0.311,23.3246,29.1933,32.8874,27.5512,27.5246,27.5512,27.5512,27.5512,0
0.312,23.346,29.2216,32.9212,27.6263,27.5988,27.6263,27.6263,27.6263,0
0.313,23.3675,29.2498,32.955,27.7017,27.6733,27.7017,27.7017,27.7017,0
0.314,23.3888,29.278,32.9887,27.7773,27.7479,27.7773,27.7773,27.7773,0
0.315,23.4101,29.3061,33.0223,27.8531,27.8228,27.8531,27.8531,27.8531,0
0.316,23.4313,29.3342,33.0559,27.9292,27.898,27.9292,27.9292,27.9292,0
0.317,23.4525,29.3622,33.0894,28.0056,27.9734,28.0056,28.0056,28.0056,0
0.318,23.4736,29.3901,33.1229,28.0822,28.049,28.0822,28.0822,28.0822,0
0.319,23.4947,29.418,33.1564,28.159,28.1248,28.159,28.159,28.159,0
0.32,23.5157,29.4459,33.1898,28.2361,28.2009,28.2361,28.2361,28.2361,0
0.321,23.5366,29.4737,33.2231,28.3135,28.2772,28.3135,28.3135,28.3135,0
0.322,23.5575,29.5014,33.2564,28.3911,28.3537,28.3911,28.3911,28.3911,0
0.323,23.5783,29.5291,33.2897,28.4689,28.4305,28.4689,28.4689,28.4689,0
0.324,23.599,29.5567,33.3229,28.547,28.5075,28.547,28.547,28.547,0
0.325,23.6197,29.5843,33.356,28.6253,28.5847,28.6253,28.6253,28.6253,0
0.326,23.6403,29.6118,33.3891,28.7039,28.6622,28.7039,28.7039,28.7039,0
0.327,23.6608,29.6392,33.4221,28.7827,28.7398,28.7827,28.7827,28.7827,0
0.328,23.6813,29.6666,33.4551,28.8617,28.8177,28.8617,28.8617,28.8617,0
0.329,23.7017,29.694,33.4881,28.941,28.8959,28.941,28.941,28.941,0
0.33,23.7221,29.7212,33.5209,29.0206,28.9742,29.0206,29.0206,29.0206,0
0.331,23.7423,29.7484,33.5538,29.1004,29.0528,29.1004,29.1004,29.1004,0
0.332,23.7626,29.7756,33.5865,29.1804,29.1316,29.1804,29.1804,29.1804,0
0.333,23.7827,29.8027,33.6192,29.2607,29.2107,29.2607,29.2607,29.2607,0
0.334,23.8028,29.8297,33.6519,29.3412,29.2899,29.3412,29.3412,29.3412,0
0.335,23.8228,29.8567,33.6845,29.4219,29.3694,29.4219,29.4219,29.4219,0
0.336,23.8428,29.8836,33.717,29.5029,29.4491,29.5029,29.5029,29.5029,0
0.337,23.8626,29.9104,33.7495,29.5841,29.529,29.5841,29.5841,29.5841,0
0.338,23.8825,29.9372,33.7819,29.6656,29.6092,29.6656,29.6656,29.6656,0
0.339,23.9022,29.964,33.8143,29.7473,29.6896,29.7473,29.7473,29.7473,0
0.34,23.9219,29.9906,33.8466,29.8292,29.7702,29.8292,29.8292,29.8292,0
0.341,23.9415,30.0172,33.8789,29.9114,29.851,29.9114,29.9114,29.9114,0
0.342,23.961,30.0437,33.9111,29.9938,29.932,29.9938,29.9938,29.9938,0
0.343,23.9805,30.0702,33.9432,30.0765,30.0133,30.0765,30.0765,30.0765,0
0.344,23.9999,30.0966,33.9753,30.1594,30.0948,30.1594,30.1594,30.1594,0
0.345,24.0192,30.123,34.0073,30.2425,30.1765,30.2425,30.2425,30.2425,0
0.346,24.0385,30.1492,34.0393,30.3259,30.2584,30.3259,30.3259,30.3259,0
0.347,24.0577,30.1754,34.0712,30.4095,30.3405,30.4095,30.4095,30.4095,0
0.348,24.0768,30.2016,34.103,30.4933,30.4229,30.4933,30.4933,30.4933,0
0.349,24.0959,30.2277,34.1348,30.5774,30.5054,30.5774,30.5774,30.5774,0
0.35,24.1148,30.2537,34.1665,30.6617,30.5882,30.6617,30.6617,30.6617,0
0.351,24.1338,30.2796,34.1981,30.7462,30.6713,30.7462,30.7462,30.7462,0
0.352,24.1526,30.3055,34.2297,30.831,30.7545,30.831,30.831,30.831,0
0.353,24.1714,30.3313,34.2612,30.916,30.8379,30.916,30.916,30.916,0
0.354,24.19,30.3571,34.2927,31.0013,30.9216,31.0013,31.0013,31.0013,0
0.355,24.2087,30.3827,34.3241,31.0867,31.0055,31.0867,31.0867,31.0867,0
0.356,24.2272,30.4083,34.3554,31.1724,31.0895,31.1724,31.1724,31.1724,0
0.357,24.2457,30.4339,34.3867,31.2584,31.1738,31.2584,31.2584,31.2584,0
0.358,24.2641,30.4594,34.4179,31.3445,31.2584,31.3445,31.3445,31.3445,0
0.359,24.2824,30.4848,34.449,31.4309,31.3431,31.4309,31.4309,31.4309,0
0.36,24.3007,30.5101,34.4801,31.5176,31.428,31.5176,31.5176,31.5176,0
0.361,24.3188,30.5354,34.5111,31.6044,31.5132,31.6044,31.6044,31.6044,0
0.362,24.3369,30.5605,34.5421,31.6915,31.5986,31.6915,31.6915,31.6915,0
0.363,24.355,30.5857,34.5729,31.7788,31.6841,31.7788,31.7788,31.7788,0
0.364,24.3729,30.6107,34.6037,31.8664,31.7699,31.8664,31.8664,31.8664,0
0.365,24.3908,30.6357,34.6345,31.9541,31.8559,31.9541,31.9541,31.9541,0
0.366,24.4086,30.6606,34.6651,32.0421,31.9421,32.0421,32.0421,32.0421,0
0.367,24.4263,30.6854,34.6957,32.1303,32.0286,32.1303,32.1303,32.1303,0
0.368,24.444,30.7102,34.7263,32.2188,32.1152,32.2188,32.2188,32.2188,0
0.369,24.4616,30.7349,34.7567,32.3075,32.202,32.3075,32.3075,32.3075,0
0.37,24.4791,30.7595,34.7871,32.3964,32.2891,32.3964,32.3964,32.3964,0
0.371,24.4965,30.7841,34.8175,32.4855,32.3763,32.4855,32.4855,32.4855,0
0.372,24.5138,30.8085,34.8477,32.5749,32.4638,32.5749,32.5749,32.5749,0
0.373,24.5311,30.8329,34.8779,32.6644,32.5515,32.6644,32.6644,32.6644,0
0.374,24.5483,30.8572,34.908,32.7542,32.6393,32.7542,32.7542,32.7542,0
0.375,24.5654,30.8815,34.9381,32.8443,32.7274,32.8443,32.8443,32.8443,0
0.376,24.5825,30.9057,34.968,32.9345,32.8157,32.9345,32.9345,32.9345,0
0.377,24.5994,30.9298,34.9979,33.025,32.9042,33.025,33.025,33.025,0
0.378,24.6163,30.9538,35.0277,33.1157,32.9929,33.1157,33.1157,33.1157,0
0.379,24.6331,30.9777,35.0575,33.2066,33.0818,33.2066,33.2066,33.2066,0
0.38,24.6498,31.0016,35.0872,33.2977,33.1709,33.2977,33.2977,33.2977,0
0.381,24.6665,31.0254,35.1168,33.3891,33.2602,33.3891,33.3891,33.3891,0
0.382,24.683,31.0491,35.1463,33.4807,33.3497,33.4807,33.4807,33.4807,0
0.383,24.6995,31.0728,35.1758,33.5725,33.4394,33.5725,33.5725,33.5725,0
0.384,24.7159,31.0963,35.2052,33.6645,33.5294,33.6645,33.6645,33.6645,0
0.385,24.7323,31.1198,35.2345,33.7567,33.6195,33.7567,33.7567,33.7567,0
0.386,24.7485,31.1432,35.2637,33.8492,33.7098,33.8492,33.8492,33.8492,0
0.387,24.7647,31.1666,35.2929,33.9418,33.8003,33.9418,33.9418,33.9418,0
0.388,24.7807,31.1898,35.322,34.0347,33.891,34.0347,34.0347,34.0347,0
0.389,24.7968,31.213,35.351,34.1278,33.9819,34.1278,34.1278,34.1278,0
0.39,24.8127,31.2361,35.3799,34.2212,34.0731,34.2212,34.2212,34.2212,0
0.391,24.8285,31.2591,35.4088,34.3147,34.1644,34.3147,34.3147,34.3147,0
0.392,24.8443,31.2821,35.4375,34.4085,34.2559,34.4085,34.4085,34.4085,0
0.393,24.86,31.3049,35.4662,34.5024,34.3476,34.5024,34.5024,34.5024,0
0.394,24.8756,31.3277,35.4949,34.5966,34.4395,34.5966,34.5966,34.5966,0
0.395,24.8911,31.3504,35.5234,34.691,34.5316,34.691,34.691,34.691,0
0.396,24.9065,31.373,35.5519,34.7857,34.6239,34.7857,34.7857,34.7857,0
0.397,24.9219,31.3956,35.5803,34.8805,34.7164,34.8805,34.8805,34.8805,0
0.398,24.9371,31.418,35.6086,34.9755,34.8091,34.9755,34.9755,34.9755,0
0.399,24.9523,31.4404,35.6368,35.0708,34.902,35.0708,35.0708,35.0708,0
0.4,24.9674,31.4627,35.6649,35.1663,34.9951,35.1663,35.1663,35.1663,0
0.401,24.9824,31.4849,35.693,35.262,35.0883,35.262,35.262,35.262,0
0.402,24.9974,31.507,35.721,35.3579,35.1818,35.3579,35.3579,35.3579,0
0.403,25.0122,31.5291,35.7489,35.454,35.2755,35.454,35.454,35.454,0
0.404,25.027,31.5511,35.7767,35.5503,35.3693,35.5503,35.5503,35.5503,0
0.405,25.0417,31.5729,35.8045,35.6468,35.4634,35.6468,35.6468,35.6468,0
0.406,25.0563,31.5947,35.8322,35.7435,35.5576,35.7435,35.7435,35.7435,0
0.407,25.0708,31.6165,35.8597,35.8405,35.652,35.8405,35.8405,35.8405,0
0.408,25.0852,31.6381,35.8872,35.9377,35.7466,35.9377,35.9377,35.9377,0
0.409,25.0996,31.6596,35.9147,36.035,35.8415,36.035,36.035,36.035,0
0.41,25.1139,31.6811,35.942,36.1326,35.9364,36.1326,36.1326,36.1326,0
0.411,25.128,31.7025,35.9693,36.2304,36.0316,36.2304,36.2304,36.2304,0
0.412,25.1421,31.7238,35.9964,36.3284,36.127,36.3284,36.3284,36.3284,0
0.413,25.1561,31.745,36.0235,36.4266,36.2226,36.4266,36.4266,36.4266,0
0.414,25.1701,31.7661,36.0505,36.525,36.3183,36.525,36.525,36.525,0
0.415,25.1839,31.7872,36.0774,36.6236,36.4143,36.6236,36.6236,36.6236,0
0.416,25.1977,31.8081,36.1043,36.7224,36.5104,36.7224,36.7224,36.7224,0
0.417,25.2113,31.829,36.131,36.8214,36.6067,36.8214,36.8214,36.8214,0
0.418,25.2249,31.8498,36.1577,36.9206,36.7032,36.9206,36.9206,36.9206,0
0.419,25.2384,31.8705,36.1843,37.0201,36.7999,37.0201,37.0201,37.0201,0
0.42,25.2518,31.8911,36.2107,37.1197,36.8967,37.1197,37.1197,37.1197,0
0.421,25.2651,31.9116,36.2372,37.2195,36.9938,37.2195,37.2195,37.2195,0
0.422,25.2784,31.932,36.2635,37.3196,37.091,37.3196,37.3196,37.3196,0
0.423,25.2915,31.9524,36.2897,37.4198,37.1884,37.4198,37.4198,37.4198,0
0.424,25.3046,31.9726,36.3158,37.5202,37.286,37.5202,37.5202,37.5202,0
0.425,25.3175,31.9928,36.3419,37.6209,37.3838,37.6209,37.6209,37.6209,0
0.426,25.3304,32.0129,36.3679,37.7217,37.4818,37.7217,37.7217,37.7217,0
0.427,25.3432,32.0329,36.3938,37.8228,37.5799,37.8228,37.8228,37.8228,0
0.428,25.3559,32.0528,36.4196,37.924,37.6782,37.924,37.924,37.924,0
0.429,25.3686,32.0726,36.4453,38.0255,37.7767,38.0255,38.0255,38.0255,0
0.43,25.3811,32.0924,36.4709,38.1271,37.8754,38.1271,38.1271,38.1271,0
0.431,25.3935,32.112,36.4964,38.2289,37.9743,38.2289,38.2289,38.2289,0
0.432,25.4059,32.1316,36.5218,38.331,38.0733,38.331,38.331,38.331,0
0.433,25.4182,32.151,36.5472,38.4332,38.1726,38.4332,38.4332,38.4332,0
0.434,25.4303,32.1704,36.5725,38.5357,38.272,38.5357,38.5357,38.5357,0
0.435,25.4424,32.1897,36.5976,38.6383,38.3715,38.6383,38.6383,38.6383,0
0.436,25.4544,32.2089,36.6227,38.7411,38.4713,38.7411,38.7411,38.7411,0
0.437,25.4663,32.228,36.6477,38.8442,38.5712,38.8442,38.8442,38.8442,0
0.438,25.4782,32.247,36.6726,38.9474,38.6713,38.9474,38.9474,38.9474,0
0.439,25.4899,32.2659,36.6974,39.0508,38.7716,39.0508,39.0508,39.0508,0
0.44,25.5016,32.2847,36.7221,39.1544,38.8721,39.1544,39.1544,39.1544,0
0.441,25.5131,32.3035,36.7467,39.2582,38.9727,39.2582,39.2582,39.2582,0
0.442,25.5246,32.3221,36.7713,39.3622,39.0735,39.3622,39.3622,39.3622,0
0.443,25.536,32.3407,36.7957,39.4664,39.1745,39.4664,39.4664,39.4664,0
0.444,25.5472,32.3591,36.8201,39.5708,39.2756,39.5708,39.5708,39.5708,0
0.445,25.5584,32.3775,36.8443,39.6754,39.377,39.6754,39.6754,39.6754,0
0.446,25.5696,32.3958,36.8685,39.7801,39.4785,39.7801,39.7801,39.7801,0
0.447,25.5806,32.414,36.8925,39.8851,39.5801,39.8851,39.8851,39.8851,0
0.448,25.5915,32.4321,36.9165,39.9902,39.682,39.9902,39.9902,39.9902,0
0.449,25.6023,32.4501,36.9404,40.0956,39.784,40.0956,40.0956,40.0956,0
0.45,25.6131,32.468,36.9642,40.2011,39.8862,40.2011,40.2011,40.2011,0
0.451,25.6237,32.4858,36.9879,40.3068,39.9885,40.3068,40.3068,40.3068,0
0.452,25.6343,32.5035,37.0115,40.4128,40.091,40.4128,40.4128,40.4128,0
0.453,25.6448,32.5211,37.035,40.5189,40.1937,40.5189,40.5189,40.5189,0
0.454,25.6552,32.5387,37.0584,40.6252,40.2966,40.6252,40.6252,40.6252,0
0.455,25.6655,32.5561,37.0817,40.7316,40.3996,40.7316,40.7316,40.7316,0
0.456,25.6757,32.5735,37.1049,40.8383,40.5028,40.8383,40.8383,40.8383,0
0.457,25.6858,32.5907,37.128,40.9451,40.6061,40.9451,40.9451,40.9451,0
0.458,25.6958,32.6079,37.151,41.0522,40.7097,41.0522,41.0522,41.0522,0
0.459,25.7057,32.6249,37.174,41.1594,40.8134,41.1594,41.1594,41.1594,0
0.46,25.7155,32.6419,37.1968,41.2668,40.9172,41.2668,41.2668,41.2668,0
0.461,25.7253,32.6588,37.2195,41.3744,41.0212,41.3744,41.3744,41.3744,0
0.462,25.7349,32.6756,37.2422,41.4822,41.1254,41.4822,41.4822,41.4822,0
0.463,25.7445,32.6922,37.2647,41.5902,41.2298,41.5902,41.5902,41.5902,0
0.464,25.754,32.7088,37.2872,41.6983,41.3343,41.6983,41.6983,41.6983,0
0.465,25.7634,32.7253,37.3095,41.8066,41.439,41.8066,41.8066,41.8066,0
0.466,25.7726,32.7417,37.3318,41.9152,41.5438,41.9152,41.9152,41.9152,0
0.467,25.7818,32.758,37.3539,42.0239,41.6488,42.0239,42.0239,42.0239,0
0.468,25.7909,32.7742,37.376,42.1327,41.754,42.1327,42.1327,42.1327,0
0.469,25.7999,32.7903,37.3979,42.2418,41.8593,42.2418,42.2418,42.2418,0
0.47,25.8089,32.8063,37.4198,42.351,41.9648,42.351,42.351,42.351,0
0.471,25.8177,32.8222,37.4415,42.4605,42.0704,42.4605,42.4605,42.4605,0
0.472,25.8264,32.838,37.4632,42.5701,42.1762,42.5701,42.5701,42.5701,0
0.473,25.8351,32.8537,37.4847,42.6799,42.2822,42.6799,42.6799,42.6799,0
0.474,25.8436,32.8694,37.5062,42.7898,42.3883,42.7898,42.7898,42.7898,0
0.475,25.8521,32.8849,37.5275,42.9,42.4946,42.9,42.9,42.9,0
0.476,25.8604,32.9003,37.5488,43.0103,42.601,43.0103,43.0103,43.0103,0
0.477,25.8687,32.9156,37.5699,43.1208,42.7076,43.1208,43.1208,43.1208,0
0.478,25.8769,32.9309,37.591,43.2315,42.8144,43.2315,43.2315,43.2315,0
0.479,25.8849,32.946,37.612,43.3423,42.9213,43.3423,43.3423,43.3423,0
0.48,25.8929,32.961,37.6328,43.4533,43.0284,43.4533,43.4533,43.4533,0
0.481,25.9008,32.976,37.6536,43.5645,43.1356,43.5645,43.5645,43.5645,0
0.482,25.9086,32.9908,37.6742,43.6759,43.243,43.6759,43.6759,43.6759,0
0.483,25.9163,33.0055,37.6948,43.7875,43.3505,43.7875,43.7875,43.7875,0
0.484,25.924,33.0202,37.7152,43.8992,43.4582,43.8992,43.8992,43.8992,0
0.485,25.9315,33.0347,37.7355,44.0111,43.566,44.0111,44.0111,44.0111,0
0.486,25.9389,33.0491,37.7558,44.1232,43.674,44.1232,44.1232,44.1232,0
0.487,25.9462,33.0635,37.7759,44.2355,43.7821,44.2355,44.2355,44.2355,0
0.488,25.9535,33.0777,37.796,44.3479,43.8904,44.3479,44.3479,44.3479,0
0.489,25.9606,33.0919,37.8159,44.4605,43.9989,44.4605,44.4605,44.4605,0
0.49,25.9677,33.1059,37.8357,44.5733,44.1075,44.5733,44.5733,44.5733,0
0.491,25.9747,33.1198,37.8554,44.6862,44.2162,44.6862,44.6862,44.6862,0
0.492,25.9815,33.1337,37.8751,44.7993,44.3251,44.7993,44.7993,44.7993,0
0.493,25.9883,33.1474,37.8946,44.9126,44.4342,44.9126,44.9126,44.9126,0
0.494,25.995,33.1611,37.914,45.0261,44.5434,45.0261,45.0261,45.0261,0
0.495,26.0016,33.1746,37.9333,45.1397,44.6527,45.1397,45.1397,45.1397,0
0.496,26.0081,33.1881,37.9525,45.2535,44.7622,45.2535,45.2535,45.2535,0
0.497,26.0145,33.2014,37.9716,45.3675,44.8718,45.3675,45.3675,45.3675,0
0.498,26.0208,33.2146,37.9906,45.4816,44.9816,45.4816,45.4816,45.4816,0
0.499,26.027,33.2278,38.0095,45.5959,45.0916,45.5959,45.5959,45.5959,0
0.5,26.0331,33.2408,38.0283,45.7104,45.2016,45.7104,45.7104,45.7104,0
0.501,26.0391,33.2537,38.047,45.825,45.3119,45.825,45.825,45.825,0
0.502,26.0451,33.2666,38.0656,45.9398,45.4222,45.9398,45.9398,45.9398,0
0.503,26.0509,33.2793,38.084,46.0548,45.5328,46.0548,46.0548,46.0548,0
0.504,26.0566,33.2919,38.1024,46.1699,45.6434,46.1699,46.1699,46.1699,0
0.505,26.0623,33.3045,38.1207,46.2852,45.7542,46.2852,46.2852,46.2852,0
0.506,26.0678,33.3169,38.1388,46.4007,45.8652,46.4007,46.4007,46.4007,0
0.507,26.0733,33.3292,38.1569,46.5163,45.9763,46.5163,46.5163,46.5163,0
0.508,26.0787,33.3415,38.1748,46.6321,46.0875,46.6321,46.6321,46.6321,0
0.509,26.084,33.3536,38.1927,46.7481,46.1989,46.7481,46.7481,46.7481,0
0.51,26.0891,33.3656,38.2104,46.8642,46.3104,46.8642,46.8642,46.8642,0
0.511,26.0942,33.3775,38.228,46.9805,46.4221,46.9805,46.9805,46.9805,0
0.512,26.0992,33.3894,38.2455,47.0969,46.5339,47.0969,47.0969,47.0969,0
0.513,26.1041,33.4011,38.2629,47.2135,46.6458,47.2135,47.2135,47.2135,0
0.514,26.1089,33.4127,38.2802,47.3303,46.7579,47.3303,47.3303,47.3303,0
0.515,26.1136,33.4242,38.2974,47.4473,46.8701,47.4473,47.4473,47.4473,0
0.516,26.1182,33.4356,38.3145,47.5644,46.9825,47.5644,47.5644,47.5644,0
0.517,26.1228,33.4469,38.3315,47.6816,47.095,47.6816,47.6816,47.6816,0
0.518,26.1272,33.4581,38.3484,47.799,47.2076,47.799,47.799,47.799,0
0.519,26.1315,33.4692,38.3651,47.9166,47.3204,47.9166,47.9166,47.9166,0
0.52,26.1358,33.4802,38.3818,48.0343,47.4333,48.0343,48.0343,48.0343,0
0.521,26.1399,33.4911,38.3983,48.1522,47.5463,48.1522,48.1522,48.1522,0
0.522,26.144,33.5019,38.4147,48.2703,47.6595,48.2703,48.2703,48.2703,0
0.523,26.1479,33.5126,38.4311,48.3885,47.7728,48.3885,48.3885,48.3885,0
0.524,26.1518,33.5232,38.4473,48.5069,47.8863,48.5069,48.5069,48.5069,0
0.525,26.1556,33.5337,38.4634,48.6254,47.9999,48.6254,48.6254,48.6254,0
0.526,26.1592,33.544,38.4794,48.7441,48.1136,48.7441,48.7441,48.7441,0
0.527,26.1628,33.5543,38.4953,48.8629,48.2274,48.8629,48.8629,48.8629,0
0.528,26.1663,33.5645,38.5111,48.9819,48.3414,48.9819,48.9819,48.9819,0
0.529,26.1697,33.5745,38.5267,49.101,48.4555,49.101,49.101,49.101,0
0.53,26.173,33.5845,38.5423,49.2203,48.5698,49.2203,49.2203,49.2203,0
0.531,26.1762,33.5944,38.5577,49.3398,48.6842,49.3398,49.3398,49.3398,0
0.532,26.1793,33.6041,38.5731,49.4594,48.7987,49.4594,49.4594,49.4594,0
0.533,26.1823,33.6138,38.5883,49.5792,48.9133,49.5792,49.5792,49.5792,0
0.534,26.1853,33.6233,38.6034,49.6991,49.0281,49.6991,49.6991,49.6991,0
0.535,26.1881,33.6328,38.6184,49.8191,49.143,49.8191,49.8191,49.8191,0
0.536,26.1908,33.6421,38.6333,49.9394,49.2581,49.9394,49.9394,49.9394,0
0.537,26.1935,33.6513,38.6481,50.0597,49.3732,50.0597,50.0597,50.0597,0
0.538,26.196,33.6605,38.6628,50.1803,49.4885,50.1803,50.1803,50.1803,0
0.539,26.1985,33.6695,38.6774,50.3009,49.604,50.3009,50.3009,50.3009,0
0.54,26.2009,33.6784,38.6918,50.4218,49.7195,50.4218,50.4218,50.4218,0
0.541,26.2031,33.6872,38.7062,50.5427,49.8352,50.5427,50.5427,50.5427,0
0.542,26.2053,33.696,38.7204,50.6639,49.951,50.6639,50.6639,50.6639,0
0.543,26.2074,33.7046,38.7345,50.7851,50.0669,50.7851,50.7851,50.7851,0
0.544,26.2094,33.7131,38.7485,50.9065,50.183,50.9065,50.9065,50.9065,0
0.545,26.2113,33.7215,38.7624,51.0281,50.2992,51.0281,51.0281,51.0281,0
0.546,26.2131,33.7298,38.7762,51.1498,50.4155,51.1498,51.1498,51.1498,0
0.547,26.2148,33.738,38.7899,51.2717,50.5319,51.2717,51.2717,51.2717,0
0.548,26.2164,33.7461,38.8035,51.3937,50.6485,51.3937,51.3937,51.3937,0
0.549,26.218,33.754,38.8169,51.5159,50.7652,51.5159,51.5159,51.5159,0
0.55,26.2194,33.7619,38.8303,51.6382,50.882,51.6382,51.6382,51.6382,0
0.551,26.2207,33.7697,38.8435,51.7606,50.9989,51.7606,51.7606,51.7606,0
0.552,26.222,33.7774,38.8566,51.8832,51.1159,51.8832,51.8832,51.8832,0
0.553,26.2231,33.7849,38.8696,52.006,51.2331,52.006,52.006,52.006,0
0.554,26.2242,33.7924,38.8825,52.1289,51.3504,52.1289,52.1289,52.1289,0
0.555,26.2252,33.7997,38.8953,52.2519,51.4678,52.2519,52.2519,52.2519,0
0.556,26.226,33.807,38.9079,52.3751,51.5854,52.3751,52.3751,52.3751,0
0.557,26.2268,33.8141,38.9205,52.4984,51.703,52.4984,52.4984,52.4984,0
0.558,26.2275,33.8212,38.9329,52.6219,51.8208,52.6219,52.6219,52.6219,0
0.559,26.2281,33.8281,38.9452,52.7455,51.9387,52.7455,52.7455,52.7455,0
0.56,26.2286,33.8349,38.9574,52.8692,52.0567,52.8692,52.8692,52.8692,0
0.561,26.229,33.8416,38.9695,52.9931,52.1748,52.9931,52.9931,52.9931,0
0.562,26.2294,33.8483,38.9815,53.1171,52.2931,53.1171,53.1171,53.1171,0
0.563,26.2296,33.8548,38.9934,53.2413,52.4115,53.2413,53.2413,53.2413,0
0.564,26.2297,33.8612,39.0051,53.3656,52.53,53.3656,53.3656,53.3656,0
0.565,26.2298,33.8675,39.0168,53.49,52.6486,53.49,53.49,53.49,0
0.566,26.2297,33.8737,39.0283,53.6146,52.7673,53.6146,53.6146,53.6146,0
0.567,26.2296,33.8798,39.0397,53.7394,52.8861,53.7394,53.7394,53.7394,0
0.568,26.2294,33.8858,39.051,53.8642,53.0051,53.8642,53.8642,53.8642,0
0.569,26.2291,33.8916,39.0622,53.9892,53.1241,53.9892,53.9892,53.9892,0
0.57,26.2287,33.8974,39.0733,54.1144,53.2433,54.1144,54.1144,54.1144,0
0.571,26.2281,33.9031,39.0842,54.2397,53.3626,54.2397,54.2397,54.2397,0
0.572,26.2276,33.9086,39.0951,54.3651,53.482,54.3651,54.3651,54.3651,0
0.573,26.2269,33.9141,39.1058,54.4906,53.6015,54.4906,54.4906,54.4906,0
0.574,26.2261,33.9195,39.1164,54.6163,53.7212,54.6163,54.6163,54.6163,0
0.575,26.2252,33.9247,39.1269,54.7422,53.8409,54.7422,54.7422,54.7422,0
0.576,26.2243,33.9299,39.1373,54.8681,53.9608,54.8681,54.8681,54.8681,0
0.577,26.2232,33.9349,39.1476,54.9942,54.0808,54.9942,54.9942,54.9942,0
0.578,26.2221,33.9398,39.1577,55.1205,54.2008,55.1205,55.1205,55.1205,0
0.579,26.2208,33.9447,39.1678,55.2468,54.321,55.2468,55.2468,55.2468,0
0.58,26.2195,33.9494,39.1777,55.3733,54.4413,55.3733,55.3733,55.3733,0
0.581,26.2181,33.954,39.1875,55.5,54.5617,55.5,55.5,55.5,0
0.582,26.2166,33.9585,39.1972,55.6268,54.6823,55.6268,55.6268,55.6268,0
0.583,26.215,33.9629,39.2068,55.7537,54.8029,55.7537,55.7537,55.7537,0
0.584,26.2133,33.9672,39.2162,55.8807,54.9236,55.8807,55.8807,55.8807,0
0.585,26.2116,33.9714,39.2256,56.0079,55.0445,56.0079,56.0079,56.0079,0
0.586,26.2097,33.9755,39.2348,56.1352,55.1655,56.1352,56.1352,56.1352,0
0.587,26.2078,33.9795,39.244,56.2626,55.2865,56.2626,56.2626,56.2626,0
0.588,26.2057,33.9834,39.253,56.3902,55.4077,56.3902,56.3902,56.3902,0
0.589,26.2036,33.9871,39.2618,56.5178,55.529,56.5178,56.5178,56.5178,0
0.59,26.2014,33.9908,39.2706,56.6457,55.6504,56.6457,56.6457,56.6457,0
0.591,26.1991,33.9944,39.2793,56.7736,55.7718,56.7736,56.7736,56.7736,0
0.592,26.1967,33.9978,39.2878,56.9017,55.8934,56.9017,56.9017,56.9017,0
0.593,26.1942,34.0012,39.2962,57.0299,56.0151,57.0299,57.0299,57.0299,0
0.594,26.1916,34.0044,39.3046,57.1583,56.1369,57.1583,57.1583,57.1583,0
0.595,26.1889,34.0076,39.3128,57.2867,56.2589,57.2867,57.2867,57.2867,0
0.596,26.1862,34.0106,39.3208,57.4153,56.3809,57.4153,57.4153,57.4153,0
0.597,26.1833,34.0136,39.3288,57.544,56.503,57.544,57.544,57.544,0
0.598,26.1804,34.0164,39.3366,57.6729,56.6252,57.6729,57.6729,57.6729,0
0.599,26.1774,34.0191,39.3444,57.8019,56.7475,57.8019,57.8019,57.8019,0
0.6,26.1743,34.0217,39.352,57.931,56.87,57.931,57.931,57.931,0
0.601,26.1711,34.0243,39.3595,58.0602,56.9925,58.0602,58.0602,58.0602,0
0.602,26.1678,34.0267,39.3669,58.1896,57.1151,58.1896,58.1896,58.1896,0
0.603,26.1644,34.029,39.3741,58.319,57.2378,58.319,58.319,58.319,0
0.604,26.161,34.0312,39.3813,58.4487,57.3607,58.4487,58.4487,58.4487,0
0.605,26.1574,34.0333,39.3883,58.5784,57.4836,58.5784,58.5784,58.5784,0
0.606,26.1538,34.0353,39.3953,58.7082,57.6066,58.7082,58.7082,58.7082,0
0.607,26.1501,34.0371,39.4021,58.8382,57.7298,58.8382,58.8382,58.8382,0
0.608,26.1463,34.0389,39.4087,58.9683,57.853,58.9683,58.9683,58.9683,0
0.609,26.1424,34.0406,39.4153,59.0985,57.9763,59.0985,59.0985,59.0985,0
0.61,26.1384,34.0422,39.4218,59.2289,58.0997,59.2289,59.2289,59.2289,0
0.611,26.1343,34.0437,39.4281,59.3594,58.2233,59.3594,59.3594,59.3594,0
0.612,26.1302,34.045,39.4343,59.4899,58.3469,59.4899,59.4899,59.4899,0
0.613,26.1259,34.0463,39.4404,59.6207,58.4706,59.6207,59.6207,59.6207,0
0.614,26.1216,34.0474,39.4464,59.7515,58.5944,59.7515,59.7515,59.7515,0
0.615,26.1172,34.0485,39.4523,59.8825,58.7183,59.8825,59.8825,59.8825,0
0.616,26.1127,34.0494,39.4581,60.0135,58.8423,60.0135,60.0135,60.0135,0
0.617,26.1081,34.0503,39.4637,60.1447,58.9664,60.1447,60.1447,60.1447,0
0.618,26.1034,34.051,39.4692,60.276,59.0906,60.276,60.276,60.276,0
0.619,26.0987,34.0517,39.4746,60.4075,59.2149,60.4075,60.4075,60.4075,0
0.62,26.0938,34.0522,39.4799,60.539,59.3393,60.539,60.539,60.539,11.3942
0.621,26.0889,34.0526,39.4851,60.6707,59.4638,60.6706,60.6707,60.6707,24.413
0.622,26.0839,34.0529,39.4902,60.8025,59.5883,60.8022,60.8025,60.8024,36.1928
0.623,26.0788,34.0532,39.4951,60.9344,59.713,60.9337,60.9344,60.9343,46.8517
0.624,26.0736,34.0533,39.4999,61.0664,59.8378,61.065,61.0664,61.0661,56.4963
0.625,26.0684,34.0533,39.5047,61.1986,59.9626,61.1962,61.1986,61.198,65.2231
0.626,26.063,34.0532,39.5093,61.3308,60.0876,61.3271,61.3308,61.33,73.1194
0.627,26.0576,34.053,39.5137,61.4632,60.2126,61.4577,61.4632,61.4619,80.2642
0.628,26.0521,34.0527,39.5181,61.5957,60.3377,61.5879,61.5957,61.5939,86.7292
0.629,26.0465,34.0523,39.5223,61.7283,60.4629,61.7178,61.7283,61.7258,92.5789
0.63,26.0408,34.0518,39.5265,61.861,60.5882,61.8472,61.861,61.8577,97.8719
0.631,26.035,34.0512,39.5305,61.9939,60.7136,61.9762,61.9939,61.9895,102.661
0.632,26.0292,34.0505,39.5344,62.1268,60.8391,62.1048,62.1268,62.1213,106.995
0.633,26.0232,34.0497,39.5382,62.2599,60.9647,62.2328,62.2599,62.253,110.916
0.634,26.0172,34.0488,39.5418,62.3931,61.0904,62.3604,62.3931,62.3846,114.464
0.635,26.0111,34.0477,39.5454,62.5264,61.2161,62.4874,62.5264,62.5161,117.674
0.636,26.0049,34.0466,39.5488,62.6598,61.342,62.6138,62.6598,62.6475,120.579
0.637,25.9987,34.0454,39.5521,62.7933,61.4679,62.7397,62.7933,62.7787,123.208
0.638,25.9923,34.0441,39.5553,62.927,61.5939,62.865,62.927,62.9098,125.586
0.639,25.9859,34.0426,39.5584,63.0607,61.72,62.9897,63.0607,63.0408,127.738
0.64,25.9794,34.0411,39.5614,63.1946,61.8462,63.1138,63.1946,63.1716,129.685
0.641,25.9728,34.0395,39.5642,63.3286,61.9725,63.2373,63.3286,63.3022,131.447
0.642,25.9661,34.0378,39.567,63.4627,62.0989,63.3601,63.4627,63.4326,133.041
0.643,25.9594,34.0359,39.5696,63.5968,62.2253,63.4823,63.5968,63.5628,134.484
0.644,25.9525,34.034,39.5721,63.7312,62.3519,63.6039,63.7312,63.6928,135.789
0.645,25.9456,34.0319,39.5745,63.8656,62.4785,63.7248,63.8656,63.8226,136.97
0.646,25.9386,34.0298,39.5767,64.0001,62.6052,63.845,64.0001,63.9522,138.039
0.647,25.9316,34.0276,39.5789,64.1347,62.732,63.9646,64.1347,64.0815,139.006
0.648,25.9244,34.0252,39.5809,64.2695,62.8589,64.0835,64.2695,64.2105,139.881
0.649,25.9172,34.0228,39.5829,64.4044,62.9858,64.2018,64.4044,64.3393,140.673
0.65,25.9099,34.0202,39.5847,64.5393,63.1129,64.3193,64.5393,64.4678,141.389
0.651,25.9025,34.0176,39.5864,64.6744,63.24,64.4362,64.6744,64.5961,142.037
0.652,25.895,34.0148,39.5879,64.8096,63.3672,64.5524,64.8096,64.724,142.623
0.653,25.8874,34.012,39.5894,64.9449,63.4945,64.668,64.9449,64.8517,143.154
0.654,25.8798,34.009,39.5907,65.0803,63.6219,64.7828,65.0803,64.979,143.634
0.655,25.8721,34.006,39.592,65.2158,63.7493,64.897,65.2158,65.106,144.069
0.656,25.8643,34.0028,39.5931,65.3514,63.8769,65.0104,65.3514,65.2327,144.462
0.657,25.8564,33.9996,39.5941,65.4871,64.0045,65.1232,65.4871,65.359,144.818
0.658,25.8485,33.9962,39.595,65.6229,64.1322,65.2353,65.6229,65.485,145.14
0.659,25.8405,33.9927,39.5957,65.7589,64.26,65.3467,65.7589,65.6107,145.431
0.66,25.8324,33.9892,39.5964,65.8949,64.3878,65.4574,65.8949,65.736,145.694
0.661,25.8242,33.9855,39.5969,66.0311,64.5158,65.5674,66.0311,65.8609,145.933
0.662,25.8159,33.9818,39.5973,66.1673,64.6438,65.6767,66.1673,65.9854,146.149
0.663,25.8076,33.9779,39.5976,66.3037,64.7719,65.7853,66.3037,66.1096,146.344
0.664,25.7992,33.974,39.5978,66.4401,64.9001,65.8933,66.4401,66.2334,146.52
0.665,25.7907,33.9699,39.5979,66.5767,65.0283,66.0005,66.5767,66.3567,146.68
0.666,25.7821,33.9658,39.5978,66.7134,65.1566,66.107,66.7134,66.4797,146.825
0.667,25.7735,33.9615,39.5977,66.8501,65.2851,66.2129,66.8501,66.6023,146.956
0.668,25.7648,33.9572,39.5974,66.987,65.4135,66.318,66.987,66.7244,147.074
0.669,25.756,33.9527,39.597,67.124,65.5421,66.4225,67.124,66.8461,147.181
0.67,25.7471,33.9482,39.5965,67.2611,65.6707,66.5263,67.2611,66.9674,147.278
0.671,25.7382,33.9435,39.5959,67.3983,65.7995,66.6293,67.3983,67.0883,147.366
0.672,25.7291,33.9388,39.5952,67.5356,65.9283,66.7317,67.5356,67.2087,147.445
0.673,25.7201,33.9339,39.5943,67.6729,66.0571,66.8334,67.6729,67.3287,147.517
0.674,25.7109,33.929,39.5934,67.8104,66.1861,66.9344,67.8104,67.4482,147.582
0.675,25.7016,33.9239,39.5923,67.948,66.3151,67.0347,67.948,67.5672,147.641
0.676,25.6923,33.9188,39.5911,68.0857,66.4442,67.1344,68.0857,67.6858,147.694
0.677,25.6829,33.9136,39.5898,68.2235,66.5734,67.2333,68.2235,67.8039,147.742
0.678,25.6735,33.9082,39.5884,68.3614,66.7026,67.3316,68.3614,67.9216,147.786
0.679,25.6639,33.9028,39.5869,68.4994,66.8319,67.4291,68.4994,68.0388,147.825
0.68,25.6543,33.8973,39.5852,68.6375,66.9613,67.526,68.6375,68.1555,147.861
0.681,25.6446,33.8916,39.5834,68.7757,67.0908,67.6222,68.7757,68.2717,147.893
0.682,25.6349,33.8859,39.5816,68.914,67.2203,67.7177,68.914,68.3874,147.922
0.683,25.6251,33.8801,39.5796,69.0524,67.35,67.8126,69.0524,68.5026,147.949
0.684,25.6152,33.8742,39.5775,69.1909,67.4796,67.9067,69.1909,68.6173,147.973
0.685,25.6052,33.8681,39.5753,69.3295,67.6094,68.0002,69.3295,68.7315,147.994
0.686,25.5951,33.862,39.5729,69.4681,67.7392,68.093,69.4681,68.8452,148.014
0.687,25.585,33.8558,39.5705,69.6069,67.8691,68.1851,69.6069,68.9583,148.032
0.688,25.5748,33.8495,39.5679,69.7458,67.9991,68.2766,69.7458,69.071,148.048
0.689,25.5646,33.8431,39.5653,69.8848,68.1292,68.3673,69.8848,69.1831,148.062
0.69,25.5542,33.8366,39.5625,70.0239,68.2593,68.4574,70.0239,69.2947,148.075
0.691,25.5438,33.83,39.5596,70.1631,68.3895,68.5468,70.1631,69.4058,148.087
0.692,25.5334,33.8233,39.5566,70.3023,68.5197,68.6356,70.3023,69.5163,148.098
0.693,25.5228,33.8165,39.5534,70.4417,68.65,68.7236,70.4417,69.6263,148.108
0.694,25.5122,33.8097,39.5502,70.5812,68.7804,68.811,70.5812,69.7358,148.116
0.695,25.5015,33.8027,39.5468,70.7207,68.9109,68.8978,70.7207,69.8447,148.124
0.696,25.4908,33.7956,39.5434,70.8604,69.0414,68.9838,70.8604,69.9531,148.132
0.697,25.48,33.7884,39.5398,71.0001,69.172,69.0692,71.0001,70.0609,148.138
0.698,25.4691,33.7812,39.5361,71.14,69.3027,69.154,71.14,70.1682,148.144
0.699,25.4581,33.7738,39.5323,71.2799,69.4334,69.238,71.2799,70.2749,148.149
0.7,25.4471,33.7664,39.5284,71.42,69.5643,69.3214,71.42,70.3811,148.154
0.701,25.436,33.7588,39.5244,71.5601,69.6951,69.4042,71.5601,70.4867,148.158
0.702,25.4249,33.7512,39.5202,71.7003,69.8261,69.4863,71.7003,70.5917,148.162
0.703,25.4136,33.7435,39.516,71.8407,69.9571,69.5677,71.8407,70.6962,148.166
0.704,25.4023,33.7356,39.5116,71.9811,70.0882,69.6484,71.9811,70.8001,148.169
0.705,25.391,33.7277,39.5072,72.1216,70.2193,69.7285,72.1216,70.9035,148.172
0.706,25.3795,33.7197,39.5026,72.2622,70.3505,69.808,72.2622,71.0062,148.175
0.707,25.368,33.7116,39.4979,72.4029,70.4818,69.8868,72.4029,71.1084,148.177
0.708,25.3565,33.7034,39.4931,72.5437,70.6131,69.9649,72.5437,71.21,148.179
0.709,25.3448,33.6951,39.4881,72.6846,70.7445,70.0424,72.6846,71.311,148.181
0.71,25.3332,33.6867,39.4831,72.8255,70.876,70.1192,72.8255,71.4115,148.183
0.711,25.3214,33.6783,39.478,72.9666,71.0075,70.1954,72.9666,71.5114,148.185
0.712,25.3096,33.6697,39.4727,73.1077,71.1392,70.271,73.1077,71.6106,148.186
0.713,25.2977,33.661,39.4673,73.249,71.2708,70.3458,73.249,71.7093,148.187
0.714,25.2857,33.6523,39.4619,73.3903,71.4026,70.4201,73.3903,71.8075,148.189
0.715,25.2737,33.6434,39.4563,73.5318,71.5343,70.4937,73.5318,71.905,148.19
0.716,25.2616,33.6345,39.4506,73.6733,71.6662,70.5666,73.6733,72.0019,148.191
0.717,25.2495,33.6255,39.4448,73.8149,71.7981,70.6389,73.8149,72.0982,148.192
0.718,25.2373,33.6164,39.4389,73.9566,71.9301,70.7106,73.9566,72.194,148.192
0.719,25.225,33.6072,39.4328,74.0984,72.0622,70.7816,74.0984,72.2891,148.193
0.72,25.2127,33.5979,39.4267,74.2403,72.1943,70.852,74.2403,72.3837,148.194
0.721,25.2003,33.5885,39.4204,74.3823,72.3264,70.9217,74.3823,72.4776,148.194
0.722,25.1878,33.579,39.4141,74.5243,72.4587,70.9908,74.5243,72.571,148.195
0.723,25.1753,33.5694,39.4076,74.6665,72.591,71.0593,74.6665,72.6637,148.195
0.724,25.1627,33.5598,39.401,74.8087,72.7233,71.1271,74.8087,72.7559,148.196
0.725,25.15,33.55,39.3943,74.9511,72.8558,71.1943,74.9511,72.8474,148.196
0.726,25.1373,33.5402,39.3876,75.0935,72.9882,71.2609,75.0935,72.9383,148.197
0.727,25.1246,33.5302,39.3806,75.236,73.1208,71.3269,75.236,73.0287,148.197
0.728,25.1117,33.5202,39.3736,75.3786,73.2534,71.3922,75.3786,73.1184,148.197
0.729,25.0988,33.5101,39.3665,75.5213,73.3861,71.4569,75.5213,73.2075,148.197
0.73,25.0859,33.4999,39.3593,75.664,73.5188,71.5209,75.664,73.296,148.198
0.731,25.0729,33.4897,39.3519,75.8069,73.6516,71.5843,75.8069,73.3839,148.198
0.732,25.0598,33.4793,39.3445,75.9498,73.7844,71.6471,75.9498,73.4712,148.198
0.733,25.0467,33.4688,39.3369,76.0929,73.9173,71.7093,76.0929,73.5579,148.198
0.734,25.0335,33.4583,39.3293,76.236,74.0503,71.7709,76.236,73.644,148.198
0.735,25.0202,33.4476,39.3215,76.3792,74.1833,71.8318,76.3792,73.7294,148.199
0.736,25.0069,33.4369,39.3136,76.5225,74.3164,71.8921,76.5225,73.8143,148.199
0.737,24.9936,33.4261,39.3056,76.6659,74.4495,71.9518,76.6659,73.8985,148.199
0.738,24.9801,33.4152,39.2975,76.8094,74.5828,72.0109,76.8094,73.9822,148.199
0.739,24.9666,33.4042,39.2893,76.9529,74.716,72.0694,76.9529,74.0652,148.199
0.74,24.9531,33.3932,39.281,77.0966,74.8493,72.1272,77.0966,74.1476,148.199
0.741,24.9395,33.382,39.2726,77.2403,74.9827,72.1845,77.2403,74.2294,148.199
0.742,24.9259,33.3708,39.2641,77.3841,75.1161,72.2411,77.3841,74.3105,148.199
0.743,24.9122,33.3594,39.2554,77.528,75.2496,72.2971,77.528,74.3911,148.199
0.744,24.8984,33.348,39.2467,77.672,75.3832,72.3525,77.672,74.471,148.199
0.745,24.8846,33.3365,39.2378,77.8161,75.5168,72.4073,77.8161,74.5504,148.199
0.746,24.8707,33.3249,39.2289,77.9602,75.6505,72.4615,77.9602,74.6291,148.2
0.747,24.8568,33.3133,39.2198,78.1045,75.7842,72.5151,78.1045,74.7072,148.2
0.748,24.8428,33.3015,39.2107,78.2488,75.918,72.568,78.2488,74.7846,148.2
0.749,24.8287,33.2897,39.2014,78.3932,76.0518,72.6204,78.3932,74.8615,148.2
0.75,24.8146,33.2778,39.192,78.5377,76.1857,72.6722,78.5377,74.9378,148.2
0.751,24.8005,33.2658,39.1825,78.6823,76.3196,72.7234,78.6823,75.0134,148.2
0.752,24.7863,33.2537,39.173,78.8269,76.4536,72.7739,78.8269,75.0884,148.2
0.753,24.772,33.2415,39.1633,78.9717,76.5877,72.8239,78.9717,75.1628,148.2
0.754,24.7577,33.2292,39.1535,79.1165,76.7218,72.8733,79.1165,75.2366,148.2
0.755,24.7433,33.2169,39.1436,79.2614,76.856,72.9221,79.2614,75.3098,148.2
0.756,24.7289,33.2045,39.1336,79.4064,76.9902,72.9702,79.4064,75.3824,148.2
0.757,24.7145,33.192,39.1235,79.5515,77.1245,73.0178,79.5515,75.4543,148.2
0.758,24.6999,33.1794,39.1132,79.6967,77.2588,73.0648,79.6967,75.5256,148.2
0.759,24.6854,33.1667,39.1029,79.8419,77.3932,73.1112,79.8419,75.5963,148.2
0.76,24.6707,33.154,39.0925,79.9872,77.5276,73.1571,79.9872,75.6664,148.2
0.761,24.6561,33.1411,39.082,80.1326,77.6621,73.2023,80.1326,75.7359,148.2
0.762,24.6413,33.1282,39.0713,80.2781,77.7967,73.2469,80.2781,75.8048,148.2
0.763,24.6266,33.1152,39.0606,80.4237,77.9313,73.291,80.4237,75.8731,148.2
0.764,24.6117,33.1021,39.0498,80.5694,78.0659,73.3345,80.5694,75.9407,148.2
0.765,24.5968,33.089,39.0388,80.7151,78.2006,73.3773,80.7151,76.0078,148.2
0.766,24.5819,33.0757,39.0278,80.8609,78.3354,73.4197,80.8609,76.0742,148.2
0.767,24.5669,33.0624,39.0167,81.0068,78.4702,73.4614,81.0068,76.14,148.2
0.768,24.5519,33.049,39.0054,81.1528,78.6051,73.5025,81.1528,76.2052,148.2
0.769,24.5368,33.0355,38.9941,81.2989,78.74,73.5431,81.2989,76.2698,148.2
0.77,24.5217,33.022,38.9826,81.445,78.875,73.5831,81.445,76.3337,148.2
0.771,24.5066,33.0083,38.9711,81.5913,79.01,73.6225,81.5913,76.3971,148.2
0.772,24.4913,32.9946,38.9594,81.7376,79.1451,73.6613,81.7376,76.4599,148.2
0.773,24.4761,32.9808,38.9476,81.884,79.2802,73.6996,81.884,76.522,148.2
0.774,24.4608,32.9669,38.9358,82.0304,79.4154,73.7373,82.0304,76.5836,148.2
0.775,24.4454,32.953,38.9238,82.177,79.5506,73.7744,82.177,76.6445,148.2
0.776,24.43,32.939,38.9118,82.3236,79.6859,73.811,82.3236,76.7048,148.2
0.777,24.4145,32.9249,38.8996,82.4703,79.8213,73.847,82.4703,76.7645,148.2
0.778,24.399,32.9107,38.8873,82.6171,79.9567,73.8824,82.6171,76.8236,148.2
0.779,24.3835,32.8964,38.875,82.764,80.0921,73.9172,82.764,76.8821,148.2
0.78,24.3679,32.8821,38.8625,82.911,80.2276,73.9515,82.911,76.94,148.2
0.781,24.3523,32.8677,38.85,83.058,80.3631,73.9853,83.058,76.9973,148.2
0.782,24.3366,32.8532,38.8373,83.2051,80.4987,74.0184,83.2051,77.054,148.2
0.783,24.3209,32.8386,38.8245,83.3523,80.6344,74.051,83.3523,77.1101,148.2
0.784,24.3051,32.8239,38.8117,83.4996,80.7701,74.0831,83.4996,77.1656,148.2
0.785,24.2893,32.8092,38.7987,83.6469,80.9058,74.1146,83.6469,77.2205,148.2
0.786,24.2735,32.7944,38.7857,83.7944,81.0416,74.1455,83.7944,77.2748,148.2
0.787,24.2576,32.7796,38.7725,83.9419,81.1775,74.1759,83.9419,77.3285,148.2
0.788,24.2416,32.7646,38.7593,84.0895,81.3134,74.2057,84.0895,77.3815,148.2
0.789,24.2256,32.7496,38.7459,84.2371,81.4493,74.2349,84.2371,77.434,148.2
0.79,24.2096,32.7345,38.7325,84.3849,81.5853,74.2637,84.3849,77.4859,148.2
0.791,24.1936,32.7193,38.7189,84.5327,81.7214,74.2918,84.5327,77.5372,148.2
0.792,24.1775,32.7041,38.7053,84.6806,81.8575,74.3194,84.6806,77.5879,148.2
0.793,24.1613,32.6888,38.6915,84.8286,81.9936,74.3465,84.8286,77.638,148.2
0.794,24.1451,32.6734,38.6777,84.9767,82.1298,74.373,84.9767,77.6875,148.2
0.795,24.1289,32.6579,38.6637,85.1248,82.266,74.399,85.1248,77.7364,148.2
0.796,24.1126,32.6424,38.6497,85.2731,82.4023,74.4244,85.2731,77.7847,148.2
0.797,24.0963,32.6268,38.6356,85.4214,82.5387,74.4493,85.4214,77.8325,148.2
0.798,24.08,32.6111,38.6213,85.5697,82.6751,74.4736,85.5697,77.8796,148.2
0.799,24.0636,32.5953,38.607,85.7182,82.8115,74.4975,85.7182,77.9261,148.2
0.8,24.0472,32.5795,38.5926,85.8667,82.948,74.5207,85.8667,77.9721,148.2
0.801,24.0307,32.5636,38.5781,86.0154,83.0845,74.5434,86.0154,78.0174,148.2
0.802,24.0142,32.5477,38.5635,86.164,83.2211,74.5656,86.164,78.0622,148.2
0.803,23.9977,32.5316,38.5488,86.3128,83.3578,74.5873,86.3128,78.1064,148.2
0.804,23.9811,32.5155,38.534,86.4617,83.4944,74.6084,86.4617,78.15,148.2
0.805,23.9645,32.4993,38.5191,86.6106,83.6312,74.629,86.6106,78.193,148.2
0.806,23.9478,32.4831,38.5041,86.7596,83.768,74.649,86.7596,78.2355,148.2
0.807,23.9311,32.4668,38.489,86.9087,83.9048,74.6686,86.9087,78.2773,148.2
0.808,23.9144,32.4504,38.4738,87.0578,84.0417,74.6876,87.0578,78.3186,148.2
0.809,23.8977,32.4339,38.4586,87.2071,84.1786,74.706,87.2071,78.3593,148.2
0.81,23.8809,32.4174,38.4432,87.3564,84.3155,74.724,87.3564,78.3994,148.2
0.811,23.864,32.4008,38.4277,87.5058,84.4526,74.7414,87.5058,78.4389,148.2
0.812,23.8472,32.3842,38.4122,87.6553,84.5896,74.7583,87.6553,78.4779,148.2
0.813,23.8303,32.3674,38.3965,87.8048,84.7267,74.7746,87.8048,78.5163,148.2
0.814,23.8134,32.3506,38.3808,87.9544,84.8639,74.7905,87.9544,78.5541,148.2
0.815,23.7964,32.3338,38.365,88.1041,85.0011,74.8058,88.1041,78.5913,148.2
0.816,23.7794,32.3168,38.3491,88.2539,85.1384,74.8206,88.2539,78.6279,148.2
0.817,23.7624,32.2998,38.333,88.4038,85.2757,74.8349,88.4038,78.664,148.2
0.818,23.7453,32.2828,38.3169,88.5537,85.413,74.8486,88.5537,78.6995,148.2
0.819,23.7282,32.2656,38.3008,88.7037,85.5504,74.8619,88.7037,78.7344,148.2
0.82,23.7111,32.2484,38.2845,88.8538,85.6878,74.8746,88.8538,78.7688,148.2
0.821,23.6939,32.2312,38.2681,89.004,85.8253,74.8869,89.0039,78.8026,148.2
0.822,23.6767,32.2139,38.2516,89.1542,85.9629,74.8986,89.1539,78.8358,148.2
0.823,23.6595,32.1965,38.2351,89.3045,86.1004,74.9098,89.3037,78.8685,148.2
0.824,23.6422,32.179,38.2184,89.4549,86.2381,74.9205,89.4534,78.9006,148.2
0.825,23.625,32.1615,38.2017,89.6054,86.3757,74.9306,89.6027,78.9321,148.2
0.826,23.6076,32.1439,38.1848,89.756,86.5135,74.9403,89.7517,78.9631,148.2
0.827,23.5903,32.1263,38.1679,89.9066,86.6512,74.9495,89.9002,78.9935,148.2
0.828,23.5729,32.1085,38.1509,90.0573,86.789,74.9582,90.0484,79.0233,148.2
0.829,23.5555,32.0908,38.1338,90.2081,86.9269,74.9663,90.196,79.0526,148.2
0.83,23.5381,32.0729,38.1167,90.3589,87.0648,74.974,90.3432,79.0813,148.2
0.831,23.5206,32.055,38.0994,90.5099,87.2028,74.9811,90.4898,79.1095,148.2
0.832,23.5031,32.0371,38.082,90.6609,87.3408,74.9878,90.6357,79.1371,148.2
0.833,23.4856,32.019,38.0646,90.812,87.4788,74.994,90.7811,79.1641,148.2
0.834,23.4681,32.001,38.047,90.9631,87.6169,74.9996,90.9259,79.1906,148.2
0.835,23.4505,31.9828,38.0294,91.1144,87.755,75.0048,91.07,79.2166,148.2
0.836,23.4329,31.9646,38.0117,91.2657,87.8932,75.0094,91.2134,79.2419,148.2
0.837,23.4153,31.9463,37.9939,91.4171,88.0314,75.0136,91.3561,79.2668,148.2
0.838,23.3976,31.928,37.976,91.5686,88.1697,75.0173,91.4981,79.2911,148.2
0.839,23.38,31.9096,37.9581,91.7201,88.308,75.0205,91.6394,79.3148,148.2
0.84,23.3623,31.8912,37.94,91.8718,88.4464,75.0232,91.7799,79.338,148.2
0.841,23.3446,31.8727,37.9219,92.0235,88.5848,75.0254,91.9197,79.3606,148.2
0.842,23.3268,31.8541,37.9036,92.1752,88.7233,75.0271,92.0588,79.3827,148.2
0.843,23.309,31.8355,37.8853,92.3271,88.8618,75.0284,92.1971,79.4043,148.2
0.844,23.2912,31.8168,37.8669,92.479,89.0003,75.0291,92.3346,79.4253,148.2
0.845,23.2734,31.798,37.8485,92.631,89.1389,75.0294,92.4713,79.4457,148.2
0.846,23.2556,31.7792,37.8299,92.7831,89.2775,75.0292,92.6073,79.4656,148.2
0.847,23.2377,31.7604,37.8112,92.9353,89.4162,75.0285,92.7425,79.485,148.2
0.848,23.2198,31.7414,37.7925,93.0875,89.555,75.0273,92.8768,79.5039,148.2
0.849,23.2019,31.7225,37.7737,93.2399,89.6937,75.0257,93.0104,79.5222,148.2
0.85,23.184,31.7034,37.7548,93.3923,89.8326,75.0235,93.1432,79.5399,148.2
0.851,23.166,31.6844,37.7358,93.5447,89.9714,75.0209,93.2752,79.5572,148.2
0.852,23.148,31.6652,37.7168,93.6973,90.1103,75.0179,93.4063,79.5739,148.2
0.853,23.13,31.646,37.6976,93.8499,90.2493,75.0143,93.5367,79.59,148.2
0.854,23.112,31.6268,37.6784,94.0026,90.3883,75.0103,93.6663,79.6056,148.2
0.855,23.094,31.6074,37.6591,94.1554,90.5273,75.0058,93.795,79.6207,148.2
0.856,23.0759,31.5881,37.6397,94.3083,90.6664,75.0008,93.923,79.6353,148.2
0.857,23.0578,31.5687,37.6202,94.4612,90.8056,74.9953,94.0501,79.6494,148.2
0.858,23.0397,31.5492,37.6006,94.6142,90.9448,74.9894,94.1765,79.6629,148.2
0.859,23.0216,31.5297,37.581,94.7673,91.084,74.983,94.302,79.6758,148.2
0.86,23.0035,31.5101,37.5613,94.9205,91.2233,74.9762,94.4267,79.6883,148.2
0.861,22.9853,31.4904,37.5415,95.0737,91.3626,74.9689,94.5506,79.7002,148.2
0.862,22.9672,31.4708,37.5216,95.227,91.502,74.9611,94.6738,79.7116,148.2
0.863,22.949,31.451,37.5017,95.3804,91.6414,74.9529,94.7961,79.7225,148.2
0.864,22.9308,31.4312,37.4816,95.5339,91.7808,74.9442,94.9176,79.7329,148.2
0.865,22.9126,31.4114,37.4615,95.6875,91.9203,74.935,95.0383,79.7428,148.2
0.866,22.8943,31.3915,37.4413,95.8411,92.0599,74.9254,95.1582,79.7521,148.2
0.867,22.8761,31.3715,37.4211,95.9948,92.1995,74.9153,95.2773,79.7609,148.2
0.868,22.8578,31.3515,37.4007,96.1486,92.3391,74.9048,95.3956,79.7692,148.2
0.869,22.8395,31.3315,37.3803,96.3025,92.4788,74.8938,95.5131,79.777,148.2
0.87,22.8212,31.3114,37.3598,96.4564,92.6185,74.8824,95.6298,79.7842,148.2
0.871,22.8029,31.2913,37.3392,96.6104,92.7583,74.8705,95.7457,79.791,148.2
0.872,22.7846,31.2711,37.3186,96.7645,92.8981,74.8581,95.8608,79.7972,148.2
0.873,22.7662,31.2508,37.2978,96.9187,93.038,74.8453,95.9751,79.803,148.2
0.874,22.7479,31.2305,37.277,97.073,93.1779,74.8321,96.0886,79.8082,148.2
0.875,22.7295,31.2102,37.2561,97.2273,93.3179,74.8184,96.2014,79.8129,148.2
0.876,22.7111,31.1898,37.2352,97.3817,93.4579,74.8042,96.3133,79.8171,148.2
0.877,22.6927,31.1693,37.2141,97.5362,93.5979,74.7897,96.4245,79.8208,148.2
0.878,22.6743,31.1489,37.193,97.6908,93.738,74.7746,96.5349,79.824,148.2
0.879,22.6559,31.1283,37.1718,97.8454,93.8782,74.7592,96.6445,79.8267,148.2
0.88,22.6374,31.1077,37.1506,98.0001,94.0184,74.7432,96.7534,79.8289,148.2
0.881,22.619,31.0871,37.1292,98.1549,94.1586,74.7269,96.8614,79.8306,148.2
0.882,22.6006,31.0664,37.1078,98.3098,94.2989,74.7101,96.9687,79.8318,148.2
0.883,22.5821,31.0457,37.0863,98.4648,94.4392,74.6928,97.0752,79.8325,148.2
0.884,22.5636,31.0249,37.0648,98.6198,94.5796,74.6752,97.181,79.8327,148.2
0.885,22.5451,31.0041,37.0431,98.7749,94.72,74.657,97.2859,79.8324,148.2
0.886,22.5266,30.9833,37.0214,98.9301,94.8605,74.6385,97.3901,79.8316,148.2
0.887,22.5081,30.9624,36.9997,99.0854,95.001,74.6195,97.4936,79.8303,148.2
0.888,22.4896,30.9414,36.9778,99.2408,95.1415,74.6001,97.5962,79.8285,148.2
0.889,22.4711,30.9204,36.9559,99.3962,95.2821,74.5803,97.6982,79.8263,148.2
0.89,22.4526,30.8994,36.9339,99.5517,95.4228,74.56,97.7993,79.8235,148.2
0.891,22.434,30.8783,36.9119,99.7073,95.5635,74.5393,97.8997,79.8202,148.2
0.892,22.4155,30.8572,36.8897,99.863,95.7042,74.5181,97.9994,79.8165,148.2
0.893,22.3969,30.8361,36.8675,100.019,95.845,74.4966,98.0983,79.8123,148.2
0.894,22.3784,30.8149,36.8453,100.175,95.9858,74.4746,98.1964,79.8076,148.2
0.895,22.3598,30.7936,36.8229,100.331,96.1267,74.4522,98.2938,79.8024,148.2
0.896,22.3412,30.7723,36.8005,100.487,96.2677,74.4293,98.3905,79.7967,148.2
0.897,22.3227,30.751,36.778,100.643,96.4086,74.4061,98.4864,79.7905,148.2
0.898,22.3041,30.7296,36.7555,100.799,96.5497,74.3824,98.5815,79.7839,148.2
0.899,22.2855,30.7082,36.7329,100.955,96.6907,74.3583,98.6759,79.7767,148.2
0.9,22.2669,30.6868,36.7102,101.111,96.8318,74.3338,98.7696,79.7691,148.2
0.901,22.2483,30.6653,36.6874,101.268,96.973,74.3088,98.8626,79.7611,148.2
0.902,22.2297,30.6437,36.6646,101.424,97.1142,74.2835,98.9548,79.7525,148.2
0.903,22.2111,30.6222,36.6417,101.581,97.2555,74.2577,99.0463,79.7435,148.2
0.904,22.1925,30.6006,36.6188,101.737,97.3968,74.2315,99.137,79.734,148.2
0.905,22.1739,30.5789,36.5957,101.894,97.5381,74.2049,99.227,79.724,148.2
0.906,22.1553,30.5572,36.5726,102.051,97.6796,74.1779,99.3163,79.7135,148.2
0.907,22.1366,30.5355,36.5495,102.208,97.821,74.1505,99.4049,79.7026,148.2
0.908,22.118,30.5138,36.5263,102.365,97.9625,74.1226,99.4928,79.6912,148.2
0.909,22.0994,30.492,36.503,102.522,98.104,74.0944,99.5799,79.6794,148.2
0.91,22.0808,30.4701,36.4796,102.679,98.2456,74.0657,99.6663,79.6671,148.2
0.911,22.0622,30.4483,36.4562,102.836,98.3873,74.0367,99.752,79.6543,148.2
0.912,22.0435,30.4264,36.4327,102.993,98.529,74.0072,99.837,79.641,148.2
0.913,22.0249,30.4044,36.4092,103.151,98.6707,73.9773,99.9213,79.6273,148.2
0.914,22.0063,30.3824,36.3856,103.308,98.8125,73.9471,100.005,79.6131,148.2
0.915,21.9877,30.3604,36.3619,103.466,98.9543,73.9164,100.088,79.5985,148.2
0.916,21.969,30.3384,36.3382,103.624,99.0962,73.8853,100.17,79.5834,148.2
0.917,21.9504,30.3163,36.3144,103.781,99.2382,73.8539,100.251,79.5678,148.2
0.918,21.9318,30.2942,36.2905,103.939,99.3801,73.822,100.332,79.5518,148.2
0.919,21.9132,30.2721,36.2666,104.097,99.5222,73.7897,100.412,79.5353,148.2
0.92,21.8946,30.2499,36.2426,104.255,99.6642,73.7571,100.491,79.5184,148.2
0.921,21.8759,30.2277,36.2186,104.413,99.8064,73.724,100.57,79.501,147.904
0.922,21.8573,30.2054,36.1945,104.571,99.9486,73.6905,100.648,79.4831,147.61
0.923,21.8387,30.1831,36.1703,104.729,100.091,73.6567,100.725,79.4649,147.317
0.924,21.8201,30.1608,36.1461,104.888,100.233,73.6225,100.802,79.4461,147.026
0.925,21.8015,30.1385,36.1218,105.046,100.375,73.5879,100.878,79.4269,146.736
0.926,21.7829,30.1161,36.0975,105.204,100.518,73.5529,100.953,79.4073,146.448
0.927,21.7643,30.0937,36.0731,105.363,100.66,73.5175,101.027,79.3873,146.161
0.928,21.7457,30.0713,36.0486,105.522,100.803,73.4817,101.101,79.3668,145.876
0.929,21.7271,30.0488,36.0241,105.68,100.945,73.4456,101.175,79.3458,145.592
0.93,21.7086,30.0263,35.9995,105.839,101.088,73.4091,101.247,79.3245,145.309
0.931,21.69,30.0038,35.9749,105.998,101.23,73.3722,101.319,79.3027,145.028
0.932,21.6714,29.9813,35.9502,106.157,101.373,73.3349,101.39,79.2804,144.748
0.933,21.6529,29.9587,35.9254,106.316,101.516,73.2973,101.461,79.2578,144.469
0.934,21.6343,29.9361,35.9006,106.475,101.659,73.2593,101.531,79.2347,144.192
0.935,21.6158,29.9134,35.8757,106.634,101.801,73.221,101.6,79.2112,143.917
0.936,21.5972,29.8908,35.8508,106.794,101.944,73.1822,101.668,79.1873,143.642
0.937,21.5787,29.8681,35.8259,106.953,102.087,73.1432,101.736,79.163,143.369
0.938,21.5602,29.8454,35.8008,107.113,102.23,73.1037,101.804,79.1382,143.098
0.939,21.5417,29.8226,35.7757,107.272,102.373,73.064,101.87,79.113,142.828
0.94,21.5231,29.7998,35.7506,107.432,102.516,73.0238,101.936,79.0875,142.559
0.941,21.5047,29.777,35.7254,107.592,102.66,72.9833,102.002,79.0615,142.291
0.942,21.4862,29.7542,35.7001,107.752,102.803,72.9425,102.066,79.0351,142.025
0.943,21.4677,29.7314,35.6748,107.912,102.946,72.9013,102.131,79.0083,141.76
0.944,21.4492,29.7085,35.6495,108.072,103.089,72.8598,102.194,78.9811,141.497
0.945,21.4308,29.6856,35.6241,108.232,103.233,72.8179,102.257,78.9535,141.234
0.946,21.4123,29.6627,35.5986,108.392,103.376,72.7757,102.319,78.9255,140.973
0.947,21.3939,29.6398,35.5731,108.552,103.519,72.7332,102.381,78.8971,140.714
0.948,21.3754,29.6168,35.5475,108.713,103.663,72.6903,102.442,78.8683,140.456
0.949,21.357,29.5938,35.5219,108.873,103.807,72.6471,102.502,78.8392,140.199
0.95,21.3386,29.5708,35.4962,109.034,103.95,72.6036,102.562,78.8096,139.943
0.951,21.3202,29.5478,35.4705,109.194,104.094,72.5597,102.621,78.7797,139.688
0.952,21.3019,29.5247,35.4447,109.355,104.238,72.5155,102.68,78.7493,139.435
0.953,21.2835,29.5016,35.4189,109.516,104.381,72.471,102.738,78.7186,139.183
0.954,21.2651,29.4785,35.393,109.677,104.525,72.4261,102.795,78.6875,138.932
0.955,21.2468,29.4554,35.3671,109.838,104.669,72.3809,102.852,78.656,138.683
0.956,21.2285,29.4323,35.3411,109.999,104.813,72.3354,102.908,78.6242,138.435
0.957,21.2102,29.4091,35.3151,110.16,104.957,72.2896,102.964,78.5919,138.188
0.958,21.1919,29.3859,35.2891,110.321,105.101,72.2435,103.019,78.5593,137.942
0.959,21.1736,29.3627,35.2629,110.483,105.245,72.1971,103.073,78.5264,137.698
0.96,21.1553,29.3395,35.2368,110.644,105.389,72.1503,103.127,78.493,137.454
0.961,21.1371,29.3163,35.2106,110.806,105.534,72.1033,103.18,78.4593,137.212
0.962,21.1188,29.293,35.1843,110.968,105.678,72.0559,103.233,78.4253,136.971
0.963,21.1006,29.2697,35.158,111.129,105.822,72.0083,103.285,78.3908,136.732
0.964,21.0824,29.2465,35.1317,111.291,105.967,71.9603,103.337,78.356,136.493
0.965,21.0642,29.2232,35.1053,111.453,106.111,71.912,103.388,78.3209,136.256
0.966,21.0461,29.1998,35.0788,111.615,106.256,71.8634,103.438,78.2854,136.02
0.967,21.0279,29.1765,35.0523,111.777,106.4,71.8146,103.488,78.2495,135.785
0.968,21.0098,29.1531,35.0258,111.939,106.545,71.7654,103.537,78.2133,135.551
0.969,20.9917,29.1298,34.9992,112.102,106.689,71.716,103.586,78.1767,135.319
0.97,20.9736,29.1064,34.9726,112.264,106.834,71.6662,103.634,78.1398,135.087
0.971,20.9555,29.083,34.9459,112.427,106.979,71.6162,103.682,78.1026,134.857
0.972,20.9374,29.0596,34.9192,112.589,107.124,71.5658,103.729,78.065,134.628
0.973,20.9194,29.0361,34.8925,112.752,107.269,71.5152,103.775,78.027,134.4
0.974,20.9014,29.0127,34.8657,112.915,107.414,71.4643,103.821,77.9887,134.173
0.975,20.8834,28.9892,34.8389,113.078,107.559,71.4132,103.867,77.9501,133.947
0.976,20.8654,28.9657,34.812,113.241,107.704,71.3617,103.912,77.9111,133.723
0.977,20.8474,28.9423,34.7851,113.404,107.849,71.31,103.956,77.8718,133.499
0.978,20.8295,28.9188,34.7581,113.567,107.994,71.2579,104,77.8322,133.277
0.979,20.8116,28.8953,34.7311,113.73,108.139,71.2056,104.043,77.7922,133.056
0.98,20.7937,28.8717,34.7041,113.894,108.285,71.1531,104.086,77.7519,132.836
0.981,20.7758,28.8482,34.677,114.057,108.43,71.1002,104.128,77.7113,132.617
0.982,20.7579,28.8247,34.6499,114.221,108.575,71.0471,104.17,77.6703,132.399
0.983,20.7401,28.8011,34.6227,114.384,108.721,70.9938,104.211,77.6291,132.182
0.984,20.7223,28.7775,34.5955,114.548,108.866,70.9401,104.252,77.5875,131.966
0.985,20.7045,28.754,34.5683,114.712,109.012,70.8862,104.292,77.5456,131.751
0.986,20.6868,28.7304,34.541,114.876,109.158,70.8321,104.331,77.5033,131.538
0.987,20.669,28.7068,34.5137,115.04,109.304,70.7776,104.37,77.4608,131.325
0.988,20.6513,28.6832,34.4863,115.204,109.449,70.7229,104.409,77.4179,131.114
0.989,20.6336,28.6596,34.4589,115.369,109.595,70.668,104.447,77.3747,130.903
0.99,20.6159,28.636,34.4315,115.533,109.741,70.6128,104.485,77.3312,130.694
0.991,20.5983,28.6123,34.4041,115.697,109.887,70.5574,104.522,77.2874,130.486
0.992,20.5807,28.5887,34.3766,115.862,110.033,70.5017,104.558,77.2433,130.278
0.993,20.5631,28.5651,34.349,116.027,110.179,70.4457,104.594,77.1989,130.072
0.994,20.5455,28.5414,34.3215,116.191,110.326,70.3895,104.63,77.1542,129.867
0.995,20.528,28.5177,34.2939,116.356,110.472,70.333,104.665,77.1092,129.663
0.996,20.5105,28.4941,34.2662,116.521,110.618,70.2764,104.699,77.0638,129.459
0.997,20.493,28.4704,34.2386,116.686,110.764,70.2194,104.733,77.0182,129.257
0.998,20.4755,28.4468,34.2109,116.852,110.911,70.1622,104.767,76.9723,129.056
0.999,20.4581,28.4231,34.1831,117.017,111.057,70.1048,104.8,76.9261,128.856
1,20.4407,28.3994,34.1554,117.182,111.204,70.0472,104.833,76.8796,128.657
1.001,20.4233,28.3757,34.1276,117.348,111.351,69.9893,104.865,76.8327,128.458
1.002,20.406,28.352,34.0997,117.514,111.497,69.9311,104.896,76.7857,128.261
1.003,20.3886,28.3283,34.0719,117.679,111.644,69.8728,104.928,76.7383,128.065
1.004,20.3714,28.3046,34.044,117.845,111.791,69.8142,104.958,76.6906,127.87
1.005,20.3541,28.2809,34.016,118.011,111.938,69.7554,104.988,76.6426,127.675
1.006,20.3369,28.2572,33.9881,118.177,112.085,69.6963,105.018,76.5944,127.482
1.007,20.3197,28.2335,33.9601,118.343,112.232,69.637,105.047,76.5459,127.29
1.008,20.3025,28.2098,33.9321,118.509,112.379,69.5775,105.076,76.4971,127.098
1.009,20.2853,28.1861,33.904,118.676,112.526,69.5178,105.105,76.448,126.908
1.01,20.2682,28.1624,33.876,118.842,112.673,69.4579,105.132,76.3986,126.719
1.011,20.2511,28.1387,33.8479,119.009,112.821,69.3977,105.16,76.349,126.53
1.012,20.2341,28.115,33.8197,119.176,112.968,69.3373,105.187,76.2991,126.342
1.013,20.2171,28.0913,33.7916,119.342,113.115,69.2767,105.213,76.2489,126.156
1.014,20.2001,28.0676,33.7634,119.509,113.263,69.2159,105.239,76.1984,125.97
1.015,20.1831,28.0439,33.7352,119.676,113.41,69.1548,105.265,76.1477,125.785
1.016,20.1662,28.0202,33.7069,119.843,113.558,69.0936,105.29,76.0967,125.601
1.017,20.1493,27.9965,33.6786,120.011,113.706,69.0321,105.315,76.0455,125.419
1.018,20.1324,27.9728,33.6504,120.178,113.854,68.9705,105.339,75.994,125.236
1.019,20.1156,27.9491,33.622,120.346,114.001,68.9086,105.362,75.9422,125.055
1.02,20.0988,27.9254,33.5937,120.513,114.149,68.8465,105.386,75.8901,124.875
1.021,20.082,27.9017,33.5653,120.681,114.297,68.7842,105.409,75.8378,124.696
1.022,20.0653,27.878,33.5369,120.849,114.445,68.7218,105.431,75.7853,124.517
1.023,20.0486,27.8543,33.5085,121.016,114.594,68.6591,105.453,75.7324,124.34
1.024,20.032,27.8306,33.4801,121.185,114.742,68.5962,105.475,75.6794,124.163
1.025,20.0153,27.8069,33.4516,121.353,114.89,68.5331,105.496,75.626,123.987
1.026,19.9987,27.7833,33.4231,121.521,115.038,68.4698,105.516,75.5725,123.813
1.027,19.9822,27.7596,33.3946,121.689,115.187,68.4063,105.537,75.5186,123.638
1.028,19.9657,27.7359,33.3661,121.858,115.335,68.3427,105.556,75.4646,123.465
1.029,19.9492,27.7123,33.3375,122.026,115.484,68.2788,105.576,75.4102,123.293
1.03,19.9327,27.6886,33.3089,122.195,115.633,68.2147,105.595,75.3557,123.122
1.031,19.9163,27.665,33.2804,122.364,115.781,68.1505,105.613,75.3008,122.951
1.032,19.8999,27.6414,33.2517,122.533,115.93,68.0861,105.631,75.2458,122.781
1.033,19.8836,27.6177,33.2231,122.702,116.079,68.0214,105.649,75.1905,122.612
1.034,19.8673,27.5941,33.1944,122.871,116.228,67.9566,105.666,75.1349,122.444
1.035,19.851,27.5705,33.1658,123.04,116.377,67.8917,105.683,75.0792,122.277
1.036,19.8348,27.5469,33.1371,123.21,116.526,67.8265,105.7,75.0231,122.111
1.037,19.8186,27.5233,33.1084,123.379,116.675,67.7611,105.716,74.9669,121.945
1.038,19.8025,27.4997,33.0796,123.549,116.825,67.6956,105.731,74.9104,121.781
1.039,19.7864,27.4761,33.0509,123.719,116.974,67.6299,105.747,74.8537,121.617
1.04,19.7703,27.4525,33.0221,123.889,117.123,67.564,105.761,74.7967,121.454
1.041,19.7543,27.429,32.9933,124.059,117.273,67.498,105.776,74.7396,121.291
1.042,19.7383,27.4054,32.9645,124.229,117.423,67.4317,105.79,74.6821,121.13
1.043,19.7223,27.3819,32.9357,124.399,117.572,67.3653,105.803,74.6245,120.969
1.044,19.7064,27.3584,32.9069,124.57,117.722,67.2987,105.816,74.5667,120.809
1.045,19.6905,27.3348,32.878,124.74,117.872,67.232,105.829,74.5086,120.65
1.046,19.6747,27.3113,32.8492,124.911,118.022,67.1651,105.842,74.4503,120.492
1.047,19.6589,27.2879,32.8203,125.081,118.172,67.098,105.854,74.3917,120.335
1.048,19.6431,27.2644,32.7914,125.252,118.322,67.0308,105.865,74.333,120.178
1.049,19.6274,27.2409,32.7625,125.423,118.472,66.9634,105.876,74.274,120.022
1.05,19.6117,27.2175,32.7336,125.594,118.622,66.8958,105.887,74.2148,119.867
1.051,19.5961,27.194,32.7046,125.766,118.772,66.8281,105.898,74.1554,119.713
1.052,19.5805,27.1706,32.6757,125.937,118.923,66.7602,105.908,74.0958,119.559
1.053,19.5649,27.1472,32.6467,126.109,119.073,66.6921,105.917,74.036,119.406
1.054,19.5494,27.1238,32.6178,126.28,119.224,66.6239,105.927,73.976,119.254
1.055,19.534,27.1004,32.5888,126.452,119.374,66.5556,105.935,73.9157,119.103
1.056,19.5186,27.077,32.5598,126.624,119.525,66.4871,105.944,73.8553,118.952
1.057,19.5032,27.0537,32.5308,126.796,119.676,66.4184,105.952,73.7946,118.802
1.058,19.4878,27.0303,32.5018,126.968,119.827,66.3496,105.96,73.7337,118.653
1.059,19.4725,27.007,32.4728,127.14,119.978,66.2806,105.967,73.6727,118.505
1.06,19.4573,26.9837,32.4437,127.313,120.129,66.2115,105.974,73.6114,118.358
1.061,19.4421,26.9604,32.4147,127.485,120.28,66.1422,105.981,73.5499,118.211
1.062,19.4269,26.9372,32.3856,127.658,120.431,66.0728,105.987,73.4883,118.065
1.063,19.4118,26.9139,32.3566,127.831,120.582,66.0033,105.993,73.4264,117.919
1.064,19.3967,26.8907,32.3275,128.004,120.734,65.9336,105.998,73.3643,117.775
1.065,19.3817,26.8675,32.2984,128.177,120.885,65.8637,106.003,73.302,117.631
1.066,19.3667,26.8443,32.2693,128.35,121.037,65.7937,106.008,73.2396,117.488
1.067,19.3518,26.8211,32.2403,128.523,121.189,65.7236,106.013,73.1769,117.345
1.068,19.3369,26.7979,32.2112,128.697,121.34,65.6534,106.017,73.1141,117.203
1.069,19.3221,26.7748,32.1821,128.87,121.492,65.583,106.02,73.051,117.062
1.07,19.3073,26.7517,32.153,129.044,121.644,65.5124,106.024,72.9878,116.922
1.071,19.2925,26.7286,32.1238,129.218,121.796,65.4418,106.027,72.9244,116.782
1.072,19.2778,26.7055,32.0947,129.392,121.948,65.371,106.029,72.8608,116.643
1.073,19.2631,26.6824,32.0656,129.566,122.1,65.3001,106.031,72.797,116.505
1.074,19.2485,26.6594,32.0365,129.74,122.253,65.229,106.033,72.733,116.367
1.075,19.234,26.6364,32.0073,129.915,122.405,65.1578,106.035,72.6688,116.231
1.076,19.2194,26.6134,31.9782,130.089,122.558,65.0865,106.036,72.6045,116.094
1.077,19.205,26.5904,31.9491,130.264,122.71,65.015,106.037,72.5399,115.959
1.078,19.1905,26.5675,31.9199,130.439,122.863,64.9435,106.037,72.4752,115.824
1.079,19.1762,26.5446,31.8908,130.614,123.016,64.8718,106.037,72.4104,115.69
1.08,19.1618,26.5217,31.8617,130.789,123.168,64.8,106.037,72.3453,115.556
1.081,19.1476,26.4988,31.8325,130.964,123.321,64.728,106.037,72.2801,115.423
1.082,19.1333,26.476,31.8034,131.139,123.474,64.656,106.036,72.2146,115.291
1.083,19.1191,26.4531,31.7742,131.315,123.627,64.5838,106.035,72.1491,115.16
1.084,19.105,26.4303,31.7451,131.491,123.781,64.5115,106.033,72.0833,115.029
1.085,19.0909,26.4075,31.7159,131.666,123.934,64.4391,106.031,72.0174,114.899
1.086,19.0769,26.3848,31.6868,131.842,124.087,64.3665,106.029,71.9513,114.769
1.087,19.0629,26.3621,31.6576,132.019,124.241,64.2939,106.026,71.885,114.64
1.088,19.049,26.3394,31.6285,132.195,124.395,64.2211,106.023,71.8186,114.512
1.089,19.0351,26.3167,31.5994,132.371,124.548,64.1483,106.02,71.752,114.384
1.09,19.0213,26.2941,31.5702,132.548,124.702,64.0753,106.016,71.6852,114.257
1.091,19.0075,26.2714,31.5411,132.724,124.856,64.0022,106.012,71.6183,114.131
1.092,18.9938,26.2488,31.512,132.901,125.01,63.929,106.008,71.5512,114.005
1.093,18.9801,26.2263,31.4828,133.078,125.164,63.8557,106.004,71.4839,113.88
1.094,18.9664,26.2037,31.4537,133.255,125.318,63.7823,105.999,71.4165,113.755
1.095,18.9529,26.1812,31.4246,133.433,125.473,63.7088,105.994,71.349,113.632
1.096,18.9393,26.1588,31.3955,133.61,125.627,63.6352,105.988,71.2812,113.508
1.097,18.9259,26.1363,31.3664,133.788,125.782,63.5614,105.982,71.2133,113.386
1.098,18.9124,26.1139,31.3372,133.965,125.936,63.4876,105.976,71.1453,113.264
1.099,18.8991,26.0915,31.3081,134.143,126.091,63.4137,105.969,71.0771,113.142
1.1,18.8858,26.0691,31.2791,134.321,126.246,63.3397,105.963,71.0088,113.021
1.101,18.8725,26.0468,31.25,134.499,126.401,63.2655,105.955,70.9403,112.901
1.102,18.8593,26.0245,31.2209,134.678,126.556,63.1913,105.948,70.8716,112.782
1.103,18.8461,26.0022,31.1918,134.856,126.711,63.117,105.94,70.8028,112.663
1.104,18.833,25.98,31.1627,135.035,126.866,63.0426,105.932,70.7339,112.544
1.105,18.82,25.9578,31.1337,135.213,127.021,62.9681,105.924,70.6648,112.426
1.106,18.807,25.9356,31.1046,135.392,127.177,62.8935,105.915,70.5955,112.309
1.107,18.794,25.9135,31.0756,135.571,127.332,62.8188,105.906,70.5261,112.192
1.108,18.7811,25.8914,31.0466,135.751,127.488,62.744,105.896,70.4566,112.076
1.109,18.7683,25.8693,31.0175,135.93,127.644,62.6692,105.887,70.3869,111.961
1.11,18.7555,25.8472,30.9885,136.11,127.8,62.5942,105.877,70.3171,111.846
1.111,18.7428,25.8252,30.9595,136.289,127.956,62.5192,105.867,70.2471,111.732
1.112,18.7301,25.8033,30.9305,136.469,128.112,62.444,105.856,70.1771,111.618
1.113,18.7175,25.7813,30.9016,136.649,128.268,62.3688,105.845,70.1068,111.505
1.114,18.7049,25.7594,30.8726,136.829,128.424,62.2935,105.834,70.0364,111.392
1.115,18.6924,25.7375,30.8436,137.01,128.581,62.2181,105.823,69.9659,111.28
1.116,18.68,25.7157,30.8147,137.19,128.737,62.1427,105.811,69.8953,111.168
1.117,18.6676,25.6939,30.7858,137.371,128.894,62.0671,105.799,69.8245,111.057
1.118,18.6552,25.6721,30.7568,137.552,129.051,61.9915,105.786,69.7536,110.947
1.119,18.643,25.6504,30.7279,137.733,129.208,61.9158,105.774,69.6826,110.837
1.12,18.6307,25.6287,30.699,137.914,129.365,61.8401,105.761,69.6114,110.728
1.121,18.6186,25.6071,30.6702,138.095,129.522,61.7642,105.747,69.5401,110.619
1.122,18.6064,25.5854,30.6413,138.277,129.679,61.6883,105.734,69.4687,110.511
1.123,18.5944,25.5639,30.6124,138.458,129.836,61.6123,105.72,69.3971,110.403
1.124,18.5824,25.5423,30.5836,138.64,129.994,61.5362,105.706,69.3254,110.296
1.125,18.5704,25.5208,30.5548,138.822,130.151,61.4601,105.691,69.2536,110.189
1.126,18.5586,25.4993,30.526,139.004,130.309,61.3839,105.677,69.1817,110.083
1.127,18.5467,25.4779,30.4972,139.187,130.467,61.3076,105.662,69.1096,109.978
1.128,18.535,25.4565,30.4684,139.369,130.625,61.2312,105.647,69.0375,109.873
1.129,18.5232,25.4352,30.4397,139.552,130.783,61.1548,105.631,68.9652,109.768
1.13,18.5116,25.4138,30.411,139.735,130.941,61.0783,105.615,68.8927,109.664
1.131,18.5,25.3926,30.3823,139.918,131.099,61.0018,105.599,68.8202,109.561
1.132,18.4885,25.3713,30.3536,140.101,131.257,60.9252,105.583,68.7476,109.458
1.133,18.477,25.3501,30.3249,140.284,131.416,60.8485,105.566,68.6748,109.355
1.134,18.4656,25.329,30.2962,140.468,131.575,60.7717,105.549,68.6019,109.254
1.135,18.4542,25.3079,30.2676,140.651,131.733,60.6949,105.532,68.5289,109.152
1.136,18.4429,25.2868,30.239,140.835,131.892,60.6181,105.514,68.4558,109.051
1.137,18.4316,25.2658,30.2104,141.019,132.051,60.5412,105.496,68.3826,108.951
1.138,18.4205,25.2448,30.1818,141.204,132.21,60.4642,105.478,68.3092,108.851
1.139,18.4093,25.2238,30.1532,141.388,132.37,60.3871,105.46,68.2358,108.752
1.14,18.3983,25.2029,30.1247,141.572,132.529,60.31,105.441,68.1622,108.653
1.141,18.3873,25.1821,30.0962,141.757,132.688,60.2329,105.422,68.0885,108.554
1.142,18.3763,25.1613,30.0677,141.942,132.848,60.1557,105.403,68.0148,108.456
1.143,18.3654,25.1405,30.0392,142.127,133.008,60.0784,105.384,67.9409,108.359
1.144,18.3546,25.1198,30.0108,142.312,133.168,60.0011,105.364,67.8669,108.262
1.145,18.3438,25.0991,29.9824,142.498,133.328,59.9238,105.344,67.7928,108.165
1.146,18.3331,25.0784,29.954,142.684,133.488,59.8464,105.324,67.7186,108.069
1.147,18.3225,25.0578,29.9256,142.869,133.648,59.7689,105.303,67.6443,107.974
1.148,18.3119,25.0373,29.8973,143.055,133.808,59.6914,105.283,67.5699,107.879
1.149,18.3014,25.0168,29.8689,143.242,133.969,59.6138,105.261,67.4954,107.784
1.15,18.2909,24.9963,29.8406,143.428,134.13,59.5362,105.24,67.4208,107.69
1.151,18.2805,24.9759,29.8124,143.614,134.29,59.4586,105.219,67.3461,107.597
1.152,18.2702,24.9555,29.7841,143.801,134.451,59.3809,105.197,67.2713,107.503
1.153,18.2599,24.9352,29.7559,143.988,134.612,59.3032,105.175,67.1964,107.411
1.154,18.2497,24.9149,29.7277,144.175,134.773,59.2254,105.152,67.1214,107.319
1.155,18.2395,24.8947,29.6995,144.362,134.935,59.1476,105.13,67.0464,107.227
1.156,18.2294,24.8745,29.6714,144.55,135.096,59.0697,105.107,66.9712,107.135
1.157,18.2194,24.8544,29.6433,144.738,135.258,58.9918,105.084,66.8959,107.045
1.158,18.2094,24.8343,29.6152,144.925,135.419,58.9139,105.06,66.8206,106.954
1.159,18.1995,24.8142,29.5871,145.113,135.581,58.8359,105.037,66.7451,106.864
1.16,18.1897,24.7942,29.5591,145.302,135.743,58.7579,105.013,66.6696,106.775
1.161,18.1799,24.7743,29.5311,145.49,135.905,58.6798,104.989,66.5939,106.686
1.162,18.1701,24.7544,29.5032,145.679,136.068,58.6018,104.964,66.5182,106.597
1.163,18.1605,24.7345,29.4752,145.868,136.23,58.5236,104.94,66.4424,106.509
1.164,18.1509,24.7147,29.4473,146.057,136.393,58.4455,104.915,66.3665,106.421
1.165,18.1414,24.695,29.4194,146.246,136.555,58.3673,104.89,66.2906,106.334
1.166,18.1319,24.6753,29.3916,146.435,136.718,58.2891,104.864,66.2145,106.247
1.167,18.1225,24.6556,29.3638,146.625,136.881,58.2109,104.839,66.1384,106.161
1.168,18.1131,24.636,29.336,146.814,137.044,58.1326,104.813,66.0621,106.075
1.169,18.1039,24.6165,29.3083,147.004,137.207,58.0543,104.787,65.9858,105.989
1.17,18.0946,24.597,29.2806,147.195,137.371,57.976,104.76,65.9095,105.904
1.171,18.0855,24.5775,29.2529,147.385,137.534,57.8976,104.734,65.833,105.819
1.172,18.0764,24.5581,29.2252,147.576,137.698,57.8192,104.707,65.7564,105.735
1.173,18.0674,24.5388,29.1976,147.766,137.862,57.7408,104.68,65.6798,105.651
1.174,18.0584,24.5195,29.17,147.957,138.025,57.6624,104.652,65.6031,105.568
1.175,18.0495,24.5003,29.1425,148.148,138.19,57.5839,104.625,65.5264,105.485
1.176,18.0407,24.4811,29.115,148.34,138.354,57.5054,104.597,65.4495,105.402
1.177,18.0319,24.4619,29.0875,148.531,138.518,57.4269,104.569,65.3726,105.32
1.178,18.0232,24.4428,29.0601,148.723,138.683,57.3484,104.541,65.2956,105.238
1.179,18.0146,24.4238,29.0327,148.915,138.847,57.2699,104.512,65.2185,105.157
1.18,18.006,24.4048,29.0053,149.107,139.012,57.1913,104.483,65.1414,105.076
1.181,17.9975,24.3859,28.978,149.3,139.177,57.1128,104.454,65.0642,104.995
1.182,17.989,24.3671,28.9507,149.492,139.342,57.0342,104.425,64.9869,104.915
1.183,17.9807,24.3482,28.9234,149.685,139.508,56.9556,104.395,64.9096,104.835
1.184,17.9724,24.3295,28.8962,149.878,139.673,56.8769,104.366,64.8322,104.756
1.185,17.9641,24.3108,28.869,150.071,139.839,56.7983,104.336,64.7547,104.677
1.186,17.9559,24.2921,28.8419,150.265,140.004,56.7197,104.306,64.6771,104.598
1.187,17.9478,24.2735,28.8148,150.458,140.17,56.641,104.275,64.5995,104.52
1.188,17.9397,24.255,28.7877,150.652,140.336,56.5623,104.245,64.5218,104.442
1.189,17.9318,24.2365,28.7607,150.846,140.502,56.4836,104.214,64.4441,104.365
1.19,17.9238,24.2181,28.7337,151.041,140.669,56.4049,104.183,64.3663,104.288
1.191,17.916,24.1997,28.7067,151.235,140.835,56.3262,104.151,64.2885,104.211
1.192,17.9082,24.1814,28.6798,151.43,141.002,56.2475,104.12,64.2105,104.135
1.193,17.9005,24.1631,28.653,151.625,141.169,56.1688,104.088,64.1326,104.059
1.194,17.8928,24.1449,28.6262,151.82,141.336,56.0901,104.056,64.0545,103.983
1.195,17.8852,24.1268,28.5994,152.015,141.503,56.0113,104.024,63.9764,103.908
1.196,17.8777,24.1087,28.5726,152.211,141.67,55.9326,103.991,63.8983,103.834
1.197,17.8702,24.0907,28.5459,152.407,141.838,55.8539,103.959,63.8201,103.759
1.198,17.8628,24.0727,28.5193,152.603,142.005,55.7751,103.926,63.7418,103.685
1.199,17.8555,24.0548,28.4927,152.799,142.173,55.6964,103.893,63.6635,103.612
1.2,17.8482,24.0369,28.4661,152.995,142.341,55.6176,103.859,63.5851,103.538
1.201,17.841,24.0191,28.4396,153.192,142.509,55.5389,103.826,63.5067,103.465
1.202,17.8339,24.0014,28.4131,153.389,142.677,55.4601,103.792,63.4282,103.393
1.203,17.8268,23.9837,28.3867,153.586,142.846,55.3814,103.758,63.3497,103.321
1.204,17.8198,23.9661,28.3603,153.783,143.014,55.3026,103.724,63.2711,103.249
1.205,17.8129,23.9485,28.334,153.981,143.183,55.2239,103.689,63.1925,103.177
1.206,17.8061,23.931,28.3077,154.179,143.352,55.1451,103.655,63.1138,103.106
1.207,17.7993,23.9136,28.2814,154.377,143.521,55.0664,103.62,63.0351,103.035
1.208,17.7925,23.8962,28.2552,154.575,143.69,54.9877,103.585,62.9563,102.965
1.209,17.7859,23.8789,28.229,154.774,143.86,54.9089,103.55,62.8775,102.895
1.21,17.7793,23.8617,28.2029,154.972,144.029,54.8302,103.514,62.7986,102.825
1.211,17.7727,23.8445,28.1769,155.171,144.199,54.7515,103.478,62.7197,102.756
1.212,17.7663,23.8273,28.1508,155.37,144.369,54.6728,103.442,62.6407,102.687
1.213,17.7599,23.8103,28.1249,155.57,144.539,54.5941,103.406,62.5618,102.618
1.214,17.7536,23.7932,28.0989,155.769,144.71,54.5154,103.37,62.4827,102.55
1.215,17.7473,23.7763,28.0731,155.969,144.88,54.4367,103.333,62.4036,102.482
1.216,17.7411,23.7594,28.0473,156.169,145.051,54.3581,103.297,62.3245,102.414
1.217,17.735,23.7426,28.0215,156.37,145.222,54.2794,103.26,62.2454,102.347
1.218,17.7289,23.7258,27.9958,156.57,145.393,54.2008,103.223,62.1662,102.28
1.219,17.723,23.7091,27.9701,156.771,145.564,54.1222,103.185,62.087,102.213
1.22,17.717,23.6925,27.9444,156.972,145.735,54.0436,103.148,62.0077,102.147
1.221,17.7112,23.6759,27.9189,157.173,145.907,53.965,103.11,61.9284,102.081
1.222,17.7054,23.6594,27.8933,157.375,146.078,53.8864,103.072,61.849,102.016
1.223,17.6997,23.6429,27.8679,157.577,146.25,53.8078,103.034,61.7697,101.95
1.224,17.694,23.6266,27.8425,157.779,146.422,53.7293,102.995,61.6903,101.885
1.225,17.6884,23.6102,27.8171,157.981,146.594,53.6507,102.957,61.6108,101.821
1.226,17.6829,23.594,27.7918,158.184,146.767,53.5722,102.918,61.5313,101.756
1.227,17.6775,23.5778,27.7665,158.386,146.939,53.4937,102.879,61.4518,101.692
1.228,17.6721,23.5617,27.7413,158.589,147.112,53.4153,102.839,61.3723,101.629
1.229,17.6668,23.5456,27.7161,158.792,147.285,53.3368,102.8,61.2927,101.565
1.23,17.6616,23.5296,27.691,158.996,147.458,53.2584,102.76,61.2131,101.502
1.231,17.6564,23.5137,27.666,159.2,147.632,53.18,102.721,61.1335,101.439
1.232,17.6513,23.4978,27.641,159.404,147.805,53.1016,102.681,61.0539,101.377
1.233,17.6462,23.482,27.616,159.608,147.979,53.0232,102.64,60.9742,101.315
1.234,17.6413,23.4663,27.5912,159.812,148.153,52.9449,102.6,60.8945,101.253
1.235,17.6364,23.4506,27.5663,160.017,148.327,52.8666,102.559,60.8148,101.191
1.236,17.6315,23.435,27.5415,160.222,148.501,52.7883,102.519,60.735,101.13
1.237,17.6268,23.4195,27.5168,160.427,148.676,52.7101,102.478,60.6552,101.069
1.238,17.6221,23.404,27.4922,160.633,148.85,52.6318,102.436,60.5754,101.009
1.239,17.6175,23.3886,27.4675,160.838,149.025,52.5536,102.395,60.4956,100.948
1.24,17.6129,23.3733,27.443,161.044,149.2,52.4755,102.353,60.4158,100.888
1.241,17.6084,23.358,27.4185,161.251,149.375,52.3973,102.312,60.3359,100.829
1.242,17.604,23.3428,27.3941,161.457,149.551,52.3192,102.27,60.256,100.769
1.243,17.5996,23.3277,27.3697,161.664,149.726,52.2411,102.228,60.1761,100.71
1.244,17.5954,23.3126,27.3454,161.871,149.902,52.1631,102.185,60.0962,100.651
1.245,17.5911,23.2976,27.3211,162.078,150.078,52.0851,102.143,60.0163,100.593
1.246,17.587,23.2827,27.2969,162.286,150.254,52.0071,102.1,59.9363,100.535
1.247,17.5829,23.2679,27.2727,162.494,150.431,51.9292,102.057,59.8564,100.477
1.248,17.5789,23.2531,27.2487,162.702,150.607,51.8513,102.014,59.7764,100.419
1.249,17.575,23.2383,27.2246,162.91,150.784,51.7734,101.971,59.6964,100.362
1.25,17.5711,23.2237,27.2007,163.119,150.961,51.6956,101.927,59.6164,100.305
1.251,17.5673,23.2091,27.1768,163.328,151.138,51.6178,101.884,59.5363,100.248
1.252,17.5635,23.1946,27.1529,163.537,151.316,51.54,101.84,59.4563,100.191
1.253,17.5599,23.1802,27.1291,163.746,151.493,51.4623,101.796,59.3763,100.135
1.254,17.5563,23.1658,27.1054,163.956,151.671,51.3846,101.752,59.2962,100.079
1.255,17.5528,23.1515,27.0817,164.166,151.849,51.3069,101.707,59.2161,100.024
1.256,17.5493,23.1372,27.0581,164.376,152.027,51.2293,101.663,59.1361,99.9682
1.257,17.5459,23.1231,27.0346,164.586,152.206,51.1518,101.618,59.056,99.9131
1.258,17.5426,23.109,27.0111,164.797,152.385,51.0743,101.573,58.9759,99.8583
1.259,17.5393,23.095,26.9877,165.008,152.563,50.9968,101.528,58.8958,99.8038
1.26,17.5361,23.081,26.9643,165.219,152.742,50.9193,101.482,58.8157,99.7495
1.261,17.533,23.0671,26.9411,165.431,152.922,50.8419,101.437,58.7356,99.6955
1.262,17.53,23.0533,26.9178,165.643,153.101,50.7646,101.391,58.6554,99.6417
1.263,17.527,23.0396,26.8947,165.855,153.281,50.6873,101.345,58.5753,99.5882
1.264,17.5241,23.0259,26.8716,166.067,153.461,50.61,101.299,58.4952,99.535
1.265,17.5212,23.0123,26.8485,166.28,153.641,50.5328,101.253,58.4151,99.4821
1.266,17.5185,22.9988,26.8256,166.493,153.821,50.4557,101.207,58.3349,99.4294
1.267,17.5157,22.9853,26.8027,166.706,154.002,50.3786,101.16,58.2548,99.377
1.268,17.5131,22.972,26.7798,166.92,154.182,50.3015,101.113,58.1747,99.3248
1.269,17.5105,22.9587,26.757,167.134,154.363,50.2245,101.067,58.0945,99.273
1.27,17.508,22.9454,26.7343,167.348,154.545,50.1475,101.019,58.0144,99.2213
1.271,17.5056,22.9323,26.7117,167.562,154.726,50.0706,100.972,57.9343,99.1699
1.272,17.5032,22.9192,26.6891,167.777,154.908,49.9937,100.925,57.8541,99.1188
1.273,17.5009,22.9061,26.6666,167.992,155.089,49.9169,100.877,57.774,99.068
1.274,17.4987,22.8932,26.6442,168.207,155.271,49.8402,100.829,57.6939,99.0173
1.275,17.4966,22.8803,26.6218,168.422,155.454,49.7635,100.781,57.6138,98.967
1.276,17.4945,22.8675,26.5995,168.638,155.636,49.6868,100.733,57.5337,98.9169
1.277,17.4924,22.8548,26.5773,168.854,155.819,49.6102,100.685,57.4536,98.867
1.278,17.4905,22.8422,26.5551,169.071,156.002,49.5337,100.636,57.3735,98.8174
1.279,17.4886,22.8296,26.533,169.287,156.185,49.4572,100.588,57.2934,98.768
1.28,17.4868,22.8171,26.5109,169.504,156.368,49.3807,100.539,57.2133,98.7189
1.281,17.485,22.8047,26.489,169.722,156.552,49.3044,100.49,57.1332,98.67
1.282,17.4834,22.7923,26.4671,169.939,156.736,49.228,100.441,57.0531,98.6214
1.283,17.4818,22.78,26.4453,170.157,156.92,49.1518,100.392,56.9731,98.573
1.284,17.4802,22.7678,26.4235,170.375,157.104,49.0756,100.342,56.893,98.5249
1.285,17.4787,22.7557,26.4018,170.594,157.289,48.9994,100.292,56.813,98.477
1.286,17.4773,22.7436,26.3802,170.813,157.474,48.9234,100.243,56.733,98.4293
1.287,17.476,22.7316,26.3587,171.032,157.659,48.8473,100.193,56.653,98.3819
1.288,17.4747,22.7197,26.3372,171.251,157.844,48.7714,100.142,56.573,98.3347
1.289,17.4735,22.7079,26.3158,171.471,158.029,48.6955,100.092,56.493,98.2877
1.29,17.4724,22.6962,26.2944,171.691,158.215,48.6196,100.042,56.413,98.241
1.291,17.4713,22.6845,26.2732,171.911,158.401,48.5439,99.9909,56.3331,98.1945
1.292,17.4703,22.6729,26.252,172.131,158.587,48.4682,99.9401,56.2531,98.1483
1.293,17.4694,22.6613,26.2309,172.352,158.774,48.3925,99.8891,56.1732,98.1022
1.294,17.4685,22.6499,26.2098,172.574,158.96,48.3169,99.8379,56.0933,98.0565
1.295,17.4677,22.6385,26.1889,172.795,159.147,48.2414,99.7866,56.0134,98.0109
1.296,17.467,22.6272,26.168,173.017,159.334,48.166,99.7351,55.9335,97.9655
1.297,17.4663,22.616,26.1471,173.239,159.522,48.0906,99.6835,55.8537,97.9204
1.298,17.4657,22.6048,26.1264,173.461,159.709,48.0153,99.6317,55.7739,97.8755
1.299,17.4652,22.5938,26.1057,173.684,159.897,47.94,99.5798,55.6941,97.8309
1.3,17.4648,22.5828,26.0851,173.907,160.085,47.8648,99.5276,55.6143,97.7864
1.301,17.4644,22.5719,26.0646,174.131,160.274,47.7897,99.4754,55.5345,97.7422
1.302,17.464,22.561,26.0441,174.354,160.462,47.7147,99.4229,55.4548,97.6982
1.303,17.4638,22.5502,26.0237,174.578,160.651,47.6397,99.3703,55.3751,97.6544
1.304,17.4636,22.5396,26.0034,174.803,160.84,47.5648,99.3176,55.2954,97.6109
1.305,17.4635,22.5289,25.9832,175.027,161.029,47.49,99.2646,55.2157,97.5675
1.306,17.4634,22.5184,25.963,175.252,161.219,47.4152,99.2116,55.136,97.5244
1.307,17.4634,22.508,25.943,175.478,161.409,47.3406,99.1583,55.0564,97.4815
1.308,17.4635,22.4976,25.923,175.703,161.599,47.2659,99.105,54.9768,97.4388
1.309,17.4637,22.4873,25.903,175.929,161.789,47.1914,99.0514,54.8973,97.3963
1.31,17.4639,22.4771,25.8832,176.155,161.98,47.117,98.9977,54.8177,97.354
1.311,17.4642,22.4669,25.8634,176.382,162.171,47.0426,98.9439,54.7382,97.3119
1.312,17.4645,22.4568,25.8437,176.609,162.362,46.9683,98.8899,54.6587,97.2701
1.313,17.4649,22.4469,25.8241,176.836,162.553,46.894,98.8357,54.5793,97.2284
1.314,17.4654,22.4369,25.8046,177.064,162.745,46.8199,98.7814,54.4999,97.187
1.315,17.466,22.4271,25.7851,177.292,162.937,46.7458,98.7269,54.4205,97.1458
1.316,17.4666,22.4174,25.7657,177.52,163.129,46.6718,98.6723,54.3411,97.1047
1.317,17.4673,22.4077,25.7464,177.748,163.321,46.5978,98.6175,54.2618,97.0639
1.318,17.468,22.3981,25.7272,177.977,163.514,46.524,98.5626,54.1825,97.0233
1.319,17.4688,22.3886,25.708,178.207,163.707,46.4502,98.5075,54.1032,96.9829
1.32,17.4697,22.3791,25.6889,178.436,163.9,46.3765,98.4523,54.024,96.9427
1.321,17.4707,22.3698,25.6699,178.666,164.093,46.3029,98.3969,53.9448,96.9027
1.322,17.4717,22.3605,25.651,178.896,164.287,46.2294,98.3414,53.8657,96.8628
1.323,17.4728,22.3513,25.6322,179.127,164.481,46.1559,98.2857,53.7865,96.8232
1.324,17.4739,22.3422,25.6134,179.358,164.675,46.0826,98.2299,53.7075,96.7838
1.325,17.4751,22.3331,25.5948,179.589,164.87,46.0093,98.1739,53.6284,96.7446
1.326,17.4764,22.3241,25.5762,179.821,165.064,45.9361,98.1178,53.5494,96.7056
1.327,17.4777,22.3153,25.5577,180.053,165.259,45.863,98.0615,53.4704,96.6667
1.328,17.4791,22.3065,25.5392,180.285,165.455,45.7899,98.0051,53.3915,96.6281
1.329,17.4806,22.2977,25.5209,180.517,165.65,45.717,97.9485,53.3126,96.5897
1.33,17.4822,22.2891,25.5026,180.75,165.846,45.6441,97.8918,53.2337,96.5514
1.331,17.4838,22.2805,25.4844,180.984,166.042,45.5713,97.8349,53.1549,96.5133
1.332,17.4854,22.272,25.4663,181.217,166.239,45.4987,97.7779,53.0762,96.4755
1.333,17.4872,22.2636,25.4483,181.451,166.435,45.4261,97.7208,52.9974,96.4378
1.334,17.489,22.2553,25.4303,181.686,166.632,45.3535,97.6635,52.9188,96.4003
1.335,17.4908,22.247,25.4125,181.92,166.83,45.2811,97.606,52.8401,96.363
1.336,17.4928,22.2389,25.3947,182.156,167.027,45.2088,97.5484,52.7615,96.3259
1.337,17.4948,22.2308,25.377,182.391,167.225,45.1365,97.4907,52.683,96.2889
1.338,17.4968,22.2228,25.3594,182.627,167.423,45.0643,97.4328,52.6044,96.2522
1.339,17.4989,22.2149,25.3419,182.863,167.621,44.9923,97.3748,52.526,96.2156
1.34,17.5011,22.207,25.3244,183.099,167.82,44.9203,97.3166,52.4476,96.1792
1.341,17.5034,22.1992,25.307,183.336,168.019,44.8484,97.2583,52.3692,96.143
1.342,17.5057,22.1916,25.2898,183.573,168.218,44.7766,97.1999,52.2909,96.107
1.343,17.5081,22.1839,25.2726,183.811,168.418,44.7049,97.1413,52.2126,96.0711
1.344,17.5105,22.1764,25.2555,184.049,168.617,44.6332,97.0826,52.1343,96.0355
1.345,17.513,22.169,25.2384,184.287,168.817,44.5617,97.0237,52.0562,96
1.346,17.5156,22.1616,25.2215,184.526,169.018,44.4903,96.9647,51.978,95.9647
1.347,17.5183,22.1543,25.2046,184.765,169.218,44.4189,96.9056,51.9,95.9295
1.348,17.521,22.1471,25.1878,185.004,169.419,44.3477,96.8463,51.8219,95.8946
1.349,17.5237,22.14,25.1712,185.244,169.621,44.2765,96.7869,51.7439,95.8598
1.35,17.5266,22.133,25.1546,185.484,169.822,44.2055,96.7273,51.666,95.8252
1.351,17.5295,22.126,25.138,185.724,170.024,44.1345,96.6676,51.5881,95.7907
1.352,17.5324,22.1191,25.1216,185.965,170.226,44.0637,96.6078,51.5103,95.7565
1.353,17.5354,22.1123,25.1053,186.207,170.428,43.9929,96.5478,51.4326,95.7224
1.354,17.5385,22.1056,25.089,186.448,170.631,43.9222,96.4877,51.3548,95.6884
1.355,17.5417,22.099,25.0728,186.69,170.834,43.8517,96.4275,51.2772,95.6547
1.356,17.5449,22.0924,25.0567,186.932,171.037,43.7812,96.3671,51.1996,95.6211
1.357,17.5481,22.086,25.0407,187.175,171.241,43.7108,96.3066,51.122,95.5877
1.358,17.5515,22.0796,25.0248,187.418,171.445,43.6405,96.2459,51.0445,95.5544
1.359,17.5549,22.0733,25.009,187.662,171.649,43.5703,96.1851,50.9671,95.5213
1.36,17.5583,22.0671,24.9932,187.906,171.854,43.5003,96.1242,50.8897,95.4884
1.361,17.5618,22.0609,24.9776,188.15,172.058,43.4303,96.0631,50.8124,95.4557
1.362,17.5654,22.0548,24.962,188.394,172.264,43.3604,96.0019,50.7351,95.4231
1.363,17.5691,22.0489,24.9466,188.639,172.469,43.2906,95.9406,50.6579,95.3906
1.364,17.5728,22.043,24.9312,188.885,172.675,43.2209,95.8792,50.5808,95.3583
1.365,17.5765,22.0371,24.9159,189.13,172.881,43.1514,95.8176,50.5037,95.3262
1.366,17.5804,22.0314,24.9006,189.377,173.087,43.0819,95.7559,50.4267,95.2943
1.367,17.5843,22.0258,24.8855,189.623,173.294,43.0125,95.694,50.3497,95.2625
1.368,17.5882,22.0202,24.8705,189.87,173.501,42.9433,95.632,50.2728,95.2309
1.369,17.5922,22.0147,24.8555,190.117,173.708,42.8741,95.5699,50.196,95.1994
1.37,17.5963,22.0093,24.8407,190.365,173.916,42.805,95.5077,50.1192,95.1681
1.371,17.6004,22.004,24.8259,190.613,174.124,42.7361,95.4453,50.0425,95.1369
1.372,17.6046,21.9987,24.8112,190.862,174.332,42.6672,95.3828,49.9659,95.1059
1.373,17.6089,21.9935,24.7966,191.11,174.54,42.5985,95.3202,49.8893,95.075
1.374,17.6132,21.9885,24.7821,191.36,174.749,42.5299,95.2574,49.8128,95.0443
1.375,17.6176,21.9835,24.7677,191.609,174.958,42.4613,95.1945,49.7363,95.0138
1.376,17.622,21.9785,24.7534,191.859,175.168,42.3929,95.1315,49.6599,94.9834
1.377,17.6265,21.9737,24.7392,192.11,175.378,42.3246,95.0684,49.5836,94.9532
1.378,17.6311,21.969,24.725,192.361,175.588,42.2564,95.0051,49.5074,94.9231
1.379,17.6357,21.9643,24.711,192.612,175.798,42.1883,94.9417,49.4312,94.8931
1.38,17.6404,21.9597,24.697,192.863,176.009,42.1203,94.8782,49.3551,94.8633
1.381,17.6451,21.9552,24.6832,193.116,176.22,42.0524,94.8145,49.279,94.8337
1.382,17.6499,21.9508,24.6694,193.368,176.432,41.9846,94.7507,49.203,94.8042
1.383,17.6548,21.9464,24.6557,193.621,176.644,41.917,94.6868,49.1271,94.7749
1.384,17.6597,21.9422,24.6421,193.874,176.856,41.8494,94.6228,49.0513,94.7457
1.385,17.6647,21.938,24.6286,194.128,177.068,41.782,94.5586,48.9755,94.7166
1.386,17.6697,21.9339,24.6152,194.382,177.281,41.7147,94.4944,48.8998,94.6877
1.387,17.6748,21.9299,24.6019,194.636,177.494,41.6474,94.43,48.8242,94.6589
1.388,17.6799,21.9259,24.5886,194.891,177.707,41.5803,94.3654,48.7486,94.6303
1.389,17.6852,21.9221,24.5755,195.146,177.921,41.5133,94.3008,48.6732,94.6018
1.39,17.6904,21.9183,24.5624,195.402,178.135,41.4465,94.236,48.5978,94.5735
1.391,17.6957,21.9146,24.5495,195.658,178.35,41.3797,94.1711,48.5224,94.5453
1.392,17.7011,21.911,24.5366,195.915,178.564,41.313,94.1061,48.4472,94.5172
1.393,17.7066,21.9075,24.5239,196.172,178.78,41.2465,94.041,48.372,94.4893
1.394,17.7121,21.9041,24.5112,196.429,178.995,41.1801,93.9757,48.2969,94.4615
1.395,17.7176,21.9007,24.4986,196.687,179.211,41.1137,93.9103,48.2218,94.4339
1.396,17.7232,21.8974,24.4861,196.945,179.427,41.0475,93.8448,48.1469,94.4064
1.397,17.7289,21.8942,24.4737,197.204,179.644,40.9815,93.7792,48.072,94.379
1.398,17.7346,21.8911,24.4614,197.463,179.86,40.9155,93.7135,47.9972,94.3518
1.399,17.7404,21.8881,24.4492,197.722,180.078,40.8496,93.6476,47.9225,94.3247
1.4,17.7463,21.8852,24.4371,197.982,180.295,40.7839,93.5816,47.8478,94.2978
1.401,17.7522,21.8823,24.4251,198.243,180.513,40.7183,93.5155,47.7733,94.2709
1.402,17.7581,21.8795,24.4131,198.503,180.731,40.6528,93.4493,47.6988,94.2443
1.403,17.7641,21.8768,24.4013,198.764,180.95,40.5874,93.383,47.6244,94.2177
1.404,17.7702,21.8742,24.3895,199.026,181.169,40.5221,93.3165,47.55,94.1913
1.405,17.7763,21.8717,24.3779,199.288,181.388,40.457,93.25,47.4758,94.165
1.406,17.7825,21.8692,24.3663,199.551,181.608,40.392,93.1833,47.4016,94.1388
1.407,17.7887,21.8668,24.3549,199.813,181.828,40.3271,93.1165,47.3275,94.1128
1.408,17.795,21.8646,24.3435,200.077,182.048,40.2623,93.0495,47.2535,94.0869
1.409,17.8014,21.8623,24.3323,200.34,182.269,40.1976,92.9825,47.1796,94.0611
1.41,17.8078,21.8602,24.3211,200.605,182.49,40.1331,92.9154,47.1058,94.0355
1.411,17.8142,21.8582,24.31,200.869,182.711,40.0686,92.8481,47.032,94.01
1.412,17.8208,21.8562,24.299,201.134,182.933,40.0043,92.7807,46.9584,93.9846
1.413,17.8273,21.8543,24.2881,201.4,183.155,39.9401,92.7132,46.8848,93.9593
1.414,17.8339,21.8525,24.2773,201.666,183.378,39.8761,92.6456,46.8113,93.9342
1.415,17.8406,21.8508,24.2666,201.932,183.6,39.8121,92.5779,46.7379,93.9092
1.416,17.8473,21.8492,24.256,202.199,183.824,39.7483,92.51,46.6645,93.8843
1.417,17.8541,21.8476,24.2455,202.466,184.047,39.6846,92.4421,46.5913,93.8595
1.418,17.861,21.8462,24.2351,202.734,184.271,39.621,92.374,46.5181,93.8349
1.419,17.8678,21.8448,24.2248,203.002,184.496,39.5576,92.3059,46.4451,93.8104
1.42,17.8748,21.8435,24.2145,203.271,184.72,39.4943,92.2376,46.3721,93.786
1.421,17.8818,21.8422,24.2044,203.54,184.945,39.4311,92.1692,46.2992,93.7617
1.422,17.8888,21.8411,24.1944,203.809,185.171,39.368,92.1007,46.2264,93.7376
1.423,17.8959,21.84,24.1844,204.079,185.397,39.305,92.032,46.1537,93.7136
1.424,17.9031,21.8391,24.1746,204.35,185.623,39.2422,91.9633,46.0811,93.6896
1.425,17.9103,21.8382,24.1649,204.62,185.849,39.1795,91.8945,46.0085,93.6659
1.426,17.9176,21.8373,24.1552,204.892,186.076,39.1169,91.8255,45.9361,93.6422
1.427,17.9249,21.8366,24.1457,205.163,186.304,39.0545,91.7564,45.8637,93.6186
1.428,17.9322,21.8359,24.1362,205.436,186.531,38.9922,91.6873,45.7915,93.5952
1.429,17.9397,21.8354,24.1268,205.708,186.76,38.93,91.618,45.7193,93.5719
1.43,17.9471,21.8349,24.1176,205.981,186.988,38.8679,91.5486,45.6472,93.5487
1.431,17.9546,21.8345,24.1084,206.255,187.217,38.8059,91.4791,45.5752,93.5256
1.432,17.9622,21.8341,24.0994,206.529,187.446,38.7441,91.4095,45.5034,93.5026
1.433,17.9698,21.8339,24.0904,206.804,187.676,38.6824,91.3398,45.4316,93.4798
1.434,17.9775,21.8337,24.0815,207.079,187.906,38.6209,91.27,45.3598,93.457
1.435,17.9852,21.8336,24.0727,207.354,188.136,38.5594,91.2,45.2882,93.4344
1.436,17.993,21.8336,24.0641,207.63,188.367,38.4981,91.13,45.2167,93.4119
1.437,18.0008,21.8337,24.0555,207.906,188.598,38.437,91.0599,45.1453,93.3895
1.438,18.0087,21.8339,24.047,208.183,188.83,38.3759,90.9896,45.074,93.3672
1.439,18.0166,21.8341,24.0386,208.46,189.062,38.315,90.9193,45.0027,93.345
1.44,18.0246,21.8344,24.0303,208.738,189.294,38.2542,90.8488,44.9316,93.3229
1.441,18.0326,21.8348,24.0221,209.016,189.527,38.1936,90.7782,44.8606,93.301
1.442,18.0407,21.8353,24.014,209.295,189.76,38.1331,90.7076,44.7896,93.2791
1.443,18.0488,21.8359,24.006,209.574,189.994,38.0727,90.6368,44.7188,93.2574
1.444,18.057,21.8365,23.9981,209.854,190.227,38.0124,90.5659,44.6481,93.2358
1.445,18.0652,21.8372,23.9903,210.134,190.462,37.9523,90.495,44.5774,93.2142
1.446,18.0734,21.838,23.9826,210.414,190.697,37.8923,90.4239,44.5069,93.1928
1.447,18.0818,21.8389,23.975,210.696,190.932,37.8324,90.3527,44.4364,93.1715
1.448,18.0901,21.8399,23.9675,210.977,191.167,37.7727,90.2814,44.3661,93.1503
1.449,18.0985,21.8409,23.9601,211.259,191.403,37.7131,90.21,44.2958,93.1292
1.45,18.107,21.842,23.9528,211.542,191.64,37.6536,90.1385,44.2257,93.1082
1.451,18.1155,21.8432,23.9456,211.825,191.876,37.5943,90.0669,44.1557,93.0873
1.452,18.1241,21.8445,23.9384,212.108,192.114,37.5351,89.9952,44.0857,93.0665
1.453,18.1327,21.8459,23.9314,212.392,192.351,37.476,89.9235,44.0159,93.0458
1.454,18.1413,21.8473,23.9245,212.676,192.589,37.4171,89.8516,43.9461,93.0253
1.455,18.15,21.8488,23.9177,212.961,192.828,37.3583,89.7796,43.8765,93.0048
1.456,18.1587,21.8504,23.911,213.247,193.066,37.2997,89.7075,43.807,92.9844
1.457,18.1675,21.8521,23.9043,213.533,193.306,37.2411,89.6353,43.7376,92.9642
1.458,18.1764,21.8539,23.8978,213.819,193.545,37.1827,89.563,43.6682,92.944
1.459,18.1852,21.8557,23.8914,214.106,193.785,37.1245,89.4906,43.599,92.9239
1.46,18.1942,21.8576,23.8851,214.393,194.026,37.0664,89.4181,43.5299,92.9039
1.461,18.2031,21.8596,23.8788,214.681,194.267,37.0084,89.3455,43.4609,92.8841
1.462,18.2121,21.8617,23.8727,214.969,194.508,36.9505,89.2729,43.392,92.8643
1.463,18.2212,21.8638,23.8667,215.258,194.75,36.8928,89.2001,43.3232,92.8446
1.464,18.2303,21.8661,23.8607,215.547,194.992,36.8353,89.1272,43.2545,92.8251
1.465,18.2395,21.8684,23.8549,215.837,195.234,36.7778,89.0542,43.1859,92.8056
1.466,18.2487,21.8708,23.8492,216.128,195.477,36.7205,88.9812,43.1174,92.7862
1.467,18.2579,21.8732,23.8435,216.418,195.721,36.6634,88.908,43.0491,92.7669
1.468,18.2672,21.8758,23.838,216.71,195.965,36.6063,88.8347,42.9808,92.7477
1.469,18.2765,21.8784,23.8325,217.001,196.209,36.5495,88.7614,42.9126,92.7286
1.47,18.2859,21.8811,23.8272,217.294,196.454,36.4927,88.6879,42.8446,92.7096
1.471,18.2953,21.8839,23.822,217.587,196.699,36.4361,88.6144,42.7767,92.6907
1.472,18.3047,21.8868,23.8168,217.88,196.945,36.3796,88.5407,42.7088,92.6719
1.473,18.3142,21.8897,23.8118,218.174,197.191,36.3233,88.467,42.6411,92.6532
1.474,18.3238,21.8927,23.8068,218.468,197.437,36.2671,88.3932,42.5735,92.6346
1.475,18.3334,21.8958,23.802,218.763,197.684,36.2111,88.3192,42.506,92.6161
1.476,18.343,21.899,23.7972,219.058,197.931,36.1551,88.2452,42.4386,92.5976
1.477,18.3527,21.9022,23.7926,219.354,198.179,36.0994,88.1711,42.3713,92.5793
1.478,18.3624,21.9056,23.788,219.65,198.427,36.0437,88.0969,42.3042,92.561
1.479,18.3721,21.909,23.7836,219.947,198.676,35.9883,88.0226,42.2371,92.5429
1.48,18.3819,21.9125,23.7792,220.244,198.925,35.9329,87.9482,42.1702,92.5248
1.481,18.3918,21.916,23.775,220.542,199.174,35.8777,87.8738,42.1034,92.5068
1.482,18.4016,21.9197,23.7708,220.841,199.424,35.8226,87.7992,42.0366,92.489
1.483,18.4116,21.9234,23.7668,221.14,199.675,35.7677,87.7245,41.97,92.4712
1.484,18.4215,21.9272,23.7628,221.439,199.926,35.7129,87.6498,41.9036,92.4534
1.485,18.4315,21.931,23.759,221.739,200.177,35.6583,87.575,41.8372,92.4358
1.486,18.4415,21.935,23.7552,222.039,200.429,35.6038,87.5,41.7709,92.4183
1.487,18.4516,21.939,23.7516,222.34,200.681,35.5494,87.425,41.7048,92.4008
1.488,18.4617,21.9431,23.748,222.642,200.934,35.4952,87.3499,41.6387,92.3835
1.489,18.4719,21.9473,23.7445,222.944,201.187,35.4411,87.2747,41.5728,92.3662
1.49,18.4821,21.9515,23.7412,223.246,201.44,35.3872,87.1994,41.507,92.349
1.491,18.4923,21.9558,23.7379,223.549,201.694,35.3334,87.1241,41.4414,92.3319
1.492,18.5026,21.9602,23.7348,223.853,201.949,35.2798,87.0486,41.3758,92.3149
1.493,18.5129,21.9647,23.7317,224.157,202.204,35.2263,86.9731,41.3103,92.298
1.494,18.5233,21.9693,23.7287,224.462,202.459,35.1729,86.8975,41.245,92.2811
1.495,18.5337,21.9739,23.7259,224.767,202.715,35.1197,86.8217,41.1798,92.2643
1.496,18.5441,21.9786,23.7231,225.073,202.971,35.0666,86.7459,41.1147,92.2477
1.497,18.5546,21.9834,23.7205,225.379,203.228,35.0137,86.67,41.0497,92.2311
1.498,18.5651,21.9882,23.7179,225.686,203.485,34.9609,86.5941,40.9849,92.2146
1.499,18.5756,21.9932,23.7154,225.993,203.743,34.9083,86.518,40.9201,92.1981
1.5,18.5862,21.9982,23.7131,226.301,204.001,34.8558,86.4419,40.8555,92.1818
1.501,18.5968,22.0032,23.7108,226.609,204.26,34.8034,86.3656,40.791,92.1655
1.502,18.6074,22.0084,23.7086,226.918,204.519,34.7512,86.2893,40.7266,92.1493
1.503,18.6181,22.0136,23.7065,227.227,204.779,34.6992,86.2129,40.6623,92.1332
1.504,18.6288,22.0189,23.7046,227.537,205.039,34.6473,86.1364,40.5982,92.1172
1.505,18.6396,22.0243,23.7027,227.847,205.299,34.5955,86.0599,40.5342,92.1012
1.506,18.6504,22.0298,23.7009,228.158,205.56,34.5439,85.9832,40.4703,92.0854
1.507,18.6612,22.0353,23.6993,228.47,205.822,34.4924,85.9065,40.4065,92.0696
1.508,18.6721,22.0409,23.6977,228.782,206.083,34.4411,85.8297,40.3428,92.0539
1.509,18.683,22.0466,23.6962,229.095,206.346,34.3899,85.7528,40.2793,92.0383
1.51,18.6939,22.0523,23.6948,229.408,206.609,34.3389,85.6758,40.2159,92.0227
1.511,18.7049,22.0581,23.6936,229.721,206.872,34.288,85.5988,40.1526,92.0072
1.512,18.7159,22.064,23.6924,230.036,207.136,34.2372,85.5216,40.0894,91.9918
1.513,18.7269,22.07,23.6913,230.35,207.4,34.1866,85.4444,40.0264,91.9765
1.514,18.738,22.076,23.6903,230.666,207.665,34.1362,85.3671,39.9634,91.9613
1.515,18.7491,22.0821,23.6894,230.982,207.93,34.0859,85.2897,39.9006,91.9461
1.516,18.7602,22.0883,23.6887,231.298,208.196,34.0358,85.2123,39.838,91.931
1.517,18.7714,22.0946,23.688,231.615,208.463,33.9858,85.1348,39.7754,91.916
1.518,18.7826,22.1009,23.6874,231.932,208.729,33.9359,85.0571,39.713,91.901
1.519,18.7938,22.1073,23.6869,232.25,208.997,33.8862,84.9795,39.6507,91.8862
1.52,18.8051,22.1138,23.6865,232.569,209.264,33.8366,84.9017,39.5885,91.8714
1.521,18.8164,22.1203,23.6862,232.888,209.532,33.7872,84.8238,39.5265,91.8567
1.522,18.8277,22.1269,23.686,233.208,209.801,33.738,84.7459,39.4645,91.842
1.523,18.8391,22.1336,23.6859,233.528,210.07,33.6888,84.6679,39.4027,91.8274
1.524,18.8505,22.1404,23.6859,233.849,210.34,33.6399,84.5898,39.3411,91.8129
1.525,18.8619,22.1472,23.686,234.17,210.61,33.5911,84.5117,39.2795,91.7985
1.526,18.8734,22.1541,23.6862,234.492,210.881,33.5424,84.4334,39.2181,91.7842
1.527,18.8849,22.1611,23.6865,234.814,211.152,33.4939,84.3551,39.1568,91.7699
1.528,18.8964,22.1681,23.6869,235.137,211.424,33.4455,84.2767,39.0956,91.7557
1.529,18.9079,22.1753,23.6874,235.461,211.696,33.3973,84.1983,39.0346,91.7415
1.53,18.9195,22.1824,23.688,235.785,211.969,33.3492,84.1198,38.9737,91.7274
1.531,18.9311,22.1897,23.6887,236.11,212.242,33.3013,84.0411,38.9129,91.7134
1.532,18.9427,22.197,23.6895,236.435,212.516,33.2535,83.9625,38.8523,91.6995
1.533,18.9544,22.2044,23.6904,236.761,212.79,33.2059,83.8837,38.7917,91.6856
1.534,18.9661,22.2119,23.6914,237.087,213.065,33.1584,83.8049,38.7314,91.6718
1.535,18.9778,22.2194,23.6925,237.414,213.34,33.1111,83.726,38.6711,91.6581
1.536,18.9896,22.227,23.6937,237.741,213.616,33.064,83.647,38.611,91.6445
1.537,19.0013,22.2347,23.6949,238.07,213.892,33.0169,83.568,38.551,91.6309
1.538,19.0132,22.2424,23.6963,238.398,214.169,32.9701,83.4888,38.4911,91.6174
1.539,19.025,22.2503,23.6978,238.727,214.446,32.9234,83.4096,38.4313,91.6039
1.54,19.0369,22.2581,23.6994,239.057,214.724,32.8768,83.3304,38.3717,91.5905
1.541,19.0487,22.2661,23.701,239.387,215.002,32.8304,83.251,38.3122,91.5772
1.542,19.0607,22.2741,23.7028,239.718,215.281,32.7841,83.1716,38.2529,91.5639
1.543,19.0726,22.2822,23.7047,240.049,215.56,32.738,83.0922,38.1937,91.5508
1.544,19.0846,22.2903,23.7066,240.381,215.84,32.692,83.0126,38.1346,91.5376
1.545,19.0966,22.2986,23.7087,240.714,216.12,32.6462,82.933,38.0756,91.5246
1.546,19.1086,22.3069,23.7108,241.047,216.401,32.6006,82.8533,38.0168,91.5116
1.547,19.1206,22.3152,23.7131,241.381,216.683,32.5551,82.7736,37.9581,91.4987
1.548,19.1327,22.3236,23.7154,241.715,216.965,32.5097,82.6938,37.8996,91.4858
1.549,19.1448,22.3321,23.7179,242.05,217.247,32.4645,82.6139,37.8411,91.473
1.55,19.1569,22.3407,23.7204,242.385,217.53,32.4194,82.5339,37.7828,91.4603
1.551,19.1691,22.3493,23.7231,242.721,217.813,32.3746,82.4539,37.7247,91.4476
1.552,19.1813,22.358,23.7258,243.058,218.097,32.3298,82.3738,37.6667,91.435
1.553,19.1935,22.3668,23.7286,243.395,218.382,32.2852,82.2936,37.6088,91.4225
1.554,19.2057,22.3756,23.7315,243.732,218.667,32.2408,82.2134,37.551,91.41
1.555,19.2179,22.3845,23.7346,244.071,218.953,32.1965,82.1331,37.4934,91.3976
1.556,19.2302,22.3934,23.7377,244.409,219.239,32.1523,82.0528,37.4359,91.3852
1.557,19.2425,22.4025,23.7409,244.749,219.526,32.1083,81.9723,37.3786,91.3729
1.558,19.2548,22.4116,23.7442,245.089,219.813,32.0645,81.8919,37.3213,91.3607
1.559,19.2671,22.4207,23.7476,245.429,220.1,32.0208,81.8113,37.2643,91.3485
1.56,19.2795,22.4299,23.7511,245.77,220.389,31.9773,81.7307,37.2073,91.3364
1.561,19.2919,22.4392,23.7547,246.112,220.678,31.9339,81.65,37.1505,91.3243
1.562,19.3043,22.4486,23.7584,246.454,220.967,31.8907,81.5693,37.0938,91.3123
1.563,19.3167,22.458,23.7622,246.797,221.257,31.8476,81.4885,37.0373,91.3004
1.564,19.3292,22.4675,23.7661,247.141,221.547,31.8047,81.4076,36.9809,91.2885
1.565,19.3416,22.477,23.7701,247.485,221.838,31.762,81.3267,36.9246,91.2767
1.566,19.3541,22.4866,23.7742,247.829,222.13,31.7194,81.2457,36.8685,91.265
1.567,19.3666,22.4963,23.7783,248.175,222.422,31.6769,81.1646,36.8125,91.2533
1.568,19.3792,22.506,23.7826,248.52,222.714,31.6346,81.0835,36.7567,91.2416
1.569,19.3917,22.5158,23.787,248.867,223.008,31.5924,81.0023,36.7009,91.2301
1.57,19.4043,22.5257,23.7914,249.214,223.301,31.5505,80.9211,36.6454,91.2185
1.571,19.4169,22.5356,23.796,249.561,223.596,31.5086,80.8398,36.5899,91.2071
1.572,19.4295,22.5456,23.8006,249.909,223.89,31.4669,80.7584,36.5346,91.1957
1.573,19.4421,22.5556,23.8053,250.258,224.186,31.4254,80.677,36.4795,91.1843
1.574,19.4548,22.5658,23.8102,250.607,224.482,31.384,80.5955,36.4244,91.173
1.575,19.4674,22.5759,23.8151,250.957,224.778,31.3428,80.514,36.3696,91.1618
1.576,19.4801,22.5862,23.8201,251.307,225.075,31.3017,80.4324,36.3148,91.1506
1.577,19.4928,22.5965,23.8252,251.658,225.373,31.2608,80.3507,36.2602,91.1395
1.578,19.5056,22.6068,23.8304,252.01,225.671,31.22,80.269,36.2057,91.1284
1.579,19.5183,22.6172,23.8358,252.362,225.969,31.1794,80.1872,36.1514,91.1174
1.58,19.5311,22.6277,23.8411,252.715,226.269,31.139,80.1054,36.0972,91.1064
1.581,19.5438,22.6383,23.8466,253.068,226.568,31.0987,80.0235,36.0432,91.0955
1.582,19.5566,22.6489,23.8522,253.422,226.869,31.0585,79.9415,35.9893,91.0847
1.583,19.5694,22.6595,23.8579,253.777,227.17,31.0185,79.8595,35.9355,91.0739
1.584,19.5823,22.6703,23.8637,254.132,227.471,30.9787,79.7775,35.8819,91.0631
1.585,19.5951,22.681,23.8695,254.487,227.773,30.939,79.6954,35.8284,91.0525
1.586,19.608,22.6919,23.8755,254.844,228.076,30.8994,79.6132,35.775,91.0418
1.587,19.6208,22.7028,23.8815,255.2,228.379,30.8601,79.531,35.7218,91.0312
1.588,19.6337,22.7138,23.8877,255.558,228.683,30.8208,79.4487,35.6688,91.0207
1.589,19.6466,22.7248,23.8939,255.916,228.987,30.7818,79.3664,35.6158,91.0102
1.59,19.6596,22.7359,23.9002,256.275,229.292,30.7429,79.284,35.5631,90.9998
1.591,19.6725,22.747,23.9066,256.634,229.597,30.7041,79.2015,35.5104,90.9894
1.592,19.6854,22.7582,23.9131,256.994,229.903,30.6655,79.119,35.4579,90.9791
1.593,19.6984,22.7695,23.9197,257.354,230.21,30.627,79.0365,35.4056,90.9688
1.594,19.7114,22.7808,23.9264,257.715,230.517,30.5888,78.9539,35.3534,90.9586
1.595,19.7244,22.7922,23.9332,258.077,230.824,30.5506,78.8713,35.3013,90.9485
1.596,19.7374,22.8036,23.9401,258.439,231.133,30.5126,78.7885,35.2494,90.9383
1.597,19.7504,22.8151,23.9471,258.802,231.442,30.4748,78.7058,35.1976,90.9283
1.598,19.7634,22.8266,23.9541,259.165,231.751,30.4371,78.623,35.1459,90.9183
1.599,19.7765,22.8382,23.9613,259.529,232.061,30.3996,78.5401,35.0944,90.9083
1.6,19.7895,22.8499,23.9685,259.893,232.372,30.3622,78.4572,35.0431,90.8984
1.601,19.8026,22.8616,23.9758,260.258,232.683,30.325,78.3743,34.9919,90.8885
1.602,19.8157,22.8734,23.9833,260.624,232.994,30.2879,78.2913,34.9408,90.8787
1.603,19.8288,22.8852,23.9908,260.991,233.307,30.251,78.2082,34.8899,90.8689
1.604,19.8419,22.8971,23.9984,261.357,233.62,30.2143,78.1251,34.8391,90.8592
1.605,19.855,22.909,24.0061,261.725,233.933,30.1777,78.042,34.7885,90.8495
1.606,19.8681,22.921,24.0138,262.093,234.247,30.1413,77.9588,34.738,90.8399
1.607,19.8813,22.9331,24.0217,262.462,234.562,30.105,77.8755,34.6876,90.8303
1.608,19.8944,22.9452,24.0297,262.831,234.877,30.0688,77.7922,34.6374,90.8208
1.609,19.9076,22.9574,24.0377,263.201,235.193,30.0329,77.7089,34.5874,90.8113
1.61,19.9207,22.9696,24.0458,263.571,235.509,29.997,77.6255,34.5375,90.8019
1.611,19.9339,22.9819,24.0541,263.942,235.826,29.9614,77.5421,34.4877,90.7925
1.612,19.9471,22.9942,24.0624,264.314,236.144,29.9259,77.4586,34.4381,90.7832
1.613,19.9603,23.0066,24.0708,264.686,236.462,29.8905,77.375,34.3886,90.7739
1.614,19.9735,23.019,24.0793,265.059,236.781,29.8553,77.2915,34.3393,90.7646
1.615,19.9867,23.0315,24.0879,265.433,237.1,29.8202,77.2079,34.2901,90.7554
1.616,20,23.044,24.0965,265.807,237.42,29.7854,77.1242,34.241,90.7463
1.617,20.0132,23.0566,24.1053,266.181,237.74,29.7506,77.0405,34.1921,90.7372
1.618,20.0264,23.0693,24.1141,266.556,238.061,29.716,76.9567,34.1434,90.7281
1.619,20.0397,23.082,24.1231,266.932,238.383,29.6816,76.8729,34.0948,90.7191
1.62,20.0529,23.0947,24.1321,267.309,238.705,29.6473,76.7891,34.0463,90.7101
1.621,20.0662,23.1075,24.1412,267.686,239.028,29.6132,76.7052,33.998,90.7012
1.622,20.0795,23.1204,24.1504,268.063,239.352,29.5792,76.6213,33.9498,90.6923
1.623,20.0927,23.1333,24.1597,268.441,239.676,29.5454,76.5373,33.9018,90.6834
1.624,20.106,23.1462,24.1691,268.82,240.001,29.5118,76.4533,33.854,90.6747
1.625,20.1193,23.1592,24.1785,269.199,240.326,29.4783,76.3693,33.8062,90.6659
1.626,20.1326,23.1723,24.1881,269.579,240.652,29.4449,76.2852,33.7587,90.6572
1.627,20.1459,23.1854,24.1977,269.96,240.978,29.4117,76.2011,33.7112,90.6485
1.628,20.1592,23.1986,24.2074,270.341,241.305,29.3787,76.1169,33.6639,90.6399
1.629,20.1725,23.2118,24.2172,270.723,241.633,29.3458,76.0327,33.6168,90.6313
1.63,20.1859,23.225,24.2271,271.105,241.961,29.3131,75.9485,33.5698,90.6228
1.631,20.1992,23.2384,24.2371,271.488,242.29,29.2805,75.8642,33.523,90.6143
1.632,20.2125,23.2517,24.2471,271.872,242.619,29.2481,75.7799,33.4763,90.6059
1.633,20.2258,23.2651,24.2573,272.256,242.95,29.2158,75.6955,33.4297,90.5974
1.634,20.2392,23.2786,24.2675,272.64,243.28,29.1837,75.6111,33.3833,90.5891
1.635,20.2525,23.2921,24.2778,273.026,243.612,29.1517,75.5267,33.3371,90.5808
1.636,20.2658,23.3056,24.2882,273.412,243.943,29.1199,75.4422,33.291,90.5725
1.637,20.2792,23.3192,24.2987,273.798,244.276,29.0883,75.3577,33.245,90.5642
1.638,20.2925,23.3329,24.3092,274.185,244.609,29.0568,75.2731,33.1992,90.556
1.639,20.3059,23.3466,24.3199,274.573,244.943,29.0254,75.1886,33.1536,90.5479
1.64,20.3192,23.3603,24.3306,274.961,245.277,28.9942,75.1039,33.1081,90.5398
1.641,20.3326,23.3741,24.3414,275.35,245.612,28.9632,75.0193,33.0627,90.5317
1.642,20.346,23.388,24.3523,275.739,245.948,28.9323,74.9346,33.0175,90.5236
1.643,20.3593,23.4019,24.3633,276.129,246.284,28.9016,74.8499,32.9724,90.5156
1.644,20.3727,23.4158,24.3744,276.52,246.62,28.871,74.7651,32.9275,90.5077
1.645,20.386,23.4298,24.3855,276.911,246.958,28.8406,74.6803,32.8827,90.4998
1.646,20.3994,23.4438,24.3968,277.303,247.296,28.8103,74.5955,32.8381,90.4919
1.647,20.4128,23.4579,24.4081,277.695,247.634,28.7802,74.5106,32.7936,90.484
1.648,20.4261,23.472,24.4195,278.088,247.974,28.7503,74.4258,32.7493,90.4762
1.649,20.4395,23.4861,24.431,278.481,248.313,28.7205,74.3408,32.7052,90.4685
1.65,20.4529,23.5003,24.4425,278.876,248.654,28.6908,74.2559,32.6611,90.4608
1.651,20.4662,23.5146,24.4542,279.27,248.995,28.6613,74.1709,32.6173,90.4531
1.652,20.4796,23.5289,24.4659,279.666,249.337,28.632,74.0859,32.5735,90.4454
1.653,20.493,23.5432,24.4777,280.061,249.679,28.6028,74.0008,32.53,90.4378
1.654,20.5063,23.5576,24.4896,280.458,250.022,28.5737,73.9158,32.4865,90.4302
1.655,20.5197,23.572,24.5016,280.855,250.365,28.5448,73.8306,32.4433,90.4227
1.656,20.533,23.5865,24.5136,281.253,250.709,28.5161,73.7455,32.4001,90.4152
1.657,20.5464,23.601,24.5257,281.651,251.054,28.4875,73.6603,32.3572,90.4078
1.658,20.5598,23.6156,24.538,282.049,251.399,28.4591,73.5752,32.3143,90.4003
1.659,20.5731,23.6302,24.5502,282.449,251.745,28.4308,73.4899,32.2717,90.393
1.66,20.5865,23.6448,24.5626,282.849,252.092,28.4027,73.4047,32.2291,90.3856
1.661,20.5998,23.6595,24.5751,283.249,252.439,28.3747,73.3194,32.1868,90.3783
1.662,20.6132,23.6742,24.5876,283.65,252.787,28.3469,73.2341,32.1445,90.371
1.663,20.6265,23.689,24.6002,284.052,253.136,28.3193,73.1488,32.1025,90.3638
1.664,20.6398,23.7038,24.6129,284.454,253.485,28.2917,73.0634,32.0605,90.3566
1.665,20.6532,23.7186,24.6256,284.857,253.834,28.2644,72.978,32.0188,90.3494
1.666,20.6665,23.7335,24.6385,285.261,254.185,28.2372,72.8926,31.9772,90.3423
1.667,20.6798,23.7485,24.6514,285.665,254.536,28.2101,72.8072,31.9357,90.3352
1.668,20.6932,23.7634,24.6644,286.069,254.887,28.1832,72.7217,31.8944,90.3281
1.669,20.7065,23.7784,24.6775,286.474,255.239,28.1565,72.6362,31.8532,90.3211
1.67,20.7198,23.7935,24.6906,286.88,255.592,28.1299,72.5507,31.8122,90.3141
1.671,20.7331,23.8086,24.7039,287.286,255.946,28.1034,72.4652,31.7713,90.3072
1.672,20.7464,23.8237,24.7172,287.693,256.3,28.0771,72.3796,31.7306,90.3003
1.673,20.7597,23.8389,24.7306,288.101,256.654,28.051,72.294,31.69,90.2934
1.674,20.773,23.8541,24.744,288.509,257.01,28.025,72.2084,31.6496,90.2865
1.675,20.7863,23.8693,24.7576,288.917,257.366,27.9991,72.1228,31.6093,90.2797
1.676,20.7996,23.8846,24.7712,289.326,257.722,27.9734,72.0372,31.5692,90.2729
1.677,20.8129,23.8999,24.7849,289.736,258.08,27.9479,71.9515,31.5292,90.2662
1.678,20.8261,23.9153,24.7986,290.146,258.437,27.9225,71.8658,31.4894,90.2595
1.679,20.8394,23.9307,24.8125,290.557,258.796,27.8973,71.7801,31.4497,90.2528
1.68,20.8527,23.9461,24.8264,290.969,259.155,27.8722,71.6944,31.4102,90.2461
1.681,20.8659,23.9616,24.8404,291.381,259.515,27.8473,71.6086,31.3709,90.2395
1.682,20.8791,23.9771,24.8544,291.793,259.875,27.8225,71.5229,31.3316,90.2329
1.683,20.8924,23.9926,24.8686,292.206,260.236,27.7978,71.4371,31.2926,90.2264
1.684,20.9056,24.0082,24.8828,292.62,260.597,27.7733,71.3513,31.2537,90.2199
1.685,20.9188,24.0238,24.8971,293.034,260.96,27.749,71.2654,31.2149,90.2134
1.686,20.932,24.0395,24.9114,293.449,261.322,27.7248,71.1796,31.1763,90.2069
1.687,20.9452,24.0552,24.9259,293.864,261.686,27.7008,71.0937,31.1378,90.2005
1.688,20.9584,24.0709,24.9404,294.28,262.05,27.6769,71.0079,31.0995,90.1941
1.689,20.9716,24.0866,24.955,294.697,262.415,27.6532,70.922,31.0614,90.1878
1.69,20.9848,24.1024,24.9696,295.114,262.78,27.6296,70.8361,31.0234,90.1815
1.691,20.9979,24.1182,24.9844,295.531,263.146,27.6062,70.7501,30.9855,90.1752
1.692,21.0111,24.1341,24.9992,295.949,263.513,27.5829,70.6642,30.9478,90.1689
1.693,21.0242,24.15,25.014,296.368,263.88,27.5597,70.5782,30.9103,90.1627
1.694,21.0373,24.1659,25.029,296.787,264.248,27.5368,70.4923,30.8729,90.1565
1.695,21.0505,24.1819,25.044,297.207,264.616,27.5139,70.4063,30.8356,90.1503
1.696,21.0636,24.1978,25.0591,297.628,264.985,27.4912,70.3203,30.7985,90.1442
1.697,21.0767,24.2139,25.0742,298.048,265.355,27.4687,70.2343,30.7616,90.1381
1.698,21.0898,24.2299,25.0895,298.47,265.725,27.4463,70.1482,30.7248,90.132
1.699,21.1028,24.246,25.1047,298.892,266.096,27.4241,70.0622,30.6881,90.126
1.7,21.1159,24.2621,25.1201,299.314,266.468,27.402,69.9761,30.6517,90.1199
1.701,21.1289,24.2783,25.1356,299.738,266.84,27.38,69.8901,30.6153,90.114
1.702,21.142,24.2945,25.1511,300.161,267.213,27.3582,69.804,30.5791,90.108
1.703,21.155,24.3107,25.1666,300.585,267.587,27.3366,69.7179,30.5431,90.1021
1.704,21.168,24.3269,25.1823,301.01,267.961,27.3151,69.6318,30.5072,90.0962
1.705,21.181,24.3432,25.198,301.435,268.336,27.2937,69.5457,30.4715,90.0903
1.706,21.194,24.3595,25.2138,301.861,268.711,27.2725,69.4596,30.4359,90.0845
1.707,21.207,24.3758,25.2296,302.288,269.087,27.2515,69.3734,30.4004,90.0787
1.708,21.2199,24.3922,25.2456,302.714,269.464,27.2305,69.2873,30.3652,90.0729
1.709,21.2329,24.4086,25.2616,303.142,269.841,27.2098,69.2012,30.33,90.0671
1.71,21.2458,24.425,25.2776,303.57,270.219,27.1892,69.115,30.295,90.0614
1.711,21.2587,24.4414,25.2937,303.998,270.597,27.1687,69.0288,30.2602,90.0557
1.712,21.2716,24.4579,25.3099,304.427,270.976,27.1484,68.9427,30.2255,90.0501
1.713,21.2845,24.4744,25.3262,304.857,271.356,27.1282,68.8565,30.191,90.0444
1.714,21.2974,24.4909,25.3425,305.287,271.737,27.1082,68.7703,30.1566,90.0388
1.715,21.3103,24.5075,25.3589,305.717,272.118,27.0883,68.6841,30.1224,90.0332
1.716,21.3231,24.5241,25.3754,306.149,272.499,27.0686,68.5979,30.0883,90.0277
1.717,21.3359,24.5407,25.3919,306.58,272.882,27.049,68.5117,30.0544,90.0222
1.718,21.3488,24.5573,25.4085,307.012,273.265,27.0295,68.4255,30.0206,90.0167
1.719,21.3615,24.574,25.4251,307.445,273.648,27.0102,68.3393,29.987,90.0112
1.72,21.3743,24.5907,25.4418,307.878,274.032,26.9911,68.2531,29.9536,90.0058
1.721,21.3871,24.6074,25.4586,308.312,274.417,26.9721,68.1669,29.9202,90.0003
1.722,21.3998,24.6241,25.4755,308.746,274.803,26.9532,68.0806,29.8871,89.9949
1.723,21.4126,24.6409,25.4924,309.181,275.189,26.9345,67.9944,29.8541,89.9896
1.724,21.4253,24.6577,25.5094,309.616,275.575,26.9159,67.9082,29.8212,89.9843
1.725,21.438,24.6745,25.5264,310.052,275.963,26.8975,67.822,29.7885,89.9789
1.726,21.4507,24.6914,25.5435,310.488,276.35,26.8792,67.7357,29.7559,89.9737
1.727,21.4633,24.7082,25.5607,310.925,276.739,26.8611,67.6495,29.7235,89.9684
1.728,21.476,24.7251,25.5779,311.362,277.128,26.8431,67.5633,29.6912,89.9632
1.729,21.4886,24.742,25.5952,311.8,277.518,26.8252,67.477,29.6591,89.958
1.73,21.5012,24.759,25.6126,312.239,277.908,26.8075,67.3908,29.6272,89.9528
1.731,21.5138,24.7759,25.63,312.677,278.299,26.79,67.3045,29.5954,89.9476
1.732,21.5263,24.7929,25.6475,313.117,278.691,26.7726,67.2183,29.5637,89.9425
1.733,21.5389,24.8099,25.665,313.557,279.083,26.7553,67.1321,29.5322,89.9374
1.734,21.5514,24.827,25.6826,313.997,279.476,26.7382,67.0458,29.5008,89.9323
1.735,21.5639,24.844,25.7003,314.438,279.87,26.7212,66.9596,29.4696,89.9273
1.736,21.5764,24.8611,25.718,314.879,280.264,26.7043,66.8734,29.4386,89.9223
1.737,21.5889,24.8782,25.7358,315.321,280.659,26.6876,66.7871,29.4076,89.9173
1.738,21.6013,24.8953,25.7536,315.763,281.054,26.6711,66.7009,29.3769,89.9123
1.739,21.6138,24.9124,25.7715,316.206,281.45,26.6547,66.6147,29.3463,89.9074
1.74,21.6262,24.9296,25.7895,316.649,281.846,26.6384,66.5285,29.3158,89.9024
1.741,21.6386,24.9468,25.8075,317.093,282.244,26.6223,66.4423,29.2855,89.8975
1.742,21.6509,24.964,25.8256,317.537,282.641,26.6063,66.356,29.2554,89.8927
1.743,21.6633,24.9812,25.8437,317.982,283.04,26.5904,66.2698,29.2254,89.8878
1.744,21.6756,24.9984,25.8619,318.427,283.439,26.5747,66.1836,29.1955,89.883
1.745,21.6879,25.0157,25.8802,318.873,283.839,26.5592,66.0974,29.1658,89.8782
1.746,21.7002,25.0329,25.8985,319.319,284.239,26.5437,66.0113,29.1362,89.8734
1.747,21.7125,25.0502,25.9168,319.766,284.64,26.5284,65.9251,29.1068,89.8686
1.748,21.7247,25.0675,25.9353,320.213,285.041,26.5133,65.8389,29.0776,89.8639
1.749,21.7369,25.0849,25.9537,320.661,285.443,26.4983,65.7527,29.0485,89.8592
1.75,21.7491,25.1022,25.9723,321.109,285.846,26.4835,65.6666,29.0195,89.8545
1.751,21.7613,25.1196,25.9909,321.557,286.249,26.4687,65.5804,28.9907,89.8499
1.752,21.7734,25.137,26.0095,322.006,286.653,26.4542,65.4943,28.962,89.8452
1.753,21.7856,25.1544,26.0282,322.456,287.058,26.4397,65.4081,28.9335,89.8406
1.754,21.7977,25.1718,26.047,322.906,287.463,26.4254,65.322,28.9052,89.836
1.755,21.8097,25.1892,26.0658,323.356,287.869,26.4113,65.2359,28.8769,89.8314
1.756,21.8218,25.2067,26.0847,323.807,288.275,26.3972,65.1498,28.8489,89.8269
1.757,21.8338,25.2241,26.1036,324.258,288.682,26.3834,65.0637,28.821,89.8224
1.758,21.8458,25.2416,26.1226,324.71,289.09,26.3696,64.9776,28.7932,89.8179
1.759,21.8578,25.2591,26.1416,325.162,289.498,26.356,64.8916,28.7656,89.8134
1.76,21.8698,25.2766,26.1607,325.615,289.907,26.3426,64.8055,28.7381,89.8089
1.761,21.8817,25.2941,26.1799,326.068,290.316,26.3292,64.7195,28.7108,89.8045
1.762,21.8936,25.3117,26.1991,326.522,290.726,26.316,64.6334,28.6836,89.8001
1.763,21.9055,25.3292,26.2183,326.976,291.137,26.303,64.5474,28.6566,89.7957
1.764,21.9173,25.3468,26.2376,327.43,291.548,26.2901,64.4614,28.6297,89.7913
1.765,21.9292,25.3644,26.257,327.885,291.96,26.2773,64.3754,28.603,89.787
1.766,21.941,25.3819,26.2764,328.34,292.372,26.2647,64.2894,28.5764,89.7827
1.767,21.9528,25.3996,26.2958,328.796,292.785,26.2522,64.2035,28.55,89.7784
1.768,21.9645,25.4172,26.3153,329.252,293.198,26.2398,64.1175,28.5237,89.7741
1.769,21.9762,25.4348,26.3349,329.709,293.613,26.2276,64.0316,28.4976,89.7698
1.77,21.9879,25.4524,26.3545,330.166,294.027,26.2155,63.9457,28.4716,89.7656
1.771,21.9996,25.4701,26.3742,330.624,294.443,26.2036,63.8598,28.4458,89.7614
1.772,22.0113,25.4878,26.3939,331.082,294.859,26.1917,63.7739,28.4201,89.7572
1.773,22.0229,25.5054,26.4136,331.54,295.275,26.1801,63.688,28.3945,89.753
1.774,22.0345,25.5231,26.4335,331.999,295.692,26.1685,63.6022,28.3691,89.7488
1.775,22.046,25.5408,26.4533,332.458,296.11,26.1571,63.5164,28.3439,89.7447
1.776,22.0576,25.5585,26.4732,332.918,296.528,26.1458,63.4305,28.3188,89.7406
1.777,22.0691,25.5763,26.4932,333.378,296.947,26.1347,63.3448,28.2938,89.7365
1.778,22.0806,25.594,26.5132,333.838,297.366,26.1237,63.259,28.269,89.7324
1.779,22.092,25.6117,26.5332,334.299,297.786,26.1128,63.1732,28.2444,89.7284
1.78,22.1035,25.6295,26.5533,334.76,298.207,26.1021,63.0875,28.2199,89.7243
1.781,22.1149,25.6472,26.5735,335.222,298.628,26.0915,63.0018,28.1955,89.7203
1.782,22.1262,25.665,26.5937,335.684,299.05,26.081,62.9161,28.1713,89.7163
1.783,22.1376,25.6828,26.6139,336.147,299.472,26.0707,62.8304,28.1472,89.7124
1.784,22.1489,25.7005,26.6342,336.61,299.895,26.0605,62.7448,28.1233,89.7084
1.785,22.1602,25.7183,26.6545,337.073,300.319,26.0504,62.6592,28.0995,89.7045
1.786,22.1714,25.7361,26.6749,337.537,300.743,26.0405,62.5736,28.0759,89.7006
1.787,22.1826,25.7539,26.6953,338.001,301.167,26.0307,62.488,28.0524,89.6967
1.788,22.1938,25.7718,26.7158,338.465,301.592,26.0211,62.4024,28.0291,89.6928
1.789,22.205,25.7896,26.7363,338.93,302.018,26.0115,62.3169,28.0059,89.689
1.79,22.2161,25.8074,26.7569,339.395,302.444,26.0021,62.2314,27.9828,89.6851
1.791,22.2272,25.8252,26.7775,339.861,302.871,25.9929,62.1459,27.9599,89.6813
1.792,22.2383,25.8431,26.7981,340.327,303.299,25.9837,62.0604,27.9372,89.6775
1.793,22.2493,25.8609,26.8188,340.793,303.727,25.9747,61.975,27.9145,89.6737
1.794,22.2604,25.8788,26.8395,341.26,304.155,25.9658,61.8896,27.8921,89.67
1.795,22.2713,25.8966,26.8603,341.727,304.584,25.9571,61.8042,27.8698,89.6662
1.796,22.2823,25.9145,26.8811,342.195,305.014,25.9485,61.7189,27.8476,89.6625
1.797,22.2932,25.9323,26.902,342.663,305.444,25.94,61.6336,27.8256,89.6588
1.798,22.3041,25.9502,26.9229,343.131,305.875,25.9317,61.5483,27.8037,89.6551
1.799,22.3149,25.9681,26.9438,343.6,306.306,25.9234,61.463,27.7819,89.6514
1.8,22.3258,25.986,26.9648,344.069,306.738,25.9154,61.3778,27.7603,89.6478
1.801,22.3366,26.0038,26.9858,344.538,307.171,25.9074,61.2925,27.7389,89.6442
1.802,22.3473,26.0217,27.0069,345.008,307.604,25.8996,61.2074,27.7176,89.6406
1.803,22.358,26.0396,27.028,345.478,308.037,25.8919,61.1222,27.6964,89.637
1.804,22.3687,26.0575,27.0492,345.948,308.471,25.8843,61.0371,27.6754,89.6334
1.805,22.3794,26.0754,27.0704,346.419,308.906,25.8768,60.952,27.6545,89.6298
1.806,22.39,26.0933,27.0916,346.89,309.341,25.8695,60.8669,27.6338,89.6263
1.807,22.4006,26.1112,27.1128,347.362,309.777,25.8623,60.7819,27.6132,89.6228
1.808,22.4112,26.1291,27.1341,347.834,310.213,25.8553,60.6969,27.5927,89.6193
1.809,22.4217,26.147,27.1555,348.306,310.65,25.8484,60.612,27.5724,89.6158
1.81,22.4322,26.1648,27.1769,348.778,311.087,25.8416,60.527,27.5523,89.6123
1.811,22.4427,26.1827,27.1983,349.251,311.525,25.8349,60.4421,27.5323,89.6089
1.812,22.4531,26.2006,27.2197,349.724,311.964,25.8283,60.3573,27.5124,89.6054
1.813,22.4635,26.2185,27.2412,350.198,312.403,25.8219,60.2724,27.4927,89.602
1.814,22.4739,26.2364,27.2628,350.672,312.842,25.8156,60.1876,27.4731,89.5986
1.815,22.4842,26.2543,27.2843,351.146,313.282,25.8095,60.1029,27.4536,89.5952
1.816,22.4945,26.2722,27.3059,351.621,313.722,25.8034,60.0181,27.4343,89.5918
1.817,22.5047,26.2901,27.3276,352.095,314.164,25.7975,59.9335,27.4152,89.5885
1.818,22.515,26.308,27.3492,352.571,314.605,25.7917,59.8488,27.3961,89.5852
1.819,22.5252,26.3259,27.371,353.046,315.047,25.786,59.7642,27.3773,89.5818
1.82,22.5353,26.3438,27.3927,353.522,315.49,25.7805,59.6796,27.3585,89.5785
1.821,22.5454,26.3617,27.4145,353.998,315.933,25.7751,59.5951,27.3399,89.5753
1.822,22.5555,26.3796,27.4363,354.475,316.376,25.7698,59.5106,27.3215,89.572
1.823,22.5656,26.3975,27.4581,354.951,316.821,25.7646,59.4261,27.3032,89.5687
1.824,22.5756,26.4154,27.48,355.428,317.265,25.7596,59.3417,27.285,89.5655
1.825,22.5855,26.4332,27.5019,355.906,317.71,25.7547,59.2573,27.267,89.5623
1.826,22.5955,26.4511,27.5239,356.383,318.156,25.7499,59.1729,27.2491,89.5591
1.827,22.6054,26.469,27.5459,356.861,318.602,25.7452,59.0886,27.2313,89.5559
1.828,22.6152,26.4869,27.5679,357.34,319.049,25.7407,59.0043,27.2137,89.5527
1.829,22.6251,26.5047,27.5899,357.818,319.496,25.7362,58.9201,27.1962,89.5496
1.83,22.6349,26.5226,27.612,358.297,319.944,25.7319,58.8359,27.1789,89.5464
1.831,22.6446,26.5404,27.6341,358.776,320.392,25.7278,58.7518,27.1617,89.5433
1.832,22.6544,26.5583,27.6562,359.255,320.84,25.7237,58.6677,27.1447,89.5402
1.833,22.664,26.5761,27.6784,359.735,321.289,25.7198,58.5836,27.1278,89.5371
1.834,22.6737,26.594,27.7006,360.215,321.739,25.716,58.4996,27.111,89.534
1.835,22.6833,26.6118,27.7228,360.695,322.189,25.7123,58.4156,27.0944,89.531
1.836,22.6929,26.6296,27.7451,361.176,322.64,25.7087,58.3317,27.0779,89.5279
1.837,22.7024,26.6474,27.7674,361.657,323.091,25.7053,58.2478,27.0615,89.5249
1.838,22.7119,26.6653,27.7897,362.138,323.542,25.7019,58.1639,27.0453,89.5219
1.839,22.7214,26.6831,27.8121,362.619,323.994,25.6987,58.0801,27.0292,89.5189
1.84,22.7308,26.7009,27.8344,363.101,324.447,25.6956,57.9964,27.0133,89.5159
1.841,22.7402,26.7187,27.8568,363.583,324.9,25.6927,57.9127,26.9975,89.5129
1.842,22.7495,26.7364,27.8793,364.065,325.353,25.6898,57.829,26.9818,89.5099
1.843,22.7588,26.7542,27.9017,364.547,325.807,25.6871,57.7454,26.9663,89.507
1.844,22.7681,26.772,27.9242,365.03,326.262,25.6845,57.6618,26.9509,89.5041
1.845,22.7773,26.7897,27.9467,365.513,326.717,25.682,57.5783,26.9357,89.5012
1.846,22.7865,26.8075,27.9693,365.996,327.172,25.6796,57.4948,26.9206,89.4983
1.847,22.7957,26.8252,27.9918,366.48,327.628,25.6774,57.4114,26.9056,89.4954
1.848,22.8048,26.843,28.0144,366.963,328.084,25.6752,57.328,26.8908,89.4925
1.849,22.8139,26.8607,28.037,367.447,328.541,25.6732,57.2447,26.8761,89.4897
1.85,22.8229,26.8784,28.0597,367.931,328.998,25.6713,57.1614,26.8615,89.4868
1.851,22.8319,26.8961,28.0823,368.416,329.455,25.6695,57.0781,26.8471,89.484
1.852,22.8408,26.9138,28.105,368.9,329.913,25.6678,56.995,26.8328,89.4812
1.853,22.8498,26.9315,28.1277,369.385,330.372,25.6663,56.9118,26.8186,89.4784
1.854,22.8586,26.9491,28.1505,369.87,330.831,25.6649,56.8287,26.8046,89.4756
1.855,22.8675,26.9668,28.1732,370.356,331.29,25.6635,56.7457,26.7907,89.4728
1.856,22.8763,26.9845,28.196,370.841,331.75,25.6623,56.6627,26.777,89.4701
1.857,22.885,27.0021,28.2188,371.327,332.21,25.6613,56.5798,26.7634,89.4673
1.858,22.8938,27.0197,28.2417,371.813,332.671,25.6603,56.4969,26.7499,89.4646
1.859,22.9024,27.0373,28.2645,372.299,333.132,25.6594,56.4141,26.7366,89.4619
1.86,22.9111,27.0549,28.2874,372.786,333.594,25.6587,56.3313,26.7234,89.4592
1.861,22.9197,27.0725,28.3103,373.273,334.056,25.6581,56.2486,26.7103,89.4565
1.862,22.9282,27.0901,28.3332,373.76,334.518,25.6575,56.166,26.6974,89.4538
1.863,22.9367,27.1076,28.3561,374.247,334.981,25.6571,56.0834,26.6846,89.4511
1.864,22.9452,27.1252,28.3791,374.734,335.444,25.6569,56.0008,26.6719,89.4485
1.865,22.9536,27.1427,28.4021,375.221,335.908,25.6567,55.9183,26.6593,89.4459
1.866,22.962,27.1602,28.4251,375.709,336.372,25.6566,55.8359,26.6469,89.4432
1.867,22.9704,27.1778,28.4481,376.197,336.837,25.6567,55.7535,26.6347,89.4406
1.868,22.9787,27.1952,28.4711,376.685,337.301,25.6568,55.6712,26.6225,89.438
1.869,22.987,27.2127,28.4942,377.174,337.767,25.6571,55.5889,26.6105,89.4354
1.87,22.9952,27.2302,28.5173,377.662,338.233,25.6575,55.5067,26.5987,89.4329
1.871,23.0034,27.2476,28.5404,378.151,338.699,25.658,55.4246,26.5869,89.4303
1.872,23.0115,27.2651,28.5635,378.64,339.165,25.6586,55.3425,26.5753,89.4278
1.873,23.0196,27.2825,28.5866,379.129,339.632,25.6594,55.2604,26.5638,89.4252
1.874,23.0277,27.2999,28.6097,379.618,340.1,25.6602,55.1784,26.5525,89.4227
1.875,23.0357,27.3173,28.6329,380.107,340.567,25.6611,55.0965,26.5413,89.4202
1.876,23.0437,27.3346,28.6561,380.597,341.035,25.6622,55.0147,26.5302,89.4177
1.877,23.0516,27.352,28.6793,381.087,341.504,25.6634,54.9329,26.5193,89.4152
1.878,23.0595,27.3693,28.7025,381.577,341.973,25.6646,54.8511,26.5085,89.4128
1.879,23.0673,27.3866,28.7257,382.067,342.442,25.666,54.7695,26.4978,89.4103
1.88,23.0751,27.4039,28.749,382.557,342.912,25.6675,54.6878,26.4872,89.4079
1.881,23.0829,27.4212,28.7722,383.048,343.382,25.6691,54.6063,26.4768,89.4054
1.882,23.0906,27.4384,28.7955,383.539,343.852,25.6708,54.5248,26.4665,89.403
1.883,23.0983,27.4557,28.8188,384.029,344.323,25.6727,54.4434,26.4563,89.4006
1.884,23.1059,27.4729,28.8421,384.52,344.794,25.6746,54.362,26.4463,89.3982
1.885,23.1135,27.4901,28.8654,385.012,345.266,25.6766,54.2807,26.4364,89.3958
1.886,23.1211,27.5073,28.8887,385.503,345.738,25.6788,54.1995,26.4266,89.3934
1.887,23.1286,27.5245,28.9121,385.994,346.21,25.681,54.1183,26.417,89.3911
1.888,23.136,27.5416,28.9354,386.486,346.682,25.6834,54.0372,26.4075,89.3887
1.889,23.1434,27.5587,28.9588,386.978,347.155,25.6858,53.9562,26.3981,89.3864
1.89,23.1508,27.5759,28.9822,387.47,347.629,25.6884,53.8752,26.3888,89.3841
1.891,23.1581,27.5929,29.0056,387.962,348.102,25.6911,53.7943,26.3797,89.3818
1.892,23.1654,27.61,29.029,388.454,348.576,25.6939,53.7134,26.3707,89.3794
1.893,23.1727,27.6271,29.0524,388.946,349.051,25.6968,53.6326,26.3618,89.3772
1.894,23.1799,27.6441,29.0758,389.439,349.525,25.6998,53.5519,26.3531,89.3749
1.895,23.187,27.6611,29.0992,389.931,350.001,25.7029,53.4713,26.3444,89.3726
1.896,23.1941,27.6781,29.1227,390.424,350.476,25.7061,53.3907,26.3359,89.3704
1.897,23.2012,27.695,29.1461,390.917,350.952,25.7094,53.3102,26.3276,89.3681
1.898,23.2082,27.712,29.1696,391.41,351.428,25.7128,53.2298,26.3193,89.3659
1.899,23.2152,27.7289,29.193,391.903,351.904,25.7163,53.1494,26.3112,89.3636
1.9,23.2221,27.7458,29.2165,392.396,352.381,25.7199,53.0691,26.3032,89.3614
1.901,23.229,27.7626,29.24,392.89,352.858,25.7236,52.9889,26.2954,89.3592
1.902,23.2358,27.7795,29.2635,393.383,353.335,25.7275,52.9087,26.2876,89.357
1.903,23.2426,27.7963,29.287,393.877,353.813,25.7314,52.8286,26.28,89.3549
1.904,23.2494,27.8131,29.3105,394.371,354.291,25.7354,52.7486,26.2725,89.3527
1.905,23.2561,27.8299,29.334,394.865,354.769,25.7395,52.6686,26.2652,89.3505
1.906,23.2628,27.8466,29.3576,395.359,355.248,25.7438,52.5888,26.2579,89.3484
1.907,23.2694,27.8634,29.3811,395.853,355.727,25.7481,52.509,26.2508,89.3463
1.908,23.2759,27.8801,29.4046,396.347,356.206,25.7525,52.4292,26.2439,89.3441
1.909,23.2825,27.8968,29.4282,396.841,356.686,25.7571,52.3496,26.237,89.342
1.91,23.2889,27.9134,29.4517,397.336,357.165,25.7617,52.27,26.2303,89.3399
1.911,23.2954,27.93,29.4753,397.83,357.645,25.7665,52.1905,26.2236,89.3378
1.912,23.3018,27.9466,29.4988,398.325,358.126,25.7713,52.111,26.2171,89.3357
1.913,23.3081,27.9632,29.5224,398.82,358.607,25.7762,52.0317,26.2108,89.3337
1.914,23.3144,27.9798,29.546,399.314,359.088,25.7813,51.9524,26.2045,89.3316
1.915,23.3207,27.9963,29.5695,399.809,359.569,25.7864,51.8732,26.1984,89.3295
1.916,23.3269,28.0128,29.5931,400.304,360.051,25.7916,51.794,26.1924,89.3275
1.917,23.333,28.0293,29.6167,400.799,360.532,25.797,51.715,26.1865,89.3255
1.918,23.3392,28.0457,29.6403,401.295,361.014,25.8024,51.636,26.1808,89.3234
1.919,23.3452,28.0622,29.6638,401.79,361.497,25.8079,51.5571,26.1752,89.3214
1.92,23.3512,28.0785,29.6874,402.285,361.98,25.8135,51.4783,26.1696,89.3194
1.921,23.3572,28.0949,29.711,402.781,362.463,25.8193,51.3995,26.1643,89.3174
1.922,23.3632,28.1113,29.7346,403.276,362.946,25.8251,51.3208,26.159,89.3155
1.923,23.369,28.1276,29.7582,403.772,363.429,25.831,51.2422,26.1538,89.3135
1.924,23.3749,28.1438,29.7818,404.268,363.913,25.837,51.1637,26.1488,89.3115
1.925,23.3807,28.1601,29.8054,404.763,364.397,25.8431,51.0853,26.1439,89.3096
1.926,23.3864,28.1763,29.8289,405.259,364.881,25.8493,51.0069,26.1391,89.3076
1.927,23.3921,28.1925,29.8525,405.755,365.366,25.8556,50.9286,26.1344,89.3057
1.928,23.3978,28.2087,29.8761,406.251,365.85,25.862,50.8504,26.1299,89.3038
1.929,23.4034,28.2248,29.8997,406.747,366.335,25.8685,50.7723,26.1255,89.3018
1.93,23.4089,28.2409,29.9233,407.243,366.821,25.8751,50.6943,26.1212,89.2999
1.931,23.4144,28.257,29.9469,407.74,367.306,25.8818,50.6163,26.117,89.2981
1.932,23.4199,28.2731,29.9705,408.236,367.792,25.8885,50.5385,26.1129,89.2962
1.933,23.4253,28.2891,29.9941,408.732,368.278,25.8954,50.4607,26.1089,89.2943
1.934,23.4307,28.3051,30.0176,409.229,368.764,25.9024,50.383,26.1051,89.2924
1.935,23.436,28.321,30.0412,409.725,369.251,25.9094,50.3053,26.1014,89.2906
1.936,23.4413,28.337,30.0648,410.222,369.737,25.9166,50.2278,26.0978,89.2887
1.937,23.4465,28.3529,30.0884,410.718,370.224,25.9238,50.1503,26.0943,89.2869
1.938,23.4517,28.3687,30.1119,411.215,370.711,25.9311,50.073,26.0909,89.285
1.939,23.4569,28.3846,30.1355,411.711,371.199,25.9385,49.9957,26.0877,89.2832
1.94,23.4619,28.4004,30.159,412.208,371.686,25.9461,49.9185,26.0846,89.2814
1.941,23.467,28.4161,30.1826,412.705,372.174,25.9537,49.8413,26.0816,89.2796
1.942,23.472,28.4319,30.2062,413.202,372.662,25.9614,49.7643,26.0787,89.2778
1.943,23.4769,28.4476,30.2297,413.699,373.15,25.9691,49.6874,26.0759,89.276
1.944,23.4818,28.4633,30.2532,414.196,373.638,25.977,49.6105,26.0732,89.2743
1.945,23.4867,28.4789,30.2768,414.693,374.127,25.985,49.5337,26.0706,89.2725
1.946,23.4915,28.4945,30.3003,415.19,374.616,25.993,49.457,26.0682,89.2707
1.947,23.4962,28.5101,30.3238,415.687,375.105,26.0012,49.3804,26.0659,89.269
1.948,23.5009,28.5256,30.3473,416.184,375.594,26.0094,49.3039,26.0637,89.2672
1.949,23.5056,28.5411,30.3708,416.681,376.083,26.0177,49.2275,26.0616,89.2655
1.95,23.5102,28.5566,30.3943,417.178,376.573,26.0261,49.1511,26.0596,89.2638
1.951,23.5148,28.5721,30.4178,417.675,377.063,26.0346,49.0749,26.0577,89.2621
1.952,23.5193,28.5875,30.4413,418.172,377.552,26.0432,48.9987,26.056,89.2604
1.953,23.5238,28.6028,30.4648,418.67,378.043,26.0519,48.9227,26.0543,89.2587
1.954,23.5282,28.6182,30.4882,419.167,378.533,26.0607,48.8467,26.0528,89.257
1.955,23.5326,28.6335,30.5117,419.664,379.023,26.0695,48.7708,26.0514,89.2553
1.956,23.5369,28.6487,30.5351,420.162,379.514,26.0784,48.695,26.0501,89.2536
1.957,23.5412,28.664,30.5586,420.659,380.005,26.0875,48.6193,26.0489,89.252
1.958,23.5454,28.6792,30.582,421.157,380.496,26.0966,48.5437,26.0478,89.2503
1.959,23.5496,28.6943,30.6054,421.654,380.987,26.1058,48.4681,26.0469,89.2487
1.96,23.5537,28.7095,30.6288,422.151,381.478,26.115,48.3927,26.046,89.247
1.961,23.5578,28.7246,30.6522,422.649,381.97,26.1244,48.3174,26.0453,89.2454
1.962,23.5619,28.7396,30.6756,423.146,382.461,26.1339,48.2421,26.0446,89.2438
1.963,23.5659,28.7546,30.699,423.644,382.953,26.1434,48.1669,26.0441,89.2422
1.964,23.5698,28.7696,30.7223,424.142,383.445,26.153,48.0919,26.0437,89.2405
1.965,23.5737,28.7846,30.7457,424.639,383.937,26.1627,48.0169,26.0434,89.2389
1.966,23.5775,28.7995,30.769,425.137,384.429,26.1725,47.942,26.0432,89.2374
1.967,23.5813,28.8143,30.7923,425.634,384.922,26.1824,47.8673,26.0431,89.2358
1.968,23.5851,28.8292,30.8157,426.132,385.414,26.1923,47.7926,26.0432,89.2342
1.969,23.5888,28.844,30.839,426.63,385.907,26.2023,47.718,26.0433,89.2326
1.97,23.5925,28.8587,30.8622,427.127,386.4,26.2125,47.6435,26.0435,89.2311
1.971,23.5961,28.8734,30.8855,427.625,386.893,26.2227,47.5691,26.0439,89.2295
1.972,23.5996,28.8881,30.9088,428.123,387.386,26.2329,47.4948,26.0444,89.228
1.973,23.6031,28.9028,30.932,428.62,387.879,26.2433,47.4206,26.0449,89.2264
1.974,23.6066,28.9174,30.9552,429.118,388.372,26.2537,47.3465,26.0456,89.2249
1.975,23.61,28.9319,30.9784,429.616,388.866,26.2643,47.2725,26.0464,89.2234
1.976,23.6134,28.9465,31.0016,430.113,389.359,26.2749,47.1985,26.0473,89.2219
1.977,23.6167,28.9609,31.0248,430.611,389.853,26.2855,47.1247,26.0483,89.2204
1.978,23.6199,28.9754,31.048,431.109,390.347,26.2963,47.051,26.0494,89.2189
1.979,23.6232,28.9898,31.0711,431.607,390.841,26.3071,46.9774,26.0506,89.2174
1.98,23.6263,29.0042,31.0942,432.104,391.335,26.3181,46.9039,26.0519,89.2159
1.981,23.6295,29.0185,31.1173,432.602,391.829,26.3291,46.8304,26.0533,89.2144
1.982,23.6325,29.0328,31.1404,433.1,392.323,26.3401,46.7571,26.0549,89.213
1.983,23.6355,29.047,31.1635,433.598,392.818,26.3513,46.6839,26.0565,89.2115
1.984,23.6385,29.0612,31.1866,434.095,393.312,26.3625,46.6108,26.0582,89.21
1.985,23.6415,29.0754,31.2096,434.593,393.807,26.3739,46.5378,26.0601,89.2086
1.986,23.6443,29.0895,31.2326,435.091,394.301,26.3852,46.4648,26.062,89.2072
1.987,23.6472,29.1036,31.2556,435.589,394.796,26.3967,46.392,26.0641,89.2057
1.988,23.6499,29.1177,31.2786,436.086,395.291,26.4083,46.3193,26.0662,89.2043
1.989,23.6527,29.1317,31.3016,436.584,395.786,26.4199,46.2467,26.0685,89.2029
1.99,23.6554,29.1456,31.3245,437.082,396.281,26.4316,46.1742,26.0708,89.2015
1.991,23.658,29.1595,31.3474,437.58,396.776,26.4433,46.1018,26.0733,89.2001
1.992,23.6606,29.1734,31.3703,438.077,397.271,26.4552,46.0295,26.0759,89.1987
1.993,23.6631,29.1873,31.3932,438.575,397.767,26.4671,45.9573,26.0785,89.1973
1.994,23.6656,29.2011,31.4161,439.073,398.262,26.4791,45.8852,26.0813,89.1959
1.995,23.6681,29.2148,31.4389,439.571,398.758,26.4912,45.8132,26.0842,89.1945
1.996,23.6704,29.2285,31.4617,440.068,399.253,26.5033,45.7413,26.0871,89.1932
1.997,23.6728,29.2422,31.4845,440.566,399.749,26.5156,45.6695,26.0902,89.1918
1.998,23.6751,29.2558,31.5073,441.064,400.244,26.5279,45.5978,26.0934,89.1904
1.999,23.6773,29.2694,31.5301,441.561,400.74,26.5402,45.5262,26.0967,89.1891
2,23.6795,29.2829,31.5528,442.059,401.236,26.5527,45.4548,26.1001,89.1877
2.001,23.6817,29.2964,31.5755,442.557,401.732,26.5652,45.3834,26.1035,89.1864
2.002,23.6838,29.3099,31.5982,443.055,402.228,26.5778,45.3121,26.1071,89.1851
2.003,23.6858,29.3233,31.6208,443.552,402.724,26.5904,45.241,26.1108,89.1838
2.004,23.6878,29.3366,31.6435,444.05,403.22,26.6031,45.1699,26.1146,89.1824
2.005,23.6898,29.3499,31.6661,444.548,403.716,26.616,45.099,26.1184,89.1811
2.006,23.6917,29.3632,31.6887,445.045,404.212,26.6288,45.0282,26.1224,89.1798
2.007,23.6936,29.3764,31.7112,445.543,404.708,26.6418,44.9574,26.1265,89.1785
2.008,23.6954,29.3896,31.7338,446.04,405.205,26.6548,44.8868,26.1306,89.1772
2.009,23.6971,29.4028,31.7563,446.538,405.701,26.6679,44.8163,26.1349,89.176
2.01,23.6989,29.4159,31.7788,447.036,406.197,26.681,44.7459,26.1393,89.1747
2.011,23.7005,29.4289,31.8012,447.533,406.694,26.6942,44.6756,26.1437,89.1734
2.012,23.7021,29.4419,31.8236,448.031,407.19,26.7075,44.6055,26.1483,89.1722
2.013,23.7037,29.4549,31.846,448.529,407.687,26.7209,44.5354,26.153,89.1709
2.014,23.7052,29.4678,31.8684,449.026,408.183,26.7343,44.4654,26.1577,89.1696
2.015,23.7067,29.4806,31.8908,449.524,408.68,26.7478,44.3956,26.1626,89.1684
2.016,23.7081,29.4935,31.9131,450.021,409.177,26.7614,44.3258,26.1675,89.1672
2.017,23.7095,29.5062,31.9354,450.519,409.673,26.775,44.2562,26.1725,89.1659
2.018,23.7108,29.519,31.9577,451.016,410.17,26.7887,44.1867,26.1777,89.1647
2.019,23.7121,29.5316,31.9799,451.514,410.667,26.8025,44.1173,26.1829,89.1635
2.02,23.7133,29.5443,32.0021,452.011,411.163,26.8164,44.048,26.1882,89.1623
2.021,23.7145,29.5569,32.0243,452.509,411.66,26.8303,43.9788,26.1936,89.1611
2.022,23.7156,29.5694,32.0464,453.006,412.157,26.8442,43.9097,26.1992,89.1599
2.023,23.7167,29.5819,32.0686,453.504,412.654,26.8583,43.8408,26.2048,89.1587
2.024,23.7178,29.5944,32.0907,454.001,413.151,26.8724,43.7719,26.2105,89.1575
2.025,23.7187,29.6068,32.1127,454.499,413.648,26.8865,43.7032,26.2163,89.1563
2.026,23.7197,29.6191,32.1348,454.996,414.144,26.9008,43.6346,26.2221,89.1551
2.027,23.7206,29.6314,32.1568,455.494,414.641,26.9151,43.5661,26.2281,89.1539
2.028,23.7214,29.6437,32.1787,455.991,415.138,26.9294,43.4977,26.2342,89.1528
2.029,23.7222,29.6559,32.2007,456.489,415.635,26.9439,43.4294,26.2404,89.1516
2.03,23.723,29.668,32.2226,456.986,416.132,26.9583,43.3613,26.2466,89.1504
2.031,23.7237,29.6801,32.2444,457.483,416.629,26.9729,43.2932,26.253,89.1493
2.032,23.7243,29.6922,32.2663,457.981,417.126,26.9875,43.2253,26.2594,89.1482
2.033,23.7249,29.7042,32.2881,458.478,417.623,27.0022,43.1575,26.2659,89.147
2.034,23.7255,29.7162,32.3099,458.976,418.12,27.0169,43.0898,26.2725,89.1459
2.035,23.726,29.7281,32.3316,459.473,418.617,27.0317,43.0222,26.2793,89.1448
2.036,23.7264,29.74,32.3533,459.971,419.114,27.0466,42.9547,26.2861,89.1436
2.037,23.7268,29.7518,32.375,460.468,419.611,27.0615,42.8874,26.2929,89.1425
2.038,23.7272,29.7636,32.3967,460.965,420.108,27.0765,42.8202,26.2999,89.1414
2.039,23.7275,29.7753,32.4183,461.463,420.605,27.0916,42.7531,26.307,89.1403
2.04,23.7278,29.787,32.4399,461.96,421.102,27.1067,42.6861,26.3141,89.1392
2.041,23.728,29.7986,32.4614,462.457,421.599,27.1219,42.6192,26.3214,89.1381
2.042,23.7282,29.8102,32.4829,462.955,422.096,27.1371,42.5524,26.3287,89.137
2.043,23.7283,29.8217,32.5044,463.452,422.593,27.1524,42.4858,26.3361,89.1359
2.044,23.7284,29.8331,32.5258,463.95,423.09,27.1677,42.4193,26.3437,89.1349
2.045,23.7284,29.8446,32.5472,464.447,423.587,27.1831,42.3529,26.3513,89.1338
2.046,23.7284,29.8559,32.5686,464.944,424.084,27.1986,42.2866,26.3589,89.1327
2.047,23.7283,29.8673,32.5899,465.442,424.581,27.2141,42.2204,26.3667,89.1317
2.048,23.7282,29.8785,32.6112,465.939,425.078,27.2297,42.1544,26.3746,89.1306
2.049,23.7281,29.8898,32.6325,466.436,425.575,27.2454,42.0884,26.3825,89.1296
2.05,23.7279,29.9009,32.6537,466.934,426.071,27.2611,42.0226,26.3905,89.1285
2.051,23.7276,29.912,32.6749,467.431,426.568,27.2768,41.957,26.3986,89.1275
2.052,23.7273,29.9231,32.6961,467.928,427.065,27.2926,41.8914,26.4068,89.1264
2.053,23.727,29.9341,32.7172,468.426,427.562,27.3085,41.826,26.4151,89.1254
2.054,23.7266,29.9451,32.7382,468.923,428.059,27.3244,41.7606,26.4235,89.1244
2.055,23.7261,29.956,32.7593,469.421,428.556,27.3404,41.6954,26.432,89.1234
2.056,23.7256,29.9669,32.7803,469.918,429.052,27.3565,41.6304,26.4405,89.1224
2.057,23.7251,29.9777,32.8012,470.415,429.549,27.3726,41.5654,26.4491,89.1213
2.058,23.7245,29.9884,32.8221,470.913,430.046,27.3887,41.5006,26.4578,89.1203
2.059,23.7239,29.9991,32.843,471.41,430.543,27.4049,41.4359,26.4666,89.1193
2.06,23.7232,30.0098,32.8639,471.908,431.039,27.4212,41.3713,26.4755,89.1183
2.061,23.7225,30.0204,32.8847,472.405,431.536,27.4375,41.3068,26.4844,89.1174
2.062,23.7217,30.0309,32.9054,472.902,432.032,27.4539,41.2425,26.4935,89.1164
2.063,23.7209,30.0414,32.9261,473.4,432.529,27.4703,41.1783,26.5026,89.1154
2.064,23.72,30.0519,32.9468,473.897,433.026,27.4868,41.1142,26.5118,89.1144
2.065,23.7191,30.0623,32.9675,474.395,433.522,27.5033,41.0502,26.5211,89.1135
2.066,23.7182,30.0726,32.9881,474.892,434.019,27.5199,40.9864,26.5304,89.1125
2.067,23.7172,30.0829,33.0086,475.39,434.515,27.5365,40.9227,26.5399,89.1115
2.068,23.7161,30.0931,33.0291,475.887,435.012,27.5532,40.8591,26.5494,89.1106
2.069,23.715,30.1033,33.0496,476.385,435.508,27.57,40.7956,26.559,89.1096
2.07,23.7139,30.1134,33.07,476.883,436.004,27.5868,40.7323,26.5687,89.1087
2.071,23.7127,30.1235,33.0904,477.38,436.501,27.6036,40.669,26.5784,89.1077
2.072,23.7115,30.1335,33.1108,477.878,436.997,27.6205,40.6059,26.5883,89.1068
2.073,23.7102,30.1435,33.1311,478.375,437.493,27.6374,40.543,26.5982,89.1059
2.074,23.7088,30.1534,33.1513,478.873,437.989,27.6544,40.4801,26.6082,89.1049
2.075,23.7075,30.1632,33.1715,479.371,438.486,27.6715,40.4174,26.6183,89.104
2.076,23.7061,30.173,33.1917,479.869,438.982,27.6886,40.3549,26.6284,89.1031
2.077,23.7046,30.1828,33.2118,480.366,439.478,27.7057,40.2924,26.6387,89.1022
2.078,23.7031,30.1925,33.2319,480.864,439.974,27.7229,40.2301,26.649,89.1013
2.079,23.7015,30.2021,33.252,481.362,440.47,27.7402,40.1679,26.6594,89.1004
2.08,23.6999,30.2117,33.272,481.86,440.966,27.7575,40.1058,26.6698,89.0995
2.081,23.6983,30.2212,33.2919,482.358,441.462,27.7748,40.0438,26.6804,89.0986
2.082,23.6966,30.2307,33.3118,482.856,441.958,27.7922,39.982,26.691,89.0977
2.083,23.6948,30.2401,33.3317,483.353,442.454,27.8096,39.9203,26.7017,89.0968
2.084,23.6931,30.2495,33.3515,483.851,442.95,27.8271,39.8588,26.7125,89.0959
2.085,23.6912,30.2588,33.3713,484.35,443.445,27.8447,39.7974,26.7233,89.095
2.086,23.6894,30.2681,33.391,484.848,443.941,27.8622,39.7361,26.7342,89.0942
2.087,23.6874,30.2773,33.4107,485.346,444.437,27.8799,39.6749,26.7452,89.0933
2.088,23.6855,30.2864,33.4303,485.844,444.933,27.8975,39.6138,26.7563,89.0924
2.089,23.6835,30.2955,33.4499,486.342,445.428,27.9152,39.5529,26.7674,89.0916
2.09,23.6814,30.3045,33.4694,486.84,445.924,27.933,39.4922,26.7787,89.0907
2.091,23.6793,30.3135,33.4889,487.339,446.419,27.9508,39.4315,26.7899,89.0899
2.092,23.6772,30.3224,33.5084,487.837,446.915,27.9687,39.371,26.8013,89.089
2.093,23.675,30.3313,33.5278,488.335,447.41,27.9866,39.3106,26.8128,89.0882
2.094,23.6728,30.3401,33.5471,488.834,447.906,28.0045,39.2503,26.8243,89.0873
2.095,23.6705,30.3489,33.5664,489.332,448.401,28.0225,39.1902,26.8358,89.0865
2.096,23.6682,30.3576,33.5857,489.831,448.896,28.0405,39.1302,26.8475,89.0857
2.097,23.6658,30.3662,33.6049,490.329,449.392,28.0586,39.0703,26.8592,89.0848
2.098,23.6634,30.3748,33.6241,490.828,449.887,28.0767,39.0106,26.871,89.084
2.099,23.6609,30.3833,33.6432,491.327,450.382,28.0949,38.951,26.8829,89.0832
2.1,23.6584,30.3918,33.6622,491.825,450.877,28.1131,38.8916,26.8948,89.0824
2.101,23.6559,30.4002,33.6812,492.324,451.372,28.1313,38.8322,26.9069,89.0816
2.102,23.6533,30.4086,33.7002,492.823,451.868,28.1496,38.773,26.9189,89.0808
2.103,23.6507,30.4169,33.7191,493.322,452.363,28.168,38.7139,26.9311,89.08
2.104,23.648,30.4252,33.738,493.821,452.858,28.1863,38.655,26.9433,89.0792
2.105,23.6453,30.4334,33.7568,494.32,453.353,28.2048,38.5962,26.9556,89.0784
2.106,23.6425,30.4415,33.7755,494.82,453.847,28.2232,38.5375,26.968,89.0776
2.107,23.6397,30.4496,33.7942,495.319,454.342,28.2417,38.479,26.9804,89.0768
2.108,23.6369,30.4576,33.8129,495.818,454.837,28.2602,38.4206,26.9929,89.076
2.109,23.634,30.4656,33.8315,496.318,455.332,28.2788,38.3623,27.0055,89.0752
2.11,23.6311,30.4735,33.85,496.817,455.827,28.2974,38.3042,27.0181,89.0745
2.111,23.6281,30.4813,33.8685,497.317,456.321,28.3161,38.2462,27.0308,89.0737
2.112,23.6251,30.4891,33.887,497.816,456.816,28.3348,38.1883,27.0436,89.0729
2.113,23.622,30.4969,33.9054,498.316,457.31,28.3535,38.1306,27.0564,89.0722
2.114,23.6189,30.5045,33.9237,498.816,457.805,28.3723,38.073,27.0693,89.0714
2.115,23.6158,30.5122,33.942,499.316,458.3,28.3911,38.0156,27.0823,89.0707
2.116,23.6126,30.5197,33.9603,499.816,458.794,28.41,37.9582,27.0953,89.0699
2.117,23.6093,30.5272,33.9785,500.316,459.288,28.4288,37.901,27.1084,89.0692
2.118,23.6061,30.5347,33.9966,500.816,459.783,28.4478,37.844,27.1216,89.0684
2.119,23.6027,30.5421,34.0147,501.316,460.277,28.4667,37.7871,27.1348,89.0677
2.12,23.5994,30.5494,34.0327,501.817,460.772,28.4857,37.7303,27.1481,89.0669
2.121,23.596,30.5567,34.0507,502.317,461.266,28.5048,37.6737,27.1615,89.0662
2.122,23.5925,30.5639,34.0686,502.818,461.76,28.5238,37.6172,27.1749,89.0655
2.123,23.5891,30.5711,34.0865,503.318,462.254,28.543,37.5608,27.1884,89.0648
2.124,23.5855,30.5782,34.1043,503.819,462.749,28.5621,37.5046,27.202,89.064
2.125,23.582,30.5852,34.1221,504.32,463.243,28.5813,37.4485,27.2156,89.0633
2.126,23.5783,30.5922,34.1398,504.821,463.737,28.6005,37.3925,27.2293,89.0626
2.127,23.5747,30.5991,34.1574,505.322,464.231,28.6197,37.3367,27.243,89.0619
2.128,23.571,30.606,34.175,505.823,464.725,28.639,37.281,27.2568,89.0612
2.129,23.5673,30.6128,34.1925,506.325,465.219,28.6584,37.2255,27.2707,89.0605
2.13,23.5635,30.6195,34.21,506.826,465.713,28.6777,37.17,27.2846,89.0598
2.131,23.5597,30.6262,34.2274,507.328,466.207,28.6971,37.1148,27.2986,89.0591
2.132,23.5558,30.6329,34.2448,507.829,466.701,28.7165,37.0596,27.3127,89.0584
2.133,23.5519,30.6394,34.2621,508.331,467.195,28.736,37.0047,27.3268,89.0577
2.134,23.548,30.646,34.2794,508.833,467.688,28.7555,36.9498,27.341,89.057
2.135,23.544,30.6524,34.2966,509.335,468.182,28.775,36.8951,27.3552,89.0563
2.136,23.54,30.6588,34.3137,509.837,468.676,28.7945,36.8405,27.3695,89.0556
2.137,23.5359,30.6652,34.3308,510.34,469.17,28.8141,36.7861,27.3839,89.055
2.138,23.5318,30.6714,34.3478,510.842,469.664,28.8337,36.7318,27.3983,89.0543
2.139,23.5277,30.6777,34.3648,511.345,470.157,28.8534,36.6776,27.4128,89.0536
2.14,23.5235,30.6838,34.3817,511.847,470.651,28.8731,36.6236,27.4273,89.053
2.141,23.5193,30.6899,34.3986,512.35,471.145,28.8928,36.5697,27.4419,89.0523
2.142,23.515,30.696,34.4154,512.853,471.638,28.9125,36.516,27.4565,89.0516
2.143,23.5107,30.702,34.4321,513.356,472.132,28.9323,36.4624,27.4712,89.051
2.144,23.5063,30.7079,34.4488,513.86,472.626,28.9521,36.4089,27.486,89.0503
2.145,23.502,30.7138,34.4654,514.363,473.119,28.972,36.3556,27.5008,89.0497
2.146,23.4975,30.7196,34.482,514.867,473.613,28.9918,36.3024,27.5157,89.049
2.147,23.4931,30.7253,34.4985,515.371,474.106,29.0117,36.2494,27.5307,89.0484
2.148,23.4886,30.731,34.515,515.875,474.6,29.0316,36.1965,27.5457,89.0477
2.149,23.484,30.7366,34.5314,516.379,475.093,29.0516,36.1438,27.5607,89.0471
2.15,23.4795,30.7422,34.5477,516.883,475.587,29.0716,36.0911,27.5758,89.0465
2.151,23.4749,30.7477,34.564,517.387,476.08,29.0916,36.0387,27.591,89.0458
2.152,23.4702,30.7532,34.5802,517.892,476.574,29.1116,35.9863,27.6062,89.0452
2.153,23.4655,30.7586,34.5963,518.396,477.067,29.1317,35.9342,27.6215,89.0446
2.154,23.4608,30.7639,34.6124,518.901,477.561,29.1518,35.8821,27.6368,89.044
2.155,23.456,30.7692,34.6284,519.406,478.054,29.1719,35.8302,27.6522,89.0434
2.156,23.4512,30.7744,34.6444,519.912,478.548,29.192,35.7784,27.6676,89.0427
2.157,23.4463,30.7795,34.6603,520.417,479.041,29.2122,35.7268,27.6831,89.0421
2.158,23.4415,30.7846,34.6762,520.923,479.535,29.2324,35.6753,27.6987,89.0415
2.159,23.4365,30.7896,34.692,521.428,480.028,29.2526,35.624,27.7143,89.0409
2.16,23.4316,30.7946,34.7077,521.934,480.522,29.2729,35.5728,27.7299,89.0403
2.161,23.4266,30.7995,34.7233,522.441,481.015,29.2932,35.5217,27.7457,89.0397
2.162,23.4215,30.8044,34.7389,522.947,481.509,29.3135,35.4708,27.7614,89.0391
2.163,23.4165,30.8092,34.7545,523.453,482.002,29.3338,35.4201,27.7772,89.0385
2.164,23.4113,30.8139,34.77,523.96,482.496,29.3542,35.3694,27.7931,89.0379
2.165,23.4062,30.8186,34.7854,524.467,482.989,29.3745,35.319,27.809,89.0373
2.166,23.401,30.8232,34.8007,524.974,483.483,29.3949,35.2686,27.825,89.0367
2.167,23.3958,30.8278,34.816,525.482,483.976,29.4154,35.2184,27.841,89.0362
2.168,23.3905,30.8322,34.8313,525.989,484.47,29.4358,35.1684,27.8571,89.0356
2.169,23.3852,30.8367,34.8464,526.497,484.963,29.4563,35.1185,27.8732,89.035
2.17,23.3799,30.8411,34.8615,527.005,485.457,29.4768,35.0687,27.8894,89.0344
2.171,23.3745,30.8454,34.8766,527.513,485.95,29.4973,35.0191,27.9056,89.0339
2.172,23.3691,30.8496,34.8915,528.021,486.444,29.5179,34.9696,27.9219,89.0333
2.173,23.3637,30.8538,34.9065,528.53,486.937,29.5384,34.9203,27.9382,89.0327
2.174,23.3582,30.8579,34.9213,529.039,487.431,29.559,34.8711,27.9545,89.0322
2.175,23.3527,30.862,34.9361,529.548,487.925,29.5796,34.8221,27.971,89.0316
2.176,23.3471,30.866,34.9508,530.057,488.418,29.6003,34.7732,27.9874,89.0311
2.177,23.3416,30.87,34.9655,530.566,488.912,29.6209,34.7244,28.0039,89.0305
2.178,23.3359,30.8739,34.9801,531.076,489.406,29.6416,34.6758,28.0205,89.03
2.179,23.3303,30.8777,34.9946,531.586,489.899,29.6623,34.6273,28.0371,89.0294
2.18,23.3246,30.8815,35.0091,532.096,490.393,29.683,34.579,28.0538,89.0289
2.181,23.3189,30.8852,35.0235,532.606,490.887,29.7037,34.5308,28.0705,89.0283
2.182,23.3131,30.8888,35.0378,533.117,491.381,29.7245,34.4828,28.0872,89.0278
2.183,23.3073,30.8924,35.0521,533.628,491.875,29.7453,34.4349,28.104,89.0272
2.184,23.3015,30.896,35.0663,534.139,492.369,29.7661,34.3872,28.1209,89.0267
2.185,23.2956,30.8994,35.0804,534.65,492.863,29.7869,34.3396,28.1378,89.0262
2.186,23.2897,30.9028,35.0945,535.162,493.357,29.8077,34.2921,28.1547,89.0256
2.187,23.2838,30.9062,35.1085,535.674,493.851,29.8286,34.2448,28.1717,89.0251
2.188,23.2778,30.9095,35.1225,536.186,494.345,29.8494,34.1977,28.1887,89.0246
2.189,23.2718,30.9127,35.1363,536.698,494.839,29.8703,34.1506,28.2058,89.0241
2.19,23.2658,30.9159,35.1502,537.211,495.333,29.8912,34.1038,28.2229,89.0235
2.191,23.2597,30.919,35.1639,537.723,495.827,29.9122,34.0571,28.24,89.023
2.192,23.2536,30.922,35.1776,538.236,496.322,29.9331,34.0105,28.2572,89.0225
2.193,23.2475,30.925,35.1912,538.75,496.816,29.9541,33.964,28.2745,89.022
2.194,23.2413,30.9279,35.2047,539.263,497.31,29.9751,33.9178,28.2918,89.0215
2.195,23.2351,30.9308,35.2182,539.777,497.805,29.9961,33.8716,28.3091,89.021
2.196,23.2289,30.9336,35.2316,540.292,498.299,30.0171,33.8256,28.3265,89.0205
2.197,23.2226,30.9363,35.245,540.806,498.794,30.0381,33.7798,28.3439,89.02
2.198,23.2163,30.939,35.2583,541.321,499.289,30.0591,33.7341,28.3614,89.0195
2.199,23.2099,30.9417,35.2715,541.836,499.783,30.0802,33.6885,28.3789,89.019
2.2,23.2036,30.9442,35.2846,542.351,500.278,30.1013,33.6431,28.3964,89.0185
2.201,23.1972,30.9467,35.2977,542.867,500.773,30.1224,33.5979,28.414,89.018
2.202,23.1907,30.9492,35.3107,543.382,501.268,30.1435,33.5528,28.4316,89.0175
2.203,23.1843,30.9515,35.3236,543.899,501.763,30.1646,33.5078,28.4493,89.017
2.204,23.1778,30.9539,35.3365,544.415,502.258,30.1857,33.463,28.467,89.0165
2.205,23.1713,30.9561,35.3493,544.932,502.753,30.2069,33.4183,28.4848,89.0161
2.206,23.1647,30.9583,35.3621,545.449,503.249,30.2281,33.3738,28.5026,89.0156
2.207,23.1581,30.9605,35.3747,545.966,503.744,30.2492,33.3294,28.5204,89.0151
2.208,23.1515,30.9626,35.3873,546.484,504.239,30.2704,33.2852,28.5383,89.0146
2.209,23.1448,30.9646,35.3999,547.002,504.735,30.2916,33.2411,28.5562,89.0142
2.21,23.1382,30.9665,35.4123,547.52,505.231,30.3129,33.1971,28.5741,89.0137
2.211,23.1314,30.9684,35.4247,548.038,505.726,30.3341,33.1533,28.5921,89.0132
2.212,23.1247,30.9703,35.437,548.557,506.222,30.3553,33.1097,28.6101,89.0128
2.213,23.1179,30.9721,35.4493,549.077,506.718,30.3766,33.0662,28.6282,89.0123
2.214,23.1111,30.9738,35.4615,549.596,507.214,30.3979,33.0229,28.6463,89.0118
2.215,23.1043,30.9754,35.4736,550.116,507.71,30.4191,32.9797,28.6644,89.0114
2.216,23.0974,30.977,35.4857,550.636,508.206,30.4404,32.9366,28.6826,89.0109
2.217,23.0905,30.9786,35.4976,551.156,508.703,30.4617,32.8937,28.7008,89.0105
2.218,23.0836,30.98,35.5095,551.677,509.199,30.4831,32.8509,28.719,89.01
2.219,23.0766,30.9815,35.5214,552.198,509.696,30.5044,32.8083,28.7373,89.0096
2.22,23.0696,30.9828,35.5331,552.72,510.192,30.5257,32.7659,28.7556,89.0091
2.221,23.0626,30.9841,35.5448,553.241,510.689,30.5471,32.7235,28.774,89.0087
2.222,23.0556,30.9854,35.5565,553.764,511.186,30.5684,32.6814,28.7924,89.0082
2.223,23.0485,30.9865,35.568,554.286,511.683,30.5898,32.6394,28.8108,89.0078
2.224,23.0414,30.9876,35.5795,554.809,512.18,30.6112,32.5975,28.8293,89.0074
2.225,23.0343,30.9887,35.5909,555.332,512.677,30.6326,32.5558,28.8478,89.0069
2.226,23.0271,30.9897,35.6023,555.855,513.175,30.654,32.5142,28.8663,89.0065
2.227,23.0199,30.9906,35.6136,556.379,513.672,30.6754,32.4728,28.8849,89.0061
2.228,23.0127,30.9915,35.6248,556.903,514.17,30.6968,32.4315,28.9035,89.0056
2.229,23.0055,30.9923,35.6359,557.428,514.668,30.7182,32.3903,28.9221,89.0052
2.23,22.9982,30.9931,35.647,557.953,515.166,30.7396,32.3494,28.9408,89.0048
2.231,22.9909,30.9938,35.6579,558.478,515.664,30.7611,32.3085,28.9595,89.0044
2.232,22.9836,30.9944,35.6689,559.004,516.162,30.7825,32.2678,28.9782,89.0039
2.233,22.9762,30.995,35.6797,559.53,516.661,30.804,32.2273,28.997,89.0035
2.234,22.9688,30.9955,35.6905,560.056,517.159,30.8254,32.1869,29.0158,89.0031
2.235,22.9614,30.996,35.7012,560.583,517.658,30.8469,32.1467,29.0346,89.0027
2.236,22.954,30.9964,35.7118,561.11,518.157,30.8684,32.1066,29.0535,89.0023
2.237,22.9465,30.9967,35.7224,561.637,518.656,30.8899,32.0666,29.0723,89.0019
2.238,22.939,30.997,35.7329,562.165,519.155,30.9114,32.0268,29.0913,89.0015
2.239,22.9315,30.9972,35.7433,562.693,519.654,30.9329,31.9872,29.1102,89.001
2.24,22.924,30.9974,35.7537,563.222,520.154,30.9544,31.9477,29.1292,89.0006
2.241,22.9164,30.9975,35.7639,563.751,520.653,30.9759,31.9083,29.1482,89.0002
2.242,22.9088,30.9975,35.7741,564.28,521.153,30.9974,31.8691,29.1673,88.9998
2.243,22.9012,30.9975,35.7843,564.81,521.653,31.0189,31.83,29.1863,88.9994
2.244,22.8935,30.9974,35.7943,565.34,522.153,31.0404,31.7911,29.2054,88.999
2.245,22.8859,30.9973,35.8043,565.871,522.654,31.062,31.7524,29.2246,88.9987
2.246,22.8782,30.9971,35.8142,566.401,523.154,31.0835,31.7138,29.2437,88.9983
2.247,22.8704,30.9968,35.8241,566.933,523.655,31.105,31.6753,29.2629,88.9979
2.248,22.8627,30.9965,35.8338,567.464,524.156,31.1266,31.637,29.2822,88.9975
2.249,22.8549,30.9962,35.8435,567.997,524.657,31.1481,31.5988,29.3014,88.9971
2.25,22.8471,30.9957,35.8531,568.529,525.158,31.1697,31.5608,29.3207,88.9967
2.251,22.8393,30.9952,35.8627,569.062,525.659,31.1912,31.5229,29.34,88.9963
2.252,22.8314,30.9947,35.8721,569.595,526.161,31.2128,31.4852,29.3593,88.9959
2.253,22.8236,30.9941,35.8816,570.129,526.663,31.2343,31.4476,29.3787,88.9956
2.254,22.8157,30.9934,35.8909,570.663,527.165,31.2559,31.4102,29.3981,88.9952
2.255,22.8078,30.9927,35.9001,571.198,527.667,31.2775,31.3729,29.4175,88.9948
2.256,22.7998,30.9919,35.9093,571.733,528.17,31.299,31.3358,29.4369,88.9944
2.257,22.7918,30.991,35.9184,572.268,528.672,31.3206,31.2988,29.4564,88.9941
2.258,22.7838,30.9901,35.9275,572.804,529.175,31.3422,31.262,29.4759,88.9937
2.259,22.7758,30.9892,35.9364,573.34,529.678,31.3638,31.2253,29.4954,88.9933
2.26,22.7678,30.9882,35.9453,573.877,530.182,31.3853,31.1888,29.5149,88.993
2.261,22.7597,30.9871,35.9541,574.414,530.685,31.4069,31.1524,29.5345,88.9926
2.262,22.7517,30.9859,35.9628,574.951,531.189,31.4285,31.1162,29.5541,88.9922
2.263,22.7435,30.9847,35.9715,575.489,531.693,31.4501,31.0801,29.5737,88.9919
2.264,22.7354,30.9835,35.9801,576.028,532.197,31.4717,31.0441,29.5934,88.9915
2.265,22.7273,30.9822,35.9886,576.566,532.702,31.4932,31.0083,29.613,88.9912
2.266,22.7191,30.9808,35.997,577.106,533.207,31.5148,30.9727,29.6327,88.9908
2.267,22.7109,30.9794,36.0054,577.645,533.711,31.5364,30.9372,29.6524,88.9905
2.268,22.7027,30.9779,36.0137,578.185,534.217,31.558,30.9019,29.6722,88.9901
2.269,22.6944,30.9764,36.0219,578.726,534.722,31.5796,30.8667,29.6919,88.9898
2.27,22.6862,30.9747,36.0301,579.267,535.228,31.6012,30.8316,29.7117,88.9894
2.271,22.6779,30.9731,36.0381,579.808,535.734,31.6227,30.7967,29.7315,88.9891
2.272,22.6696,30.9714,36.0461,580.35,536.24,31.6443,30.762,29.7513,88.9887
2.273,22.6613,30.9696,36.054,580.893,536.746,31.6659,30.7274,29.7712,88.9884
2.274,22.6529,30.9678,36.0619,581.435,537.253,31.6875,30.6929,29.7911,88.988
2.275,22.6446,30.9659,36.0697,581.979,537.76,31.709,30.6586,29.8109,88.9877
2.276,22.6362,30.9639,36.0774,582.522,538.267,31.7306,30.6244,29.8309,88.9874
2.277,22.6278,30.9619,36.085,583.067,538.774,31.7522,30.5904,29.8508,88.987
2.278,22.6193,30.9598,36.0925,583.611,539.282,31.7738,30.5566,29.8707,88.9867
2.279,22.6109,30.9577,36.1,584.156,539.79,31.7953,30.5228,29.8907,88.9864
2.28,22.6024,30.9555,36.1074,584.702,540.298,31.8169,30.4893,29.9107,88.986
2.281,22.594,30.9533,36.1147,585.248,540.807,31.8385,30.4559,29.9307,88.9857
2.282,22.5854,30.951,36.1219,585.794,541.316,31.86,30.4226,29.9508,88.9854
2.283,22.5769,30.9487,36.1291,586.341,541.825,31.8816,30.3895,29.9708,88.985
2.284,22.5684,30.9463,36.1362,586.889,542.334,31.9031,30.3565,29.9909,88.9847
2.285,22.5598,30.9438,36.1432,587.437,542.844,31.9247,30.3237,30.011,88.9844
2.286,22.5512,30.9413,36.1502,587.985,543.354,31.9462,30.291,30.0311,88.9841
2.287,22.5426,30.9387,36.157,588.534,543.864,31.9678,30.2584,30.0512,88.9838
2.288,22.534,30.9361,36.1638,589.083,544.375,31.9893,30.2261,30.0714,88.9834
2.289,22.5254,30.9334,36.1705,589.633,544.885,32.0108,30.1938,30.0916,88.9831
2.29,22.5167,30.9306,36.1772,590.183,545.397,32.0324,30.1617,30.1117,88.9828
2.291,22.5081,30.9278,36.1837,590.734,545.908,32.0539,30.1298,30.132,88.9825
2.292,22.4994,30.9249,36.1902,591.285,546.42,32.0754,30.098,30.1522,88.9822
2.293,22.4907,30.922,36.1966,591.837,546.932,32.0969,30.0663,30.1724,88.9819
2.294,22.4819,30.9191,36.203,592.389,547.444,32.1184,30.0348,30.1927,88.9816
2.295,22.4732,30.916,36.2092,592.942,547.957,32.1399,30.0035,30.2129,88.9813
2.296,22.4644,30.9129,36.2154,593.495,548.47,32.1614,29.9723,30.2332,88.9809
2.297,22.4557,30.9098,36.2215,594.049,548.983,32.1829,29.9412,30.2535,88.9806
2.298,22.4469,30.9066,36.2275,594.603,549.497,32.2044,29.9103,30.2738,88.9803
2.299,22.4381,30.9033,36.2335,595.158,550.011,32.2259,29.8796,30.2942,88.98
2.3,22.4292,30.9,36.2394,595.713,550.525,32.2473,29.8489,30.3145,88.9797
2.301,22.4204,30.8967,36.2452,596.269,551.04,32.2688,29.8185,30.3349,88.9794
2.302,22.4115,30.8932,36.2509,596.825,551.555,32.2902,29.7881,30.3553,88.9791
2.303,22.4027,30.8898,36.2566,597.382,552.07,32.3117,29.758,30.3757,88.9789
2.304,22.3938,30.8862,36.2621,597.939,552.586,32.3331,29.7279,30.3961,88.9786
2.305,22.3849,30.8827,36.2676,598.497,553.102,32.3546,29.6981,30.4165,88.9783
2.306,22.3759,30.879,36.273,599.055,553.618,32.376,29.6683,30.4369,88.978
2.307,22.367,30.8753,36.2784,599.614,554.135,32.3974,29.6387,30.4574,88.9777
2.308,22.3581,30.8716,36.2837,600.173,554.652,32.4188,29.6093,30.4779,88.9774
2.309,22.3491,30.8678,36.2888,600.733,555.169,32.4402,29.58,30.4983,88.9771
2.31,22.3401,30.8639,36.294,601.293,555.687,32.4616,29.5509,30.5188,88.9768
2.311,22.3311,30.86,36.299,601.854,556.205,32.483,29.5219,30.5393,88.9765
2.312,22.3221,30.856,36.304,602.415,556.723,32.5044,29.493,30.5598,88.9763
2.313,22.3131,30.852,36.3089,602.977,557.242,32.5258,29.4643,30.5804,88.976
2.314,22.3041,30.8479,36.3137,603.539,557.761,32.5471,29.4357,30.6009,88.9757
2.315,22.295,30.8438,36.3184,604.102,558.281,32.5685,29.4073,30.6215,88.9754
2.316,22.286,30.8396,36.323,604.665,558.801,32.5898,29.379,30.642,88.9751
2.317,22.2769,30.8353,36.3276,605.229,559.321,32.6111,29.3509,30.6626,88.9749
2.318,22.2678,30.831,36.3321,605.794,559.842,32.6325,29.3229,30.6832,88.9746
2.319,22.2587,30.8267,36.3366,606.359,560.363,32.6538,29.2951,30.7038,88.9743
2.32,22.2496,30.8223,36.3409,606.924,560.884,32.6751,29.2674,30.7244,88.9741
2.321,22.2404,30.8178,36.3452,607.49,561.406,32.6963,29.2399,30.745,88.9738
2.322,22.2313,30.8133,36.3494,608.056,561.928,32.7176,29.2125,30.7656,88.9735
2.323,22.2221,30.8087,36.3535,608.623,562.451,32.7389,29.1852,30.7863,88.9733
2.324,22.213,30.8041,36.3575,609.191,562.974,32.7601,29.1581,30.8069,88.973
2.325,22.2038,30.7995,36.3615,609.759,563.497,32.7814,29.1312,30.8276,88.9727
2.326,22.1946,30.7947,36.3654,610.328,564.021,32.8026,29.1043,30.8483,88.9725
2.327,22.1854,30.79,36.3692,610.897,564.545,32.8238,29.0777,30.8689,88.9722
2.328,22.1762,30.7851,36.3729,611.466,565.07,32.8451,29.0511,30.8896,88.9719
2.329,22.167,30.7802,36.3766,612.037,565.595,32.8663,29.0248,30.9103,88.9717
2.33,22.1577,30.7753,36.3802,612.607,566.12,32.8874,28.9985,30.931,88.9714
2.331,22.1485,30.7703,36.3837,613.179,566.646,32.9086,28.9724,30.9517,88.9712
2.332,22.1392,30.7653,36.3871,613.75,567.172,32.9298,28.9465,30.9724,88.9709
2.333,22.13,30.7602,36.3905,614.323,567.699,32.9509,28.9207,30.9932,88.9707
2.334,22.1207,30.755,36.3937,614.895,568.226,32.9721,28.895,31.0139,88.9704
2.335,22.1114,30.7498,36.3969,615.469,568.754,32.9932,28.8695,31.0346,88.9702
2.336,22.1021,30.7446,36.4001,616.043,569.281,33.0143,28.8441,31.0554,88.9699
2.337,22.0928,30.7393,36.4031,616.617,569.81,33.0354,28.8189,31.0761,88.9697
2.338,22.0835,30.7339,36.4061,617.192,570.339,33.0565,28.7938,31.0969,88.9694
2.339,22.0742,30.7285,36.409,617.768,570.868,33.0775,28.7689,31.1177,88.9692
2.34,22.0648,30.7231,36.4118,618.344,571.397,33.0986,28.7441,31.1384,88.9689
2.341,22.0555,30.7175,36.4145,618.92,571.927,33.1196,28.7195,31.1592,88.9687
2.342,22.0461,30.712,36.4172,619.497,572.458,33.1407,28.6949,31.18,88.9684
2.343,22.0368,30.7064,36.4197,620.075,572.989,33.1617,28.6706,31.2008,88.9682
2.344,22.0274,30.7007,36.4223,620.653,573.52,33.1827,28.6464,31.2216,88.9679
2.345,22.018,30.695,36.4247,621.232,574.052,33.2037,28.6223,31.2424,88.9677
2.346,22.0086,30.6892,36.427,621.811,574.584,33.2246,28.5984,31.2632,88.9675
2.347,21.9993,30.6834,36.4293,622.391,575.117,33.2456,28.5746,31.284,88.9672
2.348,21.9899,30.6775,36.4315,622.972,575.65,33.2665,28.5509,31.3048,88.967
2.349,21.9804,30.6716,36.4336,623.552,576.184,33.2874,28.5274,31.3256,88.9668
2.35,21.971,30.6657,36.4357,624.134,576.718,33.3083,28.5041,31.3465,88.9665
2.351,21.9616,30.6596,36.4376,624.716,577.253,33.3292,28.4808,31.3673,88.9663
2.352,21.9522,30.6536,36.4395,625.298,577.788,33.3501,28.4578,31.3881,88.9661
2.353,21.9427,30.6474,36.4414,625.881,578.323,33.371,28.4348,31.4089,88.9658
2.354,21.9333,30.6413,36.4431,626.465,578.859,33.3918,28.412,31.4298,88.9656
2.355,21.9238,30.6351,36.4447,627.049,579.395,33.4126,28.3894,31.4506,88.9654
2.356,21.9144,30.6288,36.4463,627.634,579.932,33.4335,28.3669,31.4715,88.9652
2.357,21.9049,30.6225,36.4478,628.219,580.47,33.4543,28.3445,31.4923,88.9649
2.358,21.8954,30.6161,36.4493,628.805,581.008,33.475,28.3223,31.5132,88.9647
2.359,21.886,30.6097,36.4506,629.391,581.546,33.4958,28.3002,31.534,88.9645
2.36,21.8765,30.6032,36.4519,629.978,582.085,33.5165,28.2783,31.5549,88.9643
2.361,21.867,30.5967,36.4531,630.565,582.624,33.5373,28.2565,31.5757,88.964
2.362,21.8575,30.5901,36.4542,631.153,583.164,33.558,28.2348,31.5966,88.9638
2.363,21.848,30.5835,36.4553,631.742,583.704,33.5787,28.2133,31.6174,88.9636
2.364,21.8385,30.5769,36.4563,632.331,584.245,33.5993,28.1919,31.6383,88.9634
2.365,21.829,30.5702,36.4571,632.92,584.786,33.62,28.1707,31.6591,88.9632
2.366,21.8195,30.5634,36.458,633.51,585.328,33.6406,28.1496,31.68,88.9629
2.367,21.8099,30.5566,36.4587,634.101,585.87,33.6612,28.1286,31.7008,88.9627
2.368,21.8004,30.5497,36.4594,634.692,586.412,33.6818,28.1078,31.7217,88.9625
2.369,21.7909,30.5428,36.46,635.284,586.956,33.7024,28.0871,31.7425,88.9623
2.37,21.7814,30.5359,36.4605,635.876,587.499,33.723,28.0666,31.7634,88.9621
2.371,21.7718,30.5289,36.4609,636.469,588.043,33.7435,28.0462,31.7843,88.9619
2.372,21.7623,30.5218,36.4613,637.062,588.588,33.7641,28.0259,31.8051,88.9617
2.373,21.7527,30.5147,36.4616,637.656,589.133,33.7846,28.0058,31.826,88.9615
2.374,21.7432,30.5076,36.4618,638.251,589.679,33.8051,27.9858,31.8468,88.9613
2.375,21.7337,30.5004,36.4619,638.846,590.225,33.8255,27.966,31.8677,88.9611
2.376,21.7241,30.4932,36.462,639.441,590.772,33.846,27.9463,31.8885,88.9609
2.377,21.7145,30.4859,36.4619,640.037,591.319,33.8664,27.9268,31.9094,88.9607
2.378,21.705,30.4786,36.4618,640.634,591.867,33.8868,27.9073,31.9302,88.9604
2.379,21.6954,30.4712,36.4617,641.231,592.415,33.9072,27.8881,31.9511,88.9602
2.38,21.6859,30.4638,36.4614,641.828,592.964,33.9276,27.8689,31.9719,88.96
2.381,21.6763,30.4563,36.4611,642.426,593.513,33.9479,27.8499,31.9928,88.9598
2.382,21.6667,30.4488,36.4607,643.025,594.063,33.9683,27.831,32.0136,88.9596
2.383,21.6572,30.4412,36.4602,643.624,594.614,33.9886,27.8123,32.0344,88.9594
2.384,21.6476,30.4336,36.4597,644.224,595.165,34.0088,27.7937,32.0553,88.9593
2.385,21.638,30.426,36.459,644.824,595.716,34.0291,27.7753,32.0761,88.9591
2.386,21.6285,30.4183,36.4583,645.425,596.268,34.0494,27.757,32.0969,88.9589
2.387,21.6189,30.4105,36.4576,646.026,596.82,34.0696,27.7388,32.1177,88.9587
2.388,21.6093,30.4027,36.4567,646.628,597.373,34.0898,27.7208,32.1385,88.9585
2.389,21.5998,30.3949,36.4558,647.231,597.927,34.11,27.7029,32.1594,88.9583
2.39,21.5902,30.387,36.4548,647.833,598.481,34.1301,27.6851,32.1802,88.9581
2.391,21.5806,30.3791,36.4537,648.437,599.036,34.1503,27.6675,32.201,88.9579
2.392,21.571,30.3711,36.4525,649.041,599.591,34.1704,27.65,32.2218,88.9577
2.393,21.5615,30.3631,36.4513,649.645,600.146,34.1905,27.6326,32.2426,88.9575
2.394,21.5519,30.3551,36.45,650.25,600.703,34.2106,27.6154,32.2634,88.9573
2.395,21.5423,30.347,36.4486,650.856,601.259,34.2306,27.5983,32.2841,88.9572
2.396,21.5327,30.3388,36.4472,651.462,601.817,34.2506,27.5814,32.3049,88.957
2.397,21.5232,30.3306,36.4456,652.068,602.375,34.2706,27.5646,32.3257,88.9568
2.398,21.5136,30.3224,36.444,652.675,602.933,34.2906,27.5479,32.3465,88.9566
2.399,21.504,30.3141,36.4423,653.283,603.492,34.3106,27.5314,32.3672,88.9564
2.4,21.4945,30.3058,36.4406,653.891,604.051,34.3305,27.515,32.388,88.9562
2.401,21.4849,30.2974,36.4387,654.499,604.611,34.3504,27.4987,32.4087,88.9561
2.402,21.4753,30.289,36.4368,655.109,605.172,34.3703,27.4826,32.4295,88.9559
2.403,21.4658,30.2806,36.4348,655.718,605.733,34.3902,27.4666,32.4502,88.9557
2.404,21.4562,30.2721,36.4328,656.328,606.295,34.41,27.4507,32.4709,88.9555
2.405,21.4466,30.2635,36.4307,656.939,606.857,34.4299,27.435,32.4917,88.9553
2.406,21.4371,30.255,36.4285,657.55,607.42,34.4497,27.4194,32.5124,88.9552
2.407,21.4275,30.2463,36.4262,658.162,607.983,34.4694,27.4039,32.5331,88.955
2.408,21.418,30.2377,36.4238,658.774,608.547,34.4892,27.3886,32.5538,88.9548
2.409,21.4084,30.229,36.4214,659.386,609.112,34.5089,27.3734,32.5745,88.9546
2.41,21.3989,30.2202,36.4189,659.999,609.677,34.5286,27.3584,32.5952,88.9545
2.411,21.3893,30.2114,36.4163,660.613,610.242,34.5483,27.3434,32.6159,88.9543
2.412,21.3798,30.2026,36.4136,661.227,610.808,34.5679,27.3286,32.6365,88.9541
2.413,21.3703,30.1937,36.4109,661.842,611.375,34.5876,27.314,32.6572,88.954
2.414,21.3607,30.1848,36.4081,662.457,611.942,34.6072,27.2995,32.6778,88.9538
2.415,21.3512,30.1759,36.4052,663.072,612.51,34.6267,27.2851,32.6985,88.9536
2.416,21.3417,30.1669,36.4023,663.688,613.079,34.6463,27.2708,32.7191,88.9534
2.417,21.3322,30.1578,36.3993,664.305,613.648,34.6658,27.2567,32.7397,88.9533
2.418,21.3226,30.1488,36.3962,664.922,614.217,34.6853,27.2427,32.7603,88.9531
2.419,21.3131,30.1396,36.393,665.539,614.787,34.7048,27.2288,32.781,88.953
2.42,21.3036,30.1305,36.3898,666.157,615.358,34.7243,27.2151,32.8015,88.9528
2.421,21.2941,30.1213,36.3864,666.776,615.929,34.7437,27.2015,32.8221,88.9526
2.422,21.2846,30.112,36.3831,667.395,616.501,34.7631,27.188,32.8427,88.9525
2.423,21.2751,30.1028,36.3796,668.014,617.074,34.7825,27.1747,32.8633,88.9523
2.424,21.2656,30.0934,36.3761,668.634,617.646,34.8018,27.1615,32.8838,88.9521
2.425,21.2562,30.0841,36.3724,669.255,618.22,34.8211,27.1484,32.9044,88.952
2.426,21.2467,30.0747,36.3688,669.875,618.794,34.8404,27.1355,32.9249,88.9518
2.427,21.2372,30.0652,36.365,670.497,619.369,34.8597,27.1227,32.9454,88.9517
2.428,21.2278,30.0558,36.3612,671.118,619.944,34.8789,27.11,32.9659,88.9515
2.429,21.2183,30.0463,36.3573,671.741,620.52,34.8982,27.0975,32.9864,88.9513
2.43,21.2088,30.0367,36.3533,672.363,621.096,34.9173,27.085,33.0069,88.9512
2.431,21.1994,30.0271,36.3492,672.986,621.673,34.9365,27.0727,33.0274,88.951
2.432,21.19,30.0175,36.3451,673.61,622.251,34.9556,27.0606,33.0479,88.9509
2.433,21.1805,30.0078,36.3409,674.234,622.829,34.9748,27.0485,33.0683,88.9507
2.434,21.1711,29.9981,36.3367,674.859,623.408,34.9938,27.0366,33.0888,88.9506
2.435,21.1617,29.9884,36.3323,675.483,623.987,35.0129,27.0249,33.1092,88.9504
2.436,21.1523,29.9786,36.3279,676.109,624.567,35.0319,27.0132,33.1296,88.9503
2.437,21.1429,29.9688,36.3234,676.735,625.147,35.0509,27.0017,33.15,88.9501
2.438,21.1335,29.9589,36.3189,677.361,625.728,35.0699,26.9903,33.1704,88.95
2.439,21.1241,29.949,36.3142,677.988,626.31,35.0888,26.9791,33.1908,88.9498
2.44,21.1147,29.9391,36.3095,678.615,626.892,35.1078,26.9679,33.2111,88.9497
2.441,21.1054,29.9291,36.3048,679.242,627.475,35.1267,26.9569,33.2315,88.9495
2.442,21.096,29.9191,36.2999,679.87,628.058,35.1455,26.9461,33.2518,88.9494
2.443,21.0866,29.9091,36.295,680.499,628.642,35.1643,26.9353,33.2721,88.9492
2.444,21.0773,29.899,36.29,681.128,629.226,35.1832,26.9247,33.2925,88.9491
2.445,21.068,29.8889,36.285,681.757,629.811,35.2019,26.9142,33.3128,88.9489
2.446,21.0586,29.8787,36.2799,682.387,630.397,35.2207,26.9038,33.333,88.9488
2.447,21.0493,29.8685,36.2747,683.017,630.983,35.2394,26.8936,33.3533,88.9486
2.448,21.04,29.8583,36.2694,683.647,631.57,35.2581,26.8835,33.3736,88.9485
2.449,21.0307,29.8481,36.264,684.278,632.157,35.2768,26.8735,33.3938,88.9484
2.45,21.0214,29.8378,36.2586,684.91,632.745,35.2954,26.8636,33.414,88.9482
2.451,21.0122,29.8275,36.2531,685.541,633.333,35.314,26.8539,33.4342,88.9481
2.452,21.0029,29.8171,36.2476,686.174,633.923,35.3326,26.8443,33.4544,88.9479
2.453,20.9936,29.8067,36.242,686.806,634.512,35.3511,26.8348,33.4746,88.9478
2.454,20.9844,29.7963,36.2363,687.439,635.102,35.3696,26.8254,33.4948,88.9477
2.455,20.9751,29.7858,36.2305,688.073,635.693,35.3881,26.8162,33.5149,88.9475
2.456,20.9659,29.7753,36.2247,688.706,636.284,35.4066,26.8071,33.535,88.9474
2.457,20.9567,29.7648,36.2188,689.34,636.876,35.425,26.7981,33.5552,88.9472
2.458,20.9475,29.7542,36.2128,689.975,637.469,35.4434,26.7892,33.5753,88.9471
2.459,20.9383,29.7436,36.2067,690.61,638.062,35.4618,26.7805,33.5953,88.947
2.46,20.9291,29.733,36.2006,691.245,638.656,35.4801,26.7719,33.6154,88.9468
2.461,20.9199,29.7223,36.1944,691.881,639.25,35.4984,26.7634,33.6355,88.9467
2.462,20.9108,29.7116,36.1882,692.517,639.845,35.5167,26.755,33.6555,88.9466
2.463,20.9016,29.7009,36.1819,693.154,640.44,35.535,26.7467,33.6755,88.9464
2.464,20.8925,29.6901,36.1755,693.79,641.036,35.5532,26.7386,33.6955,88.9463
2.465,20.8834,29.6793,36.169,694.428,641.632,35.5714,26.7306,33.7155,88.9462
2.466,20.8743,29.6685,36.1625,695.065,642.229,35.5895,26.7227,33.7355,88.9461
2.467,20.8652,29.6576,36.1559,695.703,642.827,35.6077,26.715,33.7554,88.9459
2.468,20.8561,29.6467,36.1492,696.341,643.425,35.6258,26.7074,33.7753,88.9458
2.469,20.847,29.6358,36.1425,696.98,644.024,35.6438,26.6998,33.7952,88.9457
2.47,20.8379,29.6248,36.1357,697.619,644.623,35.6619,26.6924,33.8151,88.9455
2.471,20.8289,29.6138,36.1288,698.258,645.223,35.6799,26.6852,33.835,88.9454
2.472,20.8198,29.6028,36.1218,698.898,645.823,35.6979,26.678,33.8549,88.9453
2.473,20.8108,29.5918,36.1148,699.538,646.424,35.7158,26.671,33.8747,88.9452
2.474,20.8018,29.5807,36.1078,700.178,647.026,35.7337,26.6641,33.8945,88.945
2.475,20.7928,29.5696,36.1006,700.819,647.628,35.7516,26.6573,33.9143,88.9449
2.476,20.7838,29.5584,36.0934,701.46,648.231,35.7694,26.6506,33.9341,88.9448
2.477,20.7749,29.5473,36.0861,702.101,648.834,35.7873,26.6441,33.9539,88.9447
2.478,20.7659,29.536,36.0788,702.743,649.438,35.805,26.6377,33.9736,88.9445
2.479,20.757,29.5248,36.0713,703.385,650.042,35.8228,26.6314,33.9934,88.9444
2.48,20.7481,29.5136,36.0639,704.028,650.647,35.8405,26.6252,34.0131,88.9443
2.481,20.7391,29.5023,36.0563,704.67,651.252,35.8582,26.6191,34.0328,88.9442
2.482,20.7302,29.4909,36.0487,705.313,651.858,35.8759,26.6132,34.0524,88.944
2.483,20.7214,29.4796,36.041,705.956,652.465,35.8935,26.6073,34.0721,88.9439
2.484,20.7125,29.4682,36.0332,706.6,653.072,35.9111,26.6016,34.0917,88.9438
2.485,20.7036,29.4568,36.0254,707.244,653.679,35.9287,26.596,34.1113,88.9437
2.486,20.6948,29.4454,36.0175,707.888,654.287,35.9462,26.5905,34.1309,88.9436
2.487,20.686,29.4339,36.0096,708.533,654.896,35.9637,26.5852,34.1505,88.9435
2.488,20.6772,29.4224,36.0015,709.178,655.505,35.9812,26.5799,34.17,88.9433
2.489,20.6684,29.4109,35.9935,709.823,656.115,35.9986,26.5748,34.1896,88.9432
2.49,20.6596,29.3993,35.9853,710.468,656.725,36.016,26.5698,34.2091,88.9431
2.491,20.6509,29.3877,35.9771,711.114,657.336,36.0334,26.5649,34.2286,88.943
2.492,20.6421,29.3761,35.9688,711.76,657.948,36.0507,26.5601,34.248,88.9429
2.493,20.6334,29.3645,35.9605,712.406,658.559,36.068,26.5555,34.2675,88.9428
2.494,20.6247,29.3528,35.952,713.053,659.172,36.0853,26.5509,34.2869,88.9426
2.495,20.616,29.3411,35.9436,713.699,659.785,36.1025,26.5465,34.3063,88.9425
2.496,20.6073,29.3294,35.935,714.346,660.398,36.1197,26.5422,34.3257,88.9424
2.497,20.5987,29.3177,35.9264,714.994,661.012,36.1369,26.538,34.3451,88.9423
2.498,20.59,29.3059,35.9177,715.641,661.627,36.154,26.5339,34.3644,88.9422
2.499,20.5814,29.2941,35.909,716.289,662.242,36.1711,26.5299,34.3837,88.9421
2.5,20.5728,29.2823,35.9002,716.937,662.857,36.1882,26.5261,34.403,88.942
2.501,20.5642,29.2705,35.8913,717.586,663.474,36.2053,26.5223,34.4223,88.9419
2.502,20.5556,29.2586,35.8824,718.234,664.09,36.2223,26.5187,34.4415,88.9418
2.503,20.5471,29.2467,35.8734,718.883,664.707,36.2392,26.5152,34.4608,88.9417
2.504,20.5385,29.2348,35.8643,719.532,665.325,36.2562,26.5118,34.48,88.9415
2.505,20.53,29.2228,35.8552,720.182,665.943,36.2731,26.5085,34.4992,88.9414
2.506,20.5215,29.2109,35.846,720.831,666.562,36.29,26.5053,34.5183,88.9413
2.507,20.513,29.1989,35.8367,721.481,667.181,36.3068,26.5023,34.5375,88.9412
2.508,20.5046,29.1868,35.8274,722.131,667.8,36.3236,26.4993,34.5566,88.9411
2.509,20.4961,29.1748,35.818,722.782,668.421,36.3404,26.4965,34.5757,88.941
2.51,20.4877,29.1627,35.8086,723.432,669.041,36.3571,26.4938,34.5947,88.9409
2.511,20.4793,29.1506,35.7991,724.083,669.662,36.3738,26.4912,34.6138,88.9408
2.512,20.4709,29.1385,35.7895,724.734,670.284,36.3905,26.4887,34.6328,88.9407
2.513,20.4625,29.1264,35.7799,725.385,670.906,36.4071,26.4863,34.6518,88.9406
2.514,20.4542,29.1142,35.7702,726.036,671.529,36.4237,26.484,34.6708,88.9405
2.515,20.4458,29.102,35.7604,726.688,672.152,36.4403,26.4818,34.6897,88.9404
2.516,20.4375,29.0898,35.7506,727.34,672.775,36.4568,26.4798,34.7086,88.9403
2.517,20.4292,29.0776,35.7407,727.992,673.399,36.4733,26.4778,34.7275,88.9402
2.518,20.421,29.0654,35.7308,728.644,674.024,36.4897,26.476,34.7464,88.9401
2.519,20.4127,29.0531,35.7208,729.296,674.649,36.5062,26.4743,34.7653,88.94
2.52,20.4045,29.0408,35.7107,729.949,675.274,36.5226,26.4726,34.7841,88.9399
2.521,20.3963,29.0285,35.7006,730.602,675.9,36.5389,26.4711,34.8029,88.9398
2.522,20.3881,29.0161,35.6904,731.255,676.527,36.5552,26.4697,34.8217,88.9397
2.523,20.3799,29.0038,35.6801,731.908,677.154,36.5715,26.4684,34.8404,88.9396
2.524,20.3717,28.9914,35.6698,732.561,677.781,36.5878,26.4673,34.8592,88.9395
2.525,20.3636,28.979,35.6594,733.215,678.409,36.604,26.4662,34.8779,88.9394
2.526,20.3555,28.9666,35.649,733.868,679.037,36.6202,26.4652,34.8966,88.9393
2.527,20.3474,28.9541,35.6385,734.522,679.666,36.6363,26.4644,34.9152,88.9392
2.528,20.3393,28.9416,35.628,735.176,680.295,36.6524,26.4636,34.9338,88.9391
2.529,20.3313,28.9292,35.6174,735.83,680.925,36.6685,26.463,34.9524,88.939
2.53,20.3233,28.9166,35.6067,736.485,681.555,36.6845,26.4624,34.971,88.9389
2.531,20.3153,28.9041,35.5959,737.139,682.185,36.7005,26.462,34.9896,88.9388
2.532,20.3073,28.8916,35.5851,737.794,682.816,36.7165,26.4617,35.0081,88.9387
2.533,20.2993,28.879,35.5743,738.448,683.447,36.7324,26.4615,35.0266,88.9386
2.534,20.2914,28.8664,35.5634,739.103,684.079,36.7483,26.4613,35.0451,88.9385
2.535,20.2835,28.8538,35.5524,739.758,684.712,36.7642,26.4613,35.0635,88.9384
2.536,20.2756,28.8412,35.5414,740.414,685.344,36.78,26.4614,35.082,88.9384
2.537,20.2677,28.8286,35.5303,741.069,685.977,36.7958,26.4616,35.1004,88.9383
2.538,20.2598,28.8159,35.5191,741.724,686.611,36.8116,26.4619,35.1187,88.9382
2.539,20.252,28.8032,35.5079,742.38,687.245,36.8273,26.4624,35.1371,88.9381
2.54,20.2442,28.7905,35.4967,743.036,687.879,36.843,26.4629,35.1554,88.938
2.541,20.2364,28.7778,35.4853,743.692,688.514,36.8586,26.4635,35.1737,88.9379
2.542,20.2287,28.7651,35.474,744.348,689.149,36.8742,26.4642,35.1919,88.9378
2.543,20.2209,28.7523,35.4625,745.004,689.785,36.8898,26.465,35.2102,88.9377
2.544,20.2132,28.7396,35.451,745.66,690.421,36.9054,26.466,35.2284,88.9376
2.545,20.2055,28.7268,35.4395,746.316,691.057,36.9209,26.467,35.2466,88.9375
2.546,20.1978,28.714,35.4279,746.973,691.694,36.9363,26.4681,35.2647,88.9375
2.547,20.1902,28.7012,35.4162,747.629,692.331,36.9517,26.4694,35.2828,88.9374
2.548,20.1826,28.6884,35.4045,748.286,692.969,36.9671,26.4707,35.3009,88.9373
2.549,20.175,28.6755,35.3927,748.943,693.607,36.9825,26.4722,35.319,88.9372
2.55,20.1674,28.6627,35.3808,749.6,694.245,36.9978,26.4737,35.3371,88.9371
2.551,20.1599,28.6498,35.369,750.257,694.884,37.0131,26.4753,35.3551,88.937
2.552,20.1523,28.6369,35.357,750.914,695.523,37.0284,26.4771,35.3731,88.9369
2.553,20.1448,28.624,35.345,751.571,696.162,37.0436,26.4789,35.391,88.9369
2.554,20.1374,28.611,35.3329,752.228,696.802,37.0587,26.4809,35.409,88.9368
2.555,20.1299,28.5981,35.3208,752.885,697.442,37.0739,26.4829,35.4269,88.9367
2.556,20.1225,28.5852,35.3086,753.543,698.083,37.089,26.4851,35.4447,88.9366
2.557,20.1151,28.5722,35.2964,754.2,698.724,37.104,26.4873,35.4626,88.9365
2.558,20.1077,28.5592,35.2841,754.858,699.365,37.1191,26.4897,35.4804,88.9364
2.559,20.1003,28.5462,35.2718,755.515,700.007,37.1341,26.4921,35.4982,88.9364
2.56,20.093,28.5332,35.2594,756.173,700.649,37.149,26.4947,35.5159,88.9363
2.561,20.0857,28.5202,35.247,756.831,701.291,37.1639,26.4973,35.5337,88.9362
2.562,20.0784,28.5071,35.2344,757.489,701.934,37.1788,26.5,35.5514,88.9361
2.563,20.0712,28.4941,35.2219,758.146,702.577,37.1936,26.5029,35.5691,88.936
2.564,20.0639,28.481,35.2093,758.804,703.22,37.2084,26.5058,35.5867,88.936
2.565,20.0567,28.4679,35.1966,759.462,703.864,37.2232,26.5089,35.6043,88.9359
2.566,20.0496,28.4548,35.1839,760.12,704.508,37.2379,26.512,35.6219,88.9358
2.567,20.0424,28.4417,35.1711,760.778,705.152,37.2526,26.5152,35.6395,88.9357
2.568,20.0353,28.4286,35.1583,761.437,705.797,37.2673,26.5185,35.657,88.9356
2.569,20.0282,28.4155,35.1454,762.095,706.442,37.2819,26.522,35.6745,88.9356
2.57,20.0211,28.4024,35.1325,762.753,707.087,37.2965,26.5255,35.692,88.9355
2.571,20.0141,28.3892,35.1195,763.411,707.733,37.311,26.5291,35.7094,88.9354
2.572,20.007,28.3761,35.1065,764.07,708.379,37.3255,26.5328,35.7268,88.9353
2.573,20.0001,28.3629,35.0934,764.728,709.025,37.34,26.5366,35.7442,88.9353
2.574,19.9931,28.3497,35.0803,765.386,709.672,37.3544,26.5405,35.7615,88.9352
2.575,19.9861,28.3365,35.0671,766.045,710.319,37.3688,26.5445,35.7789,88.9351
2.576,19.9792,28.3233,35.0538,766.703,710.966,37.3832,26.5486,35.7961,88.935
2.577,19.9723,28.3101,35.0405,767.362,711.613,37.3975,26.5528,35.8134,88.935
2.578,19.9655,28.2969,35.0272,768.02,712.261,37.4118,26.557,35.8306,88.9349
2.579,19.9586,28.2836,35.0138,768.679,712.909,37.426,26.5614,35.8478,88.9348
2.58,19.9518,28.2704,35.0003,769.337,713.557,37.4402,26.5659,35.865,88.9347
2.581,19.9451,28.2571,34.9869,769.996,714.206,37.4544,26.5704,35.8821,88.9347
2.582,19.9383,28.2439,34.9733,770.655,714.854,37.4685,26.5751,35.8992,88.9346
2.583,19.9316,28.2306,34.9597,771.313,715.503,37.4826,26.5798,35.9163,88.9345
2.584,19.9249,28.2173,34.9461,771.972,716.153,37.4967,26.5846,35.9334,88.9344
2.585,19.9182,28.204,34.9324,772.63,716.802,37.5107,26.5896,35.9504,88.9344
2.586,19.9116,28.1907,34.9186,773.289,717.452,37.5247,26.5946,35.9674,88.9343
2.587,19.9049,28.1774,34.9048,773.948,718.102,37.5386,26.5997,35.9843,88.9342
2.588,19.8984,28.1641,34.891,774.606,718.753,37.5525,26.6049,36.0012,88.9342
2.589,19.8918,28.1508,34.8771,775.265,719.403,37.5664,26.6102,36.0181,88.9341
2.59,19.8853,28.1374,34.8631,775.924,720.054,37.5802,26.6156,36.035,88.934
2.591,19.8788,28.1241,34.8491,776.582,720.705,37.594,26.621,36.0518,88.9339
2.592,19.8723,28.1107,34.8351,777.241,721.357,37.6077,26.6266,36.0686,88.9339
2.593,19.8658,28.0974,34.821,777.9,722.008,37.6214,26.6322,36.0854,88.9338
2.594,19.8594,28.084,34.8069,778.558,722.66,37.6351,26.638,36.1021,88.9337
2.595,19.853,28.0707,34.7927,779.217,723.312,37.6487,26.6438,36.1188,88.9337
2.596,19.8467,28.0573,34.7785,779.876,723.964,37.6623,26.6497,36.1355,88.9336
2.597,19.8403,28.0439,34.7642,780.534,724.617,37.6759,26.6557,36.1521,88.9335
2.598,19.834,28.0305,34.7499,781.193,725.269,37.6894,26.6618,36.1687,88.9335
2.599,19.8278,28.0171,34.7355,781.851,725.922,37.7029,26.668,36.1853,88.9334
2.6,19.8215,28.0037,34.7211,782.51,726.575,37.7163,26.6743,36.2018,88.9333
2.601,19.8153,27.9903,34.7066,783.169,727.228,37.7297,26.6806,36.2183,88.9333
2.602,19.8091,27.9769,34.6921,783.827,727.882,37.7431,26.6871,36.2348,88.9332
2.603,19.803,27.9635,34.6775,784.486,728.536,37.7564,26.6936,36.2513,88.9331
2.604,19.7968,27.9501,34.6629,785.144,729.189,37.7697,26.7002,36.2677,88.9331
2.605,19.7907,27.9367,34.6483,785.803,729.843,37.783,26.7069,36.284,88.933
2.606,19.7847,27.9232,34.6336,786.461,730.498,37.7962,26.7137,36.3004,88.9329
2.607,19.7786,27.9098,34.6188,787.119,731.152,37.8094,26.7206,36.3167,88.9329
2.608,19.7726,27.8964,34.6041,787.778,731.807,37.8225,26.7275,36.333,88.9328
2.609,19.7666,27.8829,34.5892,788.436,732.461,37.8356,26.7346,36.3492,88.9327
2.61,19.7607,27.8695,34.5743,789.094,733.116,37.8486,26.7417,36.3654,88.9327
2.611,19.7547,27.8561,34.5594,789.753,733.771,37.8617,26.7489,36.3816,88.9326
2.612,19.7489,27.8426,34.5445,790.411,734.427,37.8746,26.7562,36.3978,88.9326
2.613,19.743,27.8292,34.5295,791.069,735.082,37.8876,26.7636,36.4139,88.9325
2.614,19.7372,27.8157,34.5144,791.727,735.738,37.9005,26.7711,36.43,88.9324
2.615,19.7314,27.8022,34.4993,792.386,736.393,37.9133,26.7786,36.446,88.9324
2.616,19.7256,27.7888,34.4842,793.044,737.049,37.9262,26.7863,36.462,88.9323
2.617,19.7199,27.7753,34.469,793.702,737.705,37.9389,26.794,36.478,88.9322
2.618,19.7141,27.7619,34.4538,794.36,738.361,37.9517,26.8018,36.494,88.9322
2.619,19.7085,27.7484,34.4385,795.018,739.017,37.9644,26.8097,36.5099,88.9321
2.62,19.7028,27.7349,34.4232,795.676,739.674,37.9771,26.8176,36.5258,88.9321
2.621,19.6972,27.7215,34.4078,796.334,740.33,37.9897,26.8257,36.5416,88.932
2.622,19.6916,27.708,34.3925,796.992,740.987,38.0023,26.8338,36.5574,88.9319
2.623,19.6861,27.6945,34.377,797.65,741.644,38.0148,26.842,36.5732,88.9319
2.624,19.6805,27.6811,34.3615,798.307,742.301,38.0274,26.8503,36.589,88.9318
2.625,19.675,27.6676,34.346,798.965,742.958,38.0398,26.8587,36.6047,88.9318
2.626,19.6696,27.6541,34.3305,799.623,743.615,38.0523,26.8671,36.6204,88.9317
2.627,19.6641,27.6406,34.3149,800.28,744.272,38.0647,26.8756,36.636,88.9316
2.628,19.6587,27.6272,34.2992,800.938,744.929,38.077,26.8843,36.6516,88.9316
2.629,19.6534,27.6137,34.2835,801.596,745.587,38.0893,26.8929,36.6672,88.9315
2.63,19.648,27.6002,34.2678,802.253,746.244,38.1016,26.9017,36.6828,88.9315
2.631,19.6427,27.5868,34.2521,802.911,746.902,38.1139,26.9106,36.6983,88.9314
2.632,19.6374,27.5733,34.2363,803.568,747.56,38.1261,26.9195,36.7137,88.9314
2.633,19.6322,27.5598,34.2204,804.225,748.217,38.1382,26.9285,36.7292,88.9313
2.634,19.627,27.5464,34.2045,804.883,748.875,38.1503,26.9376,36.7446,88.9312
2.635,19.6218,27.5329,34.1886,805.54,749.533,38.1624,26.9467,36.76,88.9312
2.636,19.6167,27.5194,34.1727,806.197,750.191,38.1745,26.956,36.7753,88.9311
2.637,19.6115,27.506,34.1567,806.855,750.849,38.1865,26.9653,36.7906,88.9311
2.638,19.6065,27.4925,34.1406,807.512,751.508,38.1984,26.9747,36.8059,88.931
2.639,19.6014,27.479,34.1246,808.169,752.166,38.2104,26.9841,36.8211,88.931
2.64,19.5964,27.4656,34.1085,808.826,752.824,38.2223,26.9937,36.8363,88.9309
2.641,19.5914,27.4521,34.0923,809.483,753.483,38.2341,27.0033,36.8515,88.9309
2.642,19.5864,27.4387,34.0761,810.14,754.141,38.2459,27.013,36.8666,88.9308
2.643,19.5815,27.4252,34.0599,810.797,754.8,38.2577,27.0227,36.8817,88.9308
2.644,19.5766,27.4118,34.0436,811.454,755.458,38.2694,27.0326,36.8968,88.9307
2.645,19.5718,27.3984,34.0274,812.11,756.117,38.2811,27.0425,36.9118,88.9306
2.646,19.5669,27.3849,34.011,812.767,756.775,38.2928,27.0525,36.9268,88.9306
2.647,19.5621,27.3715,33.9947,813.424,757.434,38.3044,27.0626,36.9417,88.9305
2.648,19.5574,27.3581,33.9782,814.08,758.093,38.3159,27.0727,36.9567,88.9305
2.649,19.5526,27.3447,33.9618,814.737,758.752,38.3275,27.0829,36.9716,88.9304
2.65,19.548,27.3312,33.9453,815.394,759.41,38.339,27.0932,36.9864,88.9304
2.651,19.5433,27.3178,33.9288,816.05,760.069,38.3504,27.1036,37.0012,88.9303
2.652,19.5387,27.3044,33.9123,816.706,760.728,38.3619,27.114,37.016,88.9303
2.653,19.5341,27.291,33.8957,817.363,761.387,38.3732,27.1245,37.0307,88.9302
2.654,19.5295,27.2776,33.8791,818.019,762.046,38.3846,27.1351,37.0455,88.9302
2.655,19.525,27.2642,33.8624,818.676,762.705,38.3959,27.1457,37.0601,88.9301
2.656,19.5205,27.2508,33.8457,819.332,763.364,38.4071,27.1565,37.0748,88.9301
2.657,19.516,27.2375,33.829,819.988,764.023,38.4183,27.1673,37.0894,88.93
2.658,19.5116,27.2241,33.8123,820.644,764.682,38.4295,27.1781,37.1039,88.93
2.659,19.5072,27.2107,33.7955,821.3,765.341,38.4407,27.1891,37.1185,88.9299
2.66,19.5028,27.1974,33.7787,821.956,766,38.4518,27.2001,37.133,88.9299
2.661,19.4985,27.184,33.7618,822.613,766.659,38.4628,27.2111,37.1474,88.9298
2.662,19.4942,27.1707,33.7449,823.269,767.318,38.4739,27.2223,37.1619,88.9298
2.663,19.4899,27.1573,33.728,823.924,767.977,38.4848,27.2335,37.1762,88.9297
2.664,19.4857,27.144,33.7111,824.58,768.636,38.4958,27.2448,37.1906,88.9297
2.665,19.4815,27.1307,33.6941,825.236,769.295,38.5067,27.2561,37.2049,88.9296
2.666,19.4773,27.1173,33.6771,825.892,769.954,38.5176,27.2676,37.2192,88.9296
2.667,19.4731,27.104,33.66,826.548,770.613,38.5284,27.2791,37.2334,88.9295
2.668,19.469,27.0907,33.643,827.204,771.272,38.5392,27.2906,37.2477,88.9295
2.669,19.465,27.0774,33.6258,827.859,771.931,38.5499,27.3022,37.2618,88.9294
2.67,19.4609,27.0642,33.6087,828.515,772.59,38.5606,27.3139,37.276,88.9294
2.671,19.457,27.0509,33.5915,829.171,773.249,38.5713,27.3257,37.2901,88.9293
2.672,19.453,27.0376,33.5743,829.826,773.908,38.5819,27.3375,37.3041,88.9293
2.673,19.4491,27.0244,33.5571,830.482,774.567,38.5925,27.3494,37.3182,88.9293
2.674,19.4452,27.0111,33.5399,831.138,775.226,38.6031,27.3614,37.3322,88.9292
2.675,19.4413,26.9979,33.5226,831.793,775.884,38.6136,27.3734,37.3461,88.9292
2.676,19.4375,26.9846,33.5053,832.449,776.543,38.6241,27.3855,37.36,88.9291
2.677,19.4337,26.9714,33.4879,833.104,777.202,38.6345,27.3977,37.3739,88.9291
2.678,19.4299,26.9582,33.4705,833.759,777.861,38.6449,27.4099,37.3878,88.929
2.679,19.4262,26.945,33.4531,834.415,778.52,38.6553,27.4222,37.4016,88.929
2.68,19.4225,26.9318,33.4357,835.07,779.178,38.6656,27.4345,37.4154,88.9289
2.681,19.4188,26.9186,33.4182,835.726,779.837,38.6759,27.4469,37.4291,88.9289
2.682,19.4152,26.9055,33.4007,836.381,780.495,38.6861,27.4594,37.4428,88.9288
2.683,19.4116,26.8923,33.3832,837.036,781.154,38.6963,27.472,37.4565,88.9288
2.684,19.408,26.8792,33.3657,837.692,781.813,38.7065,27.4846,37.4701,88.9288
2.685,19.4045,26.8661,33.3481,838.347,782.471,38.7166,27.4973,37.4837,88.9287
2.686,19.401,26.8529,33.3305,839.002,783.129,38.7267,27.51,37.4972,88.9287
2.687,19.3976,26.8398,33.3129,839.658,783.788,38.7367,27.5228,37.5107,88.9286
2.688,19.3942,26.8267,33.2952,840.313,784.446,38.7467,27.5356,37.5242,88.9286
2.689,19.3908,26.8136,33.2776,840.968,785.104,38.7567,27.5486,37.5377,88.9285
2.69,19.3874,26.8006,33.2599,841.623,785.763,38.7666,27.5616,37.5511,88.9285
2.691,19.3841,26.7875,33.2421,842.279,786.421,38.7765,27.5746,37.5645,88.9285
2.692,19.3808,26.7745,33.2244,842.934,787.079,38.7863,27.5877,37.5778,88.9284
2.693,19.3776,26.7614,33.2066,843.589,787.737,38.7961,27.6009,37.5911,88.9284
2.694,19.3744,26.7484,33.1888,844.244,788.395,38.8059,27.6141,37.6043,88.9283
2.695,19.3712,26.7354,33.171,844.899,789.053,38.8156,27.6274,37.6176,88.9283
2.696,19.368,26.7224,33.1531,845.555,789.711,38.8253,27.6407,37.6308,88.9282
2.697,19.3649,26.7094,33.1352,846.21,790.368,38.835,27.6542,37.6439,88.9282
2.698,19.3619,26.6965,33.1173,846.865,791.026,38.8446,27.6676,37.657,88.9282
2.699,19.3588,26.6835,33.0994,847.52,791.684,38.8542,27.6811,37.6701,88.9281
2.7,19.3558,26.6706,33.0815,848.176,792.341,38.8637,27.6947,37.6831,88.9281
2.701,19.3528,26.6577,33.0635,848.831,792.999,38.8732,27.7084,37.6961,88.928
2.702,19.3499,26.6447,33.0455,849.486,793.656,38.8826,27.7221,37.7091,88.928
2.703,19.347,26.6318,33.0275,850.142,794.314,38.8921,27.7358,37.722,88.928
2.704,19.3441,26.619,33.0094,850.797,794.971,38.9014,27.7497,37.7349,88.9279
2.705,19.3413,26.6061,32.9914,851.452,795.628,38.9108,27.7635,37.7478,88.9279
2.706,19.3385,26.5933,32.9733,852.108,796.285,38.9201,27.7775,37.7606,88.9278
2.707,19.3357,26.5804,32.9552,852.763,796.943,38.9293,27.7915,37.7734,88.9278
2.708,19.333,26.5676,32.9371,853.418,797.6,38.9386,27.8055,37.7861,88.9278
2.709,19.3303,26.5548,32.9189,854.074,798.256,38.9477,27.8196,37.7988,88.9277
2.71,19.3277,26.542,32.9007,854.729,798.913,38.9569,27.8338,37.8115,88.9277
2.711,19.325,26.5293,32.8825,855.385,799.57,38.966,27.848,37.8241,88.9277
2.712,19.3225,26.5165,32.8643,856.04,800.227,38.9751,27.8623,37.8367,88.9276
2.713,19.3199,26.5038,32.8461,856.696,800.883,38.9841,27.8766,37.8492,88.9276
2.714,19.3174,26.4911,32.8279,857.352,801.54,38.9931,27.891,37.8618,88.9275
2.715,19.3149,26.4784,32.8096,858.007,802.196,39.002,27.9054,37.8742,88.9275
2.716,19.3125,26.4657,32.7913,858.663,802.853,39.0109,27.9199,37.8867,88.9275
2.717,19.31,26.453,32.773,859.319,803.509,39.0198,27.9344,37.8991,88.9274
2.718,19.3077,26.4404,32.7547,859.975,804.165,39.0286,27.949,37.9115,88.9274
2.719,19.3053,26.4277,32.7363,860.63,804.821,39.0374,27.9637,37.9238,88.9274
2.72,19.303,26.4151,32.7179,861.286,805.478,39.0462,27.9784,37.9361,88.9273
2.721,19.3007,26.4025,32.6996,861.942,806.133,39.0549,27.9932,37.9483,88.9273
2.722,19.2985,26.3899,32.6812,862.598,806.789,39.0636,28.008,37.9605,88.9272
2.723,19.2963,26.3774,32.6627,863.254,807.445,39.0722,28.0228,37.9727,88.9272
2.724,19.2941,26.3649,32.6443,863.911,808.101,39.0808,28.0377,37.9849,88.9272
2.725,19.292,26.3523,32.6258,864.567,808.757,39.0894,28.0527,37.997,88.9271
2.726,19.2899,26.3398,32.6074,865.223,809.412,39.0979,28.0677,38.009,88.9271
2.727,19.2878,26.3274,32.5889,865.879,810.068,39.1064,28.0828,38.0211,88.9271
2.728,19.2858,26.3149,32.5704,866.536,810.723,39.1148,28.0979,38.0331,88.927
2.729,19.2838,26.3025,32.5519,867.192,811.378,39.1232,28.1131,38.045,88.927
2.73,19.2819,26.29,32.5333,867.849,812.033,39.1316,28.1283,38.0569,88.927
2.731,19.2799,26.2776,32.5148,868.506,812.689,39.1399,28.1436,38.0688,88.9269
2.732,19.2781,26.2652,32.4962,869.163,813.344,39.1482,28.1589,38.0806,88.9269
2.733,19.2762,26.2529,32.4776,869.819,813.999,39.1565,28.1743,38.0924,88.9269
2.734,19.2744,26.2405,32.459,870.476,814.653,39.1647,28.1897,38.1042,88.9268
2.735,19.2726,26.2282,32.4404,871.133,815.308,39.1729,28.2052,38.1159,88.9268
2.736,19.2709,26.2159,32.4218,871.791,815.963,39.181,28.2207,38.1276,88.9268
2.737,19.2692,26.2036,32.4032,872.448,816.618,39.1891,28.2362,38.1393,88.9267
2.738,19.2675,26.1914,32.3845,873.105,817.272,39.1972,28.2519,38.1509,88.9267
2.739,19.2658,26.1792,32.3658,873.763,817.927,39.2052,28.2675,38.1625,88.9267
2.74,19.2642,26.1669,32.3472,874.42,818.581,39.2132,28.2832,38.174,88.9266
2.741,19.2627,26.1547,32.3285,875.078,819.235,39.2211,28.299,38.1855,88.9266
2.742,19.2611,26.1426,32.3098,875.736,819.89,39.229,28.3148,38.197,88.9266
2.743,19.2596,26.1304,32.291,876.394,820.544,39.2369,28.3306,38.2084,88.9265
2.744,19.2582,26.1183,32.2723,877.052,821.198,39.2447,28.3465,38.2198,88.9265
2.745,19.2567,26.1062,32.2536,877.71,821.852,39.2525,28.3625,38.2311,88.9265
2.746,19.2553,26.0941,32.2348,878.368,822.506,39.2602,28.3785,38.2424,88.9264
2.747,19.254,26.0821,32.216,879.027,823.16,39.268,28.3945,38.2537,88.9264
2.748,19.2527,26.07,32.1973,879.685,823.813,39.2756,28.4106,38.2649,88.9264
2.749,19.2514,26.058,32.1785,880.344,824.467,39.2833,28.4267,38.2761,88.9263
2.75,19.2501,26.046,32.1597,881.003,825.121,39.2909,28.4429,38.2873,88.9263
2.751,19.2489,26.0341,32.1409,881.662,825.774,39.2984,28.4591,38.2984,88.9263
2.752,19.2477,26.0221,32.122,882.321,826.428,39.306,28.4754,38.3095,88.9262
2.753,19.2466,26.0102,32.1032,882.98,827.081,39.3135,28.4917,38.3205,88.9262
2.754,19.2455,25.9983,32.0844,883.64,827.735,39.3209,28.508,38.3315,88.9262
2.755,19.2444,25.9864,32.0655,884.299,828.388,39.3283,28.5244,38.3425,88.9261
2.756,19.2433,25.9746,32.0467,884.959,829.041,39.3357,28.5408,38.3534,88.9261
2.757,19.2423,25.9628,32.0278,885.619,829.694,39.343,28.5573,38.3643,88.9261
2.758,19.2414,25.951,32.0089,886.279,830.347,39.3503,28.5738,38.3752,88.926
2.759,19.2404,25.9392,31.99,886.939,831,39.3576,28.5904,38.386,88.926
2.76,19.2395,25.9274,31.9711,887.6,831.653,39.3648,28.607,38.3968,88.926
2.761,19.2386,25.9157,31.9522,888.26,832.306,39.372,28.6237,38.4075,88.926
2.762,19.2378,25.904,31.9333,888.921,832.959,39.3791,28.6403,38.4182,88.9259
2.763,19.237,25.8923,31.9144,889.582,833.612,39.3862,28.6571,38.4289,88.9259
2.764,19.2363,25.8807,31.8955,890.243,834.264,39.3933,28.6738,38.4395,88.9259
2.765,19.2355,25.8691,31.8766,890.905,834.917,39.4003,28.6906,38.4501,88.9258
2.766,19.2348,25.8575,31.8576,891.566,835.57,39.4073,28.7075,38.4607,88.9258
2.767,19.2342,25.8459,31.8387,892.228,836.222,39.4143,28.7244,38.4712,88.9258
2.768,19.2336,25.8344,31.8197,892.89,836.875,39.4212,28.7413,38.4817,88.9258
2.769,19.233,25.8229,31.8008,893.552,837.527,39.4281,28.7583,38.4921,88.9257
2.77,19.2324,25.8114,31.7818,894.214,838.18,39.4349,28.7753,38.5025,88.9257
2.771,19.2319,25.7999,31.7628,894.877,838.832,39.4417,28.7923,38.5129,88.9257
2.772,19.2314,25.7885,31.7439,895.539,839.484,39.4485,28.8094,38.5232,88.9256
2.773,19.231,25.7771,31.7249,896.202,840.137,39.4552,28.8266,38.5335,88.9256
2.774,19.2305,25.7657,31.7059,896.865,840.789,39.4619,28.8437,38.5437,88.9256
2.775,19.2302,25.7543,31.6869,897.529,841.441,39.4686,28.8609,38.5539,88.9256
2.776,19.2298,25.743,31.6679,898.192,842.093,39.4752,28.8782,38.5641,88.9255
2.777,19.2295,25.7317,31.6489,898.856,842.745,39.4818,28.8954,38.5742,88.9255
2.778,19.2292,25.7204,31.6299,899.52,843.398,39.4883,28.9128,38.5843,88.9255
2.779,19.229,25.7092,31.6109,900.185,844.05,39.4948,28.9301,38.5944,88.9254
2.78,19.2288,25.698,31.5919,900.849,844.702,39.5013,28.9475,38.6044,88.9254
2.781,19.2286,25.6868,31.5729,901.514,845.354,39.5077,28.9649,38.6144,88.9254
2.782,19.2285,25.6756,31.5539,902.179,846.006,39.5141,28.9824,38.6243,88.9254
2.783,19.2284,25.6645,31.5349,902.844,846.658,39.5205,28.9999,38.6342,88.9253
2.784,19.2283,25.6534,31.5159,903.51,847.31,39.5268,29.0174,38.6441,88.9253
2.785,19.2283,25.6423,31.4969,904.175,847.962,39.5331,29.035,38.6539,88.9253
2.786,19.2283,25.6313,31.4779,904.841,848.614,39.5394,29.0526,38.6637,88.9253
2.787,19.2283,25.6203,31.4588,905.508,849.266,39.5456,29.0702,38.6735,88.9252
2.788,19.2284,25.6093,31.4398,906.174,849.917,39.5517,29.0879,38.6832,88.9252
2.789,19.2285,25.5983,31.4208,906.841,850.569,39.5579,29.1056,38.6929,88.9252
2.79,19.2286,25.5874,31.4018,907.508,851.221,39.564,29.1233,38.7025,88.9252
2.791,19.2288,25.5765,31.3828,908.175,851.873,39.57,29.1411,38.7121,88.9251
2.792,19.229,25.5656,31.3638,908.843,852.525,39.5761,29.1589,38.7217,88.9251
2.793,19.2292,25.5548,31.3447,909.511,853.177,39.5821,29.1768,38.7312,88.9251
2.794,19.2295,25.544,31.3257,910.179,853.829,39.588,29.1946,38.7407,88.9251
2.795,19.2298,25.5332,31.3067,910.848,854.481,39.5939,29.2125,38.7501,88.925
2.796,19.2301,25.5225,31.2877,911.516,855.133,39.5998,29.2305,38.7596,88.925
2.797,19.2305,25.5117,31.2687,912.185,855.785,39.6057,29.2484,38.7689,88.925
2.798,19.2309,25.5011,31.2496,912.855,856.436,39.6115,29.2664,38.7783,88.925
2.799,19.2314,25.4904,31.2306,913.524,857.088,39.6172,29.2845,38.7876,88.9249
2.8,19.2318,25.4798,31.2116,914.194,857.74,39.623,29.3025,38.7968,88.9249
2.801,19.2324,25.4692,31.1926,914.864,858.392,39.6287,29.3206,38.8061,88.9249
2.802,19.2329,25.4586,31.1736,915.535,859.044,39.6343,29.3388,38.8152,88.9249
2.803,19.2335,25.4481,31.1546,916.206,859.696,39.64,29.3569,38.8244,88.9248
2.804,19.2341,25.4376,31.1356,916.877,860.349,39.6456,29.3751,38.8335,88.9248
2.805,19.2347,25.4271,31.1166,917.548,861.001,39.6511,29.3933,38.8426,88.9248
2.806,19.2354,25.4167,31.0976,918.22,861.653,39.6566,29.4116,38.8516,88.9248
2.807,19.2361,25.4063,31.0786,918.892,862.305,39.6621,29.4299,38.8606,88.9247
2.808,19.2369,25.3959,31.0596,919.565,862.957,39.6675,29.4482,38.8696,88.9247
2.809,19.2377,25.3856,31.0407,920.238,863.61,39.673,29.4665,38.8785,88.9247
2.81,19.2385,25.3753,31.0217,920.911,864.262,39.6783,29.4849,38.8874,88.9247
2.811,19.2393,25.365,31.0027,921.584,864.914,39.6837,29.5033,38.8962,88.9246
2.812,19.2402,25.3548,30.9838,922.258,865.567,39.689,29.5217,38.905,88.9246
2.813,19.2411,25.3446,30.9648,922.932,866.219,39.6942,29.5401,38.9138,88.9246
2.814,19.2421,25.3344,30.9458,923.606,866.872,39.6995,29.5586,38.9225,88.9246
2.815,19.2431,25.3243,30.9269,924.281,867.524,39.7047,29.5771,38.9312,88.9245
2.816,19.2441,25.3142,30.9079,924.956,868.177,39.7098,29.5957,38.9399,88.9245
2.817,19.2451,25.3041,30.889,925.632,868.83,39.7149,29.6142,38.9485,88.9245
2.818,19.2462,25.294,30.8701,926.308,869.483,39.72,29.6328,38.9571,88.9245
2.819,19.2473,25.284,30.8512,926.984,870.135,39.7251,29.6514,38.9656,88.9245
2.82,19.2485,25.2741,30.8322,927.661,870.788,39.7301,29.67,38.9741,88.9244
2.821,19.2496,25.2641,30.8133,928.338,871.441,39.7351,29.6887,38.9826,88.9244
2.822,19.2509,25.2542,30.7944,929.015,872.095,39.74,29.7074,38.991,88.9244
2.823,19.2521,25.2444,30.7755,929.693,872.748,39.7449,29.7261,38.9994,88.9244
2.824,19.2534,25.2345,30.7567,930.371,873.401,39.7498,29.7449,39.0078,88.9243
2.825,19.2547,25.2247,30.7378,931.049,874.055,39.7546,29.7636,39.0161,88.9243
2.826,19.256,25.2149,30.7189,931.728,874.708,39.7594,29.7824,39.0244,88.9243
2.827,19.2574,25.2052,30.7001,932.407,875.362,39.7642,29.8012,39.0327,88.9243
2.828,19.2588,25.1955,30.6812,933.087,876.015,39.7689,29.8201,39.0409,88.9243
2.829,19.2603,25.1859,30.6624,933.767,876.669,39.7736,29.8389,39.049,88.9242
2.83,19.2617,25.1762,30.6435,934.447,877.323,39.7783,29.8578,39.0572,88.9242
2.831,19.2632,25.1666,30.6247,935.128,877.977,39.7829,29.8767,39.0653,88.9242
2.832,19.2648,25.1571,30.6059,935.809,878.631,39.7875,29.8957,39.0733,88.9242
2.833,19.2664,25.1476,30.5871,936.49,879.286,39.7921,29.9146,39.0813,88.9242
2.834,19.268,25.1381,30.5683,937.172,879.94,39.7966,29.9336,39.0893,88.9241
2.835,19.2696,25.1286,30.5496,937.855,880.594,39.8011,29.9526,39.0973,88.9241
2.836,19.2713,25.1192,30.5308,938.538,881.249,39.8055,29.9716,39.1052,88.9241
2.837,19.273,25.1098,30.512,939.221,881.904,39.8099,29.9907,39.1131,88.9241
2.838,19.2747,25.1005,30.4933,939.904,882.559,39.8143,30.0097,39.1209,88.9241
2.839,19.2765,25.0912,30.4746,940.588,883.214,39.8187,30.0288,39.1287,88.924
2.84,19.2783,25.0819,30.4558,941.273,883.869,39.823,30.0479,39.1365,88.924
2.841,19.2801,25.0727,30.4371,941.957,884.524,39.8273,30.0671,39.1442,88.924
2.842,19.2819,25.0635,30.4184,942.643,885.18,39.8315,30.0862,39.1519,88.924
2.843,19.2838,25.0543,30.3998,943.328,885.836,39.8357,30.1054,39.1595,88.924
2.844,19.2858,25.0452,30.3811,944.015,886.491,39.8399,30.1246,39.1671,88.9239
2.845,19.2877,25.0361,30.3624,944.701,887.147,39.844,30.1438,39.1747,88.9239
2.846,19.2897,25.0271,30.3438,945.388,887.804,39.8481,30.163,39.1823,88.9239
2.847,19.2917,25.018,30.3252,946.075,888.46,39.8522,30.1823,39.1898,88.9239
2.848,19.2938,25.0091,30.3066,946.763,889.116,39.8562,30.2016,39.1972,88.9239
2.849,19.2958,25.0001,30.288,947.452,889.773,39.8602,30.2209,39.2047,88.9238
2.85,19.298,24.9912,30.2694,948.14,890.43,39.8642,30.2402,39.212,88.9238
2.851,19.3001,24.9824,30.2508,948.829,891.087,39.8681,30.2595,39.2194,88.9238
2.852,19.3023,24.9735,30.2323,949.519,891.744,39.872,30.2788,39.2267,88.9238
2.853,19.3045,24.9648,30.2137,950.209,892.402,39.8759,30.2982,39.234,88.9238
2.854,19.3067,24.956,30.1952,950.9,893.059,39.8797,30.3176,39.2412,88.9237
2.855,19.309,24.9473,30.1767,951.59,893.717,39.8835,30.337,39.2484,88.9237
2.856,19.3113,24.9386,30.1582,952.282,894.375,39.8873,30.3564,39.2556,88.9237
2.857,19.3136,24.93,30.1397,952.974,895.033,39.891,30.3758,39.2628,88.9237
2.858,19.316,24.9214,30.1213,953.666,895.692,39.8947,30.3953,39.2699,88.9237
2.859,19.3184,24.9128,30.1028,954.359,896.35,39.8984,30.4148,39.2769,88.9237
2.86,19.3208,24.9043,30.0844,955.052,897.009,39.902,30.4342,39.2839,88.9236
2.861,19.3232,24.8958,30.066,955.746,897.668,39.9056,30.4537,39.2909,88.9236
2.862,19.3257,24.8874,30.0476,956.44,898.328,39.9092,30.4733,39.2979,88.9236
2.863,19.3282,24.879,30.0292,957.134,898.987,39.9127,30.4928,39.3048,88.9236
2.864,19.3308,24.8706,30.0109,957.83,899.647,39.9162,30.5123,39.3117,88.9236
2.865,19.3333,24.8623,29.9926,958.525,900.307,39.9197,30.5319,39.3185,88.9235
2.866,19.3359,24.854,29.9742,959.221,900.967,39.9231,30.5515,39.3253,88.9235
2.867,19.3386,24.8457,29.956,959.918,901.628,39.9265,30.5711,39.3321,88.9235
2.868,19.3412,24.8375,29.9377,960.615,902.288,39.9299,30.5907,39.3388,88.9235
2.869,19.3439,24.8294,29.9194,961.312,902.949,39.9332,30.6103,39.3455,88.9235
2.87,19.3466,24.8212,29.9012,962.01,903.61,39.9365,30.63,39.3522,88.9235
2.871,19.3494,24.8132,29.883,962.708,904.272,39.9397,30.6496,39.3588,88.9234
2.872,19.3522,24.8051,29.8648,963.407,904.934,39.943,30.6693,39.3654,88.9234
2.873,19.355,24.7971,29.8466,964.107,905.596,39.9462,30.6889,39.3719,88.9234
2.874,19.3578,24.7891,29.8284,964.806,906.258,39.9493,30.7086,39.3785,88.9234
2.875,19.3607,24.7812,29.8103,965.507,906.92,39.9525,30.7283,39.3849,88.9234
2.876,19.3636,24.7733,29.7922,966.208,907.583,39.9556,30.7481,39.3914,88.9234
2.877,19.3665,24.7655,29.7741,966.909,908.246,39.9586,30.7678,39.3978,88.9233
2.878,19.3695,24.7576,29.756,967.611,908.91,39.9617,30.7875,39.4042,88.9233
2.879,19.3725,24.7499,29.738,968.313,909.573,39.9647,30.8073,39.4105,88.9233
2.88,19.3755,24.7421,29.7199,969.016,910.237,39.9676,30.827,39.4168,88.9233
2.881,19.3785,24.7345,29.7019,969.719,910.901,39.9706,30.8468,39.4231,88.9233
2.882,19.3816,24.7268,29.6839,970.423,911.566,39.9735,30.8666,39.4293,88.9233
2.883,19.3847,24.7192,29.666,971.127,912.231,39.9763,30.8864,39.4355,88.9232
2.884,19.3878,24.7116,29.648,971.832,912.896,39.9792,30.9062,39.4416,88.9232
2.885,19.391,24.7041,29.6301,972.537,913.561,39.982,30.926,39.4477,88.9232
2.886,19.3942,24.6966,29.6122,973.243,914.227,39.9848,30.9459,39.4538,88.9232
2.887,19.3974,24.6892,29.5944,973.949,914.893,39.9875,30.9657,39.4599,88.9232
2.888,19.4006,24.6818,29.5765,974.656,915.56,39.9902,30.9856,39.4659,88.9232
2.889,19.4039,24.6744,29.5587,975.363,916.226,39.9929,31.0054,39.4719,88.9231
2.89,19.4072,24.6671,29.5409,976.071,916.893,39.9955,31.0253,39.4778,88.9231
2.891,19.4105,24.6598,29.5231,976.779,917.561,39.9981,31.0452,39.4837,88.9231
2.892,19.4139,24.6526,29.5054,977.488,918.228,40.0007,31.0651,39.4896,88.9231
2.893,19.4173,24.6454,29.4877,978.197,918.896,40.0033,31.085,39.4954,88.9231
2.894,19.4207,24.6382,29.47,978.907,919.565,40.0058,31.1049,39.5012,88.9231
2.895,19.4241,24.6311,29.4523,979.617,920.233,40.0083,31.1248,39.507,88.923
2.896,19.4276,24.6241,29.4346,980.328,920.902,40.0107,31.1447,39.5127,88.923
2.897,19.4311,24.617,29.417,981.039,921.572,40.0131,31.1646,39.5184,88.923
2.898,19.4346,24.6101,29.3994,981.751,922.241,40.0155,31.1846,39.524,88.923
2.899,19.4382,24.6031,29.3819,982.464,922.912,40.0179,31.2045,39.5297,88.923
2.9,19.4418,24.5962,29.3643,983.176,923.582,40.0202,31.2245,39.5353,88.923
2.901,19.4454,24.5894,29.3468,983.89,924.253,40.0225,31.2445,39.5408,88.923
2.902,19.449,24.5825,29.3293,984.603,924.924,40.0248,31.2644,39.5463,88.9229
2.903,19.4527,24.5758,29.3119,985.318,925.595,40.027,31.2844,39.5518,88.9229
2.904,19.4563,24.569,29.2944,986.033,926.267,40.0292,31.3044,39.5572,88.9229
2.905,19.4601,24.5623,29.277,986.748,926.94,40.0314,31.3244,39.5627,88.9229
2.906,19.4638,24.5557,29.2596,987.464,927.612,40.0335,31.3444,39.568,88.9229
2.907,19.4676,24.5491,29.2423,988.18,928.285,40.0356,31.3644,39.5734,88.9229
2.908,19.4714,24.5425,29.225,988.897,928.959,40.0377,31.3844,39.5787,88.9229
2.909,19.4752,24.536,29.2077,989.614,929.633,40.0398,31.4044,39.584,88.9228
2.91,19.479,24.5295,29.1904,990.332,930.307,40.0418,31.4244,39.5892,88.9228
2.911,19.4829,24.5231,29.1732,991.051,930.981,40.0438,31.4444,39.5944,88.9228
2.912,19.4868,24.5167,29.156,991.77,931.656,40.0457,31.4645,39.5996,88.9228
2.913,19.4907,24.5104,29.1388,992.489,932.332,40.0476,31.4845,39.6047,88.9228
2.914,19.4947,24.5041,29.1217,993.209,933.008,40.0495,31.5045,39.6098,88.9228
2.915,19.4986,24.4978,29.1045,993.929,933.684,40.0514,31.5246,39.6148,88.9228
2.916,19.5026,24.4916,29.0875,994.65,934.361,40.0532,31.5446,39.6199,88.9227
2.917,19.5067,24.4854,29.0704,995.372,935.038,40.055,31.5647,39.6249,88.9227
2.918,19.5107,24.4793,29.0534,996.094,935.715,40.0568,31.5847,39.6298,88.9227
2.919,19.5148,24.4732,29.0364,996.816,936.393,40.0585,31.6048,39.6347,88.9227
2.92,19.5189,24.4672,29.0194,997.539,937.071,40.0602,31.6248,39.6396,88.9227
2.921,19.523,24.4612,29.0025,998.263,937.75,40.0619,31.6449,39.6445,88.9227
2.922,19.5272,24.4552,28.9856,998.987,938.429,40.0636,31.6649,39.6493,88.9227
2.923,19.5314,24.4493,28.9687,999.711,939.109,40.0652,31.685,39.6541,88.9227
2.924,19.5356,24.4435,28.9519,1000.44,939.789,40.0668,31.7051,39.6588,88.9226
2.925,19.5398,24.4376,28.9351,1001.16,940.469,40.0683,31.7252,39.6636,88.9226
2.926,19.5441,24.4319,28.9183,1001.89,941.15,40.0699,31.7452,39.6682,88.9226
2.927,19.5484,24.4261,28.9016,1002.61,941.831,40.0714,31.7653,39.6729,88.9226
2.928,19.5527,24.4204,28.8849,1003.34,942.513,40.0728,31.7854,39.6775,88.9226
2.929,19.557,24.4148,28.8682,1004.07,943.195,40.0743,31.8055,39.6821,88.9226
2.93,19.5613,24.4092,28.8516,1004.8,943.878,40.0757,31.8255,39.6866,88.9226
2.931,19.5657,24.4036,28.835,1005.52,944.561,40.0771,31.8456,39.6911,88.9225
2.932,19.5701,24.3981,28.8184,1006.25,945.245,40.0784,31.8657,39.6956,88.9225
2.933,19.5745,24.3926,28.8018,1006.98,945.929,40.0797,31.8858,39.7001,88.9225
2.934,19.579,24.3872,28.7853,1007.71,946.613,40.081,31.9059,39.7045,88.9225
2.935,19.5835,24.3818,28.7689,1008.44,947.298,40.0823,31.9259,39.7089,88.9225
2.936,19.588,24.3765,28.7524,1009.17,947.984,40.0835,31.946,39.7132,88.9225
2.937,19.5925,24.3712,28.736,1009.91,948.669,40.0847,31.9661,39.7175,88.9225
2.938,19.597,24.366,28.7197,1010.64,949.356,40.0859,31.9862,39.7218,88.9225
2.939,19.6016,24.3608,28.7033,1011.37,950.043,40.0871,32.0063,39.726,88.9224
2.94,19.6062,24.3556,28.687,1012.1,950.73,40.0882,32.0264,39.7302,88.9224
2.941,19.6108,24.3505,28.6708,1012.84,951.418,40.0893,32.0464,39.7344,88.9224
2.942,19.6154,24.3454,28.6546,1013.57,952.106,40.0903,32.0665,39.7386,88.9224
2.943,19.6201,24.3404,28.6384,1014.3,952.795,40.0914,32.0866,39.7427,88.9224
2.944,19.6248,24.3354,28.6222,1015.04,953.484,40.0924,32.1067,39.7467,88.9224
2.945,19.6295,24.3305,28.6061,1015.77,954.174,40.0933,32.1267,39.7508,88.9224
2.946,19.6342,24.3256,28.59,1016.51,954.864,40.0943,32.1468,39.7548,88.9224
2.947,19.639,24.3208,28.574,1017.25,955.555,40.0952,32.1669,39.7588,88.9224
2.948,19.6438,24.316,28.558,1017.98,956.246,40.0961,32.1869,39.7627,88.9223
2.949,19.6486,24.3112,28.542,1018.72,956.938,40.0969,32.207,39.7666,88.9223
2.95,19.6534,24.3065,28.5261,1019.46,957.63,40.0978,32.2271,39.7705,88.9223
2.951,19.6582,24.3019,28.5102,1020.2,958.322,40.0986,32.2471,39.7743,88.9223
2.952,19.6631,24.2973,28.4943,1020.93,959.016,40.0993,32.2672,39.7781,88.9223
2.953,19.668,24.2927,28.4785,1021.67,959.709,40.1001,32.2872,39.7819,88.9223
2.954,19.6729,24.2882,28.4627,1022.41,960.404,40.1008,32.3073,39.7857,88.9223
2.955,19.6778,24.2837,28.447,1023.15,961.098,40.1015,32.3273,39.7894,88.9223
2.956,19.6828,24.2792,28.4313,1023.89,961.793,40.1022,32.3474,39.7931,88.9222
2.957,19.6877,24.2749,28.4156,1024.63,962.489,40.1028,32.3674,39.7967,88.9222
2.958,19.6927,24.2705,28.4,1025.38,963.185,40.1034,32.3874,39.8003,88.9222
2.959,19.6977,24.2662,28.3844,1026.12,963.882,40.104,32.4075,39.8039,88.9222
2.96,19.7028,24.262,28.3689,1026.86,964.579,40.1045,32.4275,39.8074,88.9222
2.961,19.7078,24.2578,28.3534,1027.6,965.277,40.105,32.4475,39.811,88.9222
2.962,19.7129,24.2536,28.3379,1028.35,965.975,40.1055,32.4675,39.8144,88.9222
2.963,19.718,24.2495,28.3225,1029.09,966.674,40.106,32.4875,39.8179,88.9222
2.964,19.7231,24.2454,28.3071,1029.83,967.374,40.1064,32.5075,39.8213,88.9222
2.965,19.7283,24.2414,28.2918,1030.58,968.073,40.1069,32.5275,39.8247,88.9221
2.966,19.7334,24.2374,28.2765,1031.32,968.774,40.1072,32.5475,39.828,88.9221
2.967,19.7386,24.2335,28.2612,1032.07,969.475,40.1076,32.5675,39.8314,88.9221
2.968,19.7438,24.2296,28.246,1032.81,970.176,40.1079,32.5875,39.8347,88.9221
2.969,19.7491,24.2258,28.2308,1033.56,970.878,40.1082,32.6075,39.8379,88.9221
2.97,19.7543,24.222,28.2156,1034.31,971.581,40.1085,32.6274,39.8411,88.9221
2.971,19.7596,24.2182,28.2005,1035.05,972.284,40.1088,32.6474,39.8443,88.9221
2.972,19.7648,24.2145,28.1855,1035.8,972.987,40.109,32.6673,39.8475,88.9221
2.973,19.7701,24.2109,28.1705,1036.55,973.691,40.1092,32.6873,39.8506,88.9221
2.974,19.7755,24.2073,28.1555,1037.3,974.396,40.1093,32.7072,39.8537,88.9221
2.975,19.7808,24.2037,28.1406,1038.04,975.101,40.1095,32.7272,39.8568,88.922
2.976,19.7862,24.2002,28.1257,1038.79,975.807,40.1096,32.7471,39.8598,88.922
2.977,19.7915,24.1967,28.1108,1039.54,976.513,40.1097,32.767,39.8628,88.922
2.978,19.7969,24.1933,28.096,1040.29,977.22,40.1097,32.7869,39.8658,88.922
2.979,19.8024,24.1899,28.0813,1041.04,977.927,40.1098,32.8068,39.8687,88.922
2.98,19.8078,24.1866,28.0666,1041.79,978.635,40.1098,32.8267,39.8716,88.922
2.981,19.8133,24.1833,28.0519,1042.54,979.343,40.1098,32.8466,39.8745,88.922
2.982,19.8187,24.18,28.0373,1043.3,980.052,40.1097,32.8665,39.8773,88.922
2.983,19.8242,24.1768,28.0227,1044.05,980.762,40.1096,32.8863,39.8801,88.922
2.984,19.8297,24.1737,28.0081,1044.8,981.472,40.1096,32.9062,39.8829,88.922
2.985,19.8353,24.1706,27.9936,1045.55,982.182,40.1094,32.926,39.8857,88.9219
2.986,19.8408,24.1675,27.9792,1046.31,982.893,40.1093,32.9459,39.8884,88.9219
2.987,19.8464,24.1645,27.9648,1047.06,983.605,40.1091,32.9657,39.8911,88.9219
2.988,19.852,24.1616,27.9504,1047.81,984.317,40.1089,32.9855,39.8937,88.9219
2.989,19.8576,24.1587,27.9361,1048.57,985.03,40.1087,33.0053,39.8964,88.9219
2.99,19.8632,24.1558,27.9218,1049.32,985.743,40.1084,33.0251,39.8989,88.9219
2.991,19.8688,24.153,27.9076,1050.08,986.457,40.1081,33.0449,39.9015,88.9219
2.992,19.8745,24.1502,27.8934,1050.83,987.171,40.1078,33.0647,39.904,88.9219
2.993,19.8802,24.1474,27.8793,1051.59,987.886,40.1075,33.0845,39.9065,88.9219
2.994,19.8858,24.1448,27.8652,1052.34,988.601,40.1071,33.1043,39.909,88.9219
2.995,19.8916,24.1421,27.8511,1053.1,989.317,40.1068,33.124,39.9114,88.9218
2.996,19.8973,24.1395,27.8371,1053.85,990.034,40.1064,33.1437,39.9139,88.9218
2.997,19.903,24.137,27.8232,1054.61,990.751,40.1059,33.1635,39.9162,88.9218
2.998,19.9088,24.1345,27.8093,1055.37,991.468,40.1055,33.1832,39.9186,88.9218
2.999,19.9145,24.132,27.7954,1056.13,992.186,40.105,33.2029,39.9209,88.9218
3,19.9203,24.1296,27.7816,1056.88,992.905,40.1045,33.2226,39.9232,88.9218
3.001,19.9261,24.1273,27.7678,1057.64,993.624,40.1039,33.2423,39.9254,88.9218
3.002,19.932,24.1249,27.7541,1058.4,994.344,40.1034,33.2619,39.9277,88.9218
3.003,19.9378,24.1227,27.7404,1059.16,995.064,40.1028,33.2816,39.9299,88.9218
3.004,19.9437,24.1205,27.7268,1059.92,995.785,40.1022,33.3012,39.932,88.9218
3.005,19.9495,24.1183,27.7132,1060.68,996.506,40.1016,33.3209,39.9342,88.9218
3.006,19.9554,24.1162,27.6997,1061.44,997.228,40.1009,33.3405,39.9363,88.9218
3.007,19.9613,24.1141,27.6862,1062.2,997.951,40.1002,33.3601,39.9383,88.9217
3.008,19.9672,24.112,27.6728,1062.96,998.674,40.0995,33.3797,39.9404,88.9217
3.009,19.9732,24.1101,27.6594,1063.72,999.397,40.0988,33.3993,39.9424,88.9217
3.01,19.9791,24.1081,27.646,1064.48,1000.12,40.098,33.4189,39.9444,88.9217
3.011,19.9851,24.1062,27.6328,1065.24,1000.85,40.0973,33.4384,39.9463,88.9217
3.012,19.9911,24.1044,27.6195,1066,1001.57,40.0965,33.458,39.9482,88.9217
3.013,19.9971,24.1026,27.6063,1066.76,1002.3,40.0956,33.4775,39.9501,88.9217
3.014,20.0031,24.1008,27.5932,1067.52,1003.02,40.0948,33.497,39.952,88.9217
3.015,20.0091,24.0991,27.5801,1068.29,1003.75,40.0939,33.5165,39.9538,88.9217
3.016,20.0151,24.0974,27.567,1069.05,1004.48,40.093,33.536,39.9556,88.9217
3.017,20.0212,24.0958,27.5541,1069.81,1005.2,40.0921,33.5555,39.9574,88.9217
3.018,20.0273,24.0942,27.5411,1070.58,1005.93,40.0911,33.5749,39.9592,88.9216
3.019,20.0333,24.0927,27.5282,1071.34,1006.66,40.0901,33.5944,39.9609,88.9216
3.02,20.0394,24.0912,27.5154,1072.1,1007.39,40.0891,33.6138,39.9626,88.9216
3.021,20.0455,24.0898,27.5026,1072.87,1008.12,40.0881,33.6332,39.9642,88.9216
3.022,20.0517,24.0884,27.4898,1073.63,1008.85,40.0871,33.6526,39.9659,88.9216
3.023,20.0578,24.0871,27.4771,1074.39,1009.58,40.086,33.672,39.9675,88.9216
3.024,20.064,24.0858,27.4645,1075.16,1010.31,40.0849,33.6914,39.969,88.9216
3.025,20.0701,24.0845,27.4519,1075.92,1011.05,40.0838,33.7107,39.9706,88.9216
3.026,20.0763,24.0833,27.4394,1076.69,1011.78,40.0827,33.7301,39.9721,88.9216
3.027,20.0825,24.0822,27.4269,1077.45,1012.51,40.0815,33.7494,39.9736,88.9216
3.028,20.0887,24.0811,27.4144,1078.22,1013.25,40.0803,33.7687,39.975,88.9216
3.029,20.0949,24.08,27.402,1078.99,1013.98,40.0791,33.788,39.9764,88.9216
3.03,20.1011,24.079,27.3897,1079.75,1014.71,40.0779,33.8073,39.9778,88.9216
3.031,20.1074,24.078,27.3774,1080.52,1015.45,40.0766,33.8265,39.9792,88.9215
3.032,20.1136,24.0771,27.3652,1081.28,1016.18,40.0754,33.8458,39.9805,88.9215
3.033,20.1199,24.0762,27.353,1082.05,1016.92,40.0741,33.865,39.9819,88.9215
3.034,20.1262,24.0754,27.3409,1082.82,1017.66,40.0727,33.8842,39.9831,88.9215
3.035,20.1325,24.0746,27.3288,1083.58,1018.39,40.0714,33.9034,39.9844,88.9215
3.036,20.1388,24.0739,27.3168,1084.35,1019.13,40.07,33.9226,39.9856,88.9215
3.037,20.1451,24.0732,27.3048,1085.12,1019.87,40.0686,33.9417,39.9868,88.9215
3.038,20.1514,24.0725,27.2929,1085.89,1020.61,40.0672,33.9609,39.988,88.9215
3.039,20.1578,24.0719,27.281,1086.65,1021.35,40.0658,33.98,39.9891,88.9215
3.04,20.1641,24.0714,27.2692,1087.42,1022.09,40.0643,33.9991,39.9902,88.9215
3.041,20.1705,24.0709,27.2575,1088.19,1022.83,40.0628,34.0182,39.9913,88.9215
3.042,20.1769,24.0704,27.2458,1088.96,1023.57,40.0613,34.0372,39.9924,88.9215
3.043,20.1832,24.07,27.2341,1089.73,1024.31,40.0598,34.0563,39.9934,88.9215
3.044,20.1896,24.0696,27.2225,1090.49,1025.05,40.0583,34.0753,39.9944,88.9214
3.045,20.196,24.0693,27.211,1091.26,1025.79,40.0567,34.0943,39.9954,88.9214
3.046,20.2025,24.069,27.1995,1092.03,1026.53,40.0551,34.1133,39.9963,88.9214
3.047,20.2089,24.0688,27.188,1092.8,1027.28,40.0535,34.1323,39.9972,88.9214
3.048,20.2153,24.0686,27.1766,1093.57,1028.02,40.0519,34.1513,39.9981,88.9214
3.049,20.2218,24.0685,27.1653,1094.34,1028.76,40.0502,34.1702,39.999,88.9214
3.05,20.2282,24.0684,27.154,1095.11,1029.51,40.0485,34.1891,39.9998,88.9214
3.051,20.2347,24.0683,27.1428,1095.88,1030.25,40.0468,34.2081,40.0006,88.9214
3.052,20.2412,24.0683,27.1317,1096.65,1031,40.0451,34.2269,40.0014,88.9214
3.053,20.2477,24.0684,27.1205,1097.42,1031.74,40.0434,34.2458,40.0022,88.9214
3.054,20.2542,24.0684,27.1095,1098.19,1032.49,40.0416,34.2646,40.0029,88.9214
3.055,20.2607,24.0686,27.0985,1098.96,1033.24,40.0398,34.2835,40.0036,88.9214
3.056,20.2672,24.0688,27.0875,1099.73,1033.98,40.038,34.3023,40.0043,88.9214
3.057,20.2737,24.069,27.0766,1100.5,1034.73,40.0362,34.3211,40.0049,88.9214
3.058,20.2803,24.0693,27.0658,1101.27,1035.48,40.0343,34.3398,40.0055,88.9213
3.059,20.2868,24.0696,27.055,1102.04,1036.23,40.0325,34.3586,40.0061,88.9213
3.06,20.2934,24.0699,27.0443,1102.81,1036.98,40.0306,34.3773,40.0067,88.9213
3.061,20.2999,24.0703,27.0336,1103.58,1037.73,40.0287,34.396,40.0072,88.9213
3.062,20.3065,24.0708,27.023,1104.35,1038.48,40.0267,34.4147,40.0077,88.9213
3.063,20.3131,24.0713,27.0125,1105.12,1039.23,40.0248,34.4334,40.0082,88.9213
3.064,20.3197,24.0718,27.002,1105.89,1039.98,40.0228,34.452,40.0086,88.9213
3.065,20.3263,24.0724,26.9915,1106.66,1040.73,40.0208,34.4706,40.0091,88.9213
3.066,20.3329,24.073,26.9811,1107.43,1041.48,40.0188,34.4892,40.0095,88.9213
3.067,20.3395,24.0737,26.9708,1108.21,1042.23,40.0167,34.5078,40.0099,88.9213
3.068,20.3461,24.0744,26.9605,1108.98,1042.98,40.0147,34.5264,40.0102,88.9213
3.069,20.3528,24.0752,26.9503,1109.75,1043.74,40.0126,34.5449,40.0105,88.9213
3.07,20.3594,24.076,26.9401,1110.52,1044.49,40.0105,34.5634,40.0108,88.9213
3.071,20.366,24.0769,26.93,1111.29,1045.24,40.0084,34.5819,40.0111,88.9213
3.072,20.3727,24.0778,26.92,1112.06,1046,40.0063,34.6004,40.0113,88.9213
3.073,20.3794,24.0787,26.91,1112.83,1046.75,40.0041,34.6188,40.0116,88.9213
3.074,20.386,24.0797,26.9001,1113.61,1047.5,40.0019,34.6373,40.0117,88.9212
3.075,20.3927,24.0808,26.8902,1114.38,1048.26,39.9997,34.6557,40.0119,88.9212
3.076,20.3994,24.0819,26.8804,1115.15,1049.01,39.9975,34.6741,40.012,88.9212
3.077,20.4061,24.083,26.8706,1115.92,1049.77,39.9953,34.6924,40.0122,88.9212
3.078,20.4128,24.0842,26.8609,1116.69,1050.53,39.993,34.7108,40.0122,88.9212
3.079,20.4195,24.0854,26.8513,1117.46,1051.28,39.9907,34.7291,40.0123,88.9212
3.08,20.4262,24.0866,26.8417,1118.24,1052.04,39.9884,34.7474,40.0123,88.9212
3.081,20.4329,24.0879,26.8321,1119.01,1052.8,39.9861,34.7656,40.0124,88.9212
3.082,20.4396,24.0893,26.8227,1119.78,1053.55,39.9838,34.7839,40.0123,88.9212
3.083,20.4463,24.0907,26.8133,1120.55,1054.31,39.9814,34.8021,40.0123,88.9212
3.084,20.4531,24.0921,26.8039,1121.32,1055.07,39.979,34.8203,40.0122,88.9212
3.085,20.4598,24.0936,26.7946,1122.1,1055.83,39.9767,34.8385,40.0121,88.9212
3.086,20.4666,24.0951,26.7854,1122.87,1056.59,39.9742,34.8567,40.012,88.9212
3.087,20.4733,24.0967,26.7762,1123.64,1057.35,39.9718,34.8748,40.0119,88.9212
3.088,20.4801,24.0983,26.7671,1124.41,1058.11,39.9694,34.8929,40.0117,88.9212
3.089,20.4868,24.1,26.758,1125.18,1058.87,39.9669,34.911,40.0115,88.9212
3.09,20.4936,24.1017,26.749,1125.96,1059.63,39.9644,34.929,40.0113,88.9212
3.091,20.5004,24.1034,26.7401,1126.73,1060.39,39.9619,34.9471,40.0111,88.9211
3.092,20.5071,24.1052,26.7312,1127.5,1061.15,39.9594,34.9651,40.0108,88.9211
3.093,20.5139,24.1071,26.7223,1128.27,1061.91,39.9568,34.9831,40.0105,88.9211
3.094,20.5207,24.1089,26.7136,1129.04,1062.67,39.9542,35.001,40.0102,88.9211
3.095,20.5275,24.1109,26.7049,1129.82,1063.43,39.9517,35.019,40.0099,88.9211
3.096,20.5343,24.1128,26.6962,1130.59,1064.2,39.9491,35.0369,40.0095,88.9211
3.097,20.5411,24.1148,26.6876,1131.36,1064.96,39.9464,35.0548,40.0091,88.9211
3.098,20.5479,24.1169,26.6791,1132.13,1065.72,39.9438,35.0727,40.0087,88.9211
3.099,20.5547,24.119,26.6706,1132.9,1066.48,39.9411,35.0905,40.0082,88.9211
3.1,20.5615,24.1211,26.6622,1133.68,1067.25,39.9385,35.1083,40.0078,88.9211
3.101,20.5683,24.1233,26.6539,1134.45,1068.01,39.9358,35.1261,40.0073,88.9211
3.102,20.5751,24.1255,26.6456,1135.22,1068.77,39.9331,35.1439,40.0068,88.9211
3.103,20.582,24.1278,26.6374,1135.99,1069.54,39.9303,35.1616,40.0062,88.9211
3.104,20.5888,24.1301,26.6292,1136.76,1070.3,39.9276,35.1793,40.0057,88.9211
3.105,20.5956,24.1325,26.6211,1137.53,1071.07,39.9248,35.197,40.0051,88.9211
3.106,20.6024,24.1349,26.613,1138.31,1071.83,39.922,35.2147,40.0045,88.9211
3.107,20.6093,24.1373,26.6051,1139.08,1072.6,39.9192,35.2323,40.0039,88.9211
3.108,20.6161,24.1398,26.5971,1139.85,1073.36,39.9164,35.2499,40.0032,88.9211
3.109,20.623,24.1423,26.5893,1140.62,1074.13,39.9136,35.2675,40.0025,88.921
3.11,20.6298,24.1449,26.5815,1141.39,1074.89,39.9107,35.2851,40.0018,88.921
3.111,20.6366,24.1475,26.5737,1142.17,1075.66,39.9078,35.3026,40.0011,88.921
3.112,20.6435,24.1502,26.566,1142.94,1076.43,39.9049,35.3201,40.0003,88.921
3.113,20.6503,24.1529,26.5584,1143.71,1077.19,39.902,35.3376,39.9996,88.921
3.114,20.6572,24.1556,26.5509,1144.48,1077.96,39.8991,35.3551,39.9988,88.921
3.115,20.664,24.1584,26.5434,1145.25,1078.73,39.8962,35.3725,39.9979,88.921
3.116,20.6709,24.1612,26.5359,1146.02,1079.5,39.8932,35.3899,39.9971,88.921
3.117,20.6778,24.1641,26.5285,1146.79,1080.26,39.8902,35.4073,39.9962,88.921
3.118,20.6846,24.167,26.5212,1147.56,1081.03,39.8872,35.4246,39.9953,88.921
3.119,20.6915,24.17,26.514,1148.34,1081.8,39.8842,35.4419,39.9944,88.921
3.12,20.6983,24.173,26.5068,1149.11,1082.57,39.8812,35.4592,39.9935,88.921
3.121,20.7052,24.176,26.4996,1149.88,1083.33,39.8782,35.4765,39.9925,88.921
3.122,20.7121,24.1791,26.4926,1150.65,1084.1,39.8751,35.4938,39.9915,88.921
3.123,20.7189,24.1822,26.4856,1151.42,1084.87,39.872,35.511,39.9905,88.921
3.124,20.7258,24.1854,26.4786,1152.19,1085.64,39.8689,35.5282,39.9895,88.921
3.125,20.7327,24.1886,26.4717,1152.96,1086.41,39.8658,35.5453,39.9885,88.921
3.126,20.7395,24.1918,26.4649,1153.73,1087.18,39.8627,35.5624,39.9874,88.921
3.127,20.7464,24.1951,26.4581,1154.5,1087.95,39.8596,35.5795,39.9863,88.921
3.128,20.7533,24.1984,26.4515,1155.27,1088.72,39.8564,35.5966,39.9852,88.921
3.129,20.7601,24.2018,26.4448,1156.04,1089.49,39.8532,35.6137,39.984,88.9209
3.13,20.767,24.2052,26.4382,1156.81,1090.26,39.85,35.6307,39.9829,88.9209
3.131,20.7739,24.2087,26.4317,1157.58,1091.03,39.8468,35.6477,39.9817,88.9209
3.132,20.7807,24.2122,26.4253,1158.36,1091.8,39.8436,35.6647,39.9805,88.9209
3.133,20.7876,24.2157,26.4189,1159.13,1092.57,39.8404,35.6816,39.9792,88.9209
3.134,20.7945,24.2193,26.4126,1159.9,1093.34,39.8371,35.6985,39.978,88.9209
3.135,20.8013,24.2229,26.4063,1160.67,1094.11,39.8338,35.7154,39.9767,88.9209
3.136,20.8082,24.2265,26.4001,1161.44,1094.88,39.8305,35.7322,39.9754,88.9209
3.137,20.815,24.2302,26.394,1162.21,1095.65,39.8272,35.749,39.9741,88.9209
3.138,20.8219,24.234,26.3879,1162.98,1096.42,39.8239,35.7658,39.9727,88.9209
3.139,20.8288,24.2378,26.3819,1163.75,1097.19,39.8206,35.7826,39.9714,88.9209
3.14,20.8356,24.2416,26.3759,1164.52,1097.96,39.8172,35.7993,39.97,88.9209
3.141,20.8425,24.2454,26.37,1165.28,1098.74,39.8139,35.8161,39.9686,88.9209
3.142,20.8494,24.2493,26.3642,1166.05,1099.51,39.8105,35.8327,39.9671,88.9209
3.143,20.8562,24.2533,26.3585,1166.82,1100.28,39.8071,35.8494,39.9657,88.9209
3.144,20.8631,24.2572,26.3528,1167.59,1101.05,39.8037,35.866,39.9642,88.9209
3.145,20.8699,24.2613,26.3471,1168.36,1101.82,39.8003,35.8826,39.9627,88.9209
3.146,20.8768,24.2653,26.3415,1169.13,1102.59,39.7968,35.8992,39.9612,88.9209
3.147,20.8836,24.2694,26.336,1169.9,1103.36,39.7934,35.9157,39.9597,88.9209
3.148,20.8905,24.2736,26.3306,1170.67,1104.14,39.7899,35.9322,39.9581,88.9209
3.149,20.8973,24.2777,26.3252,1171.44,1104.91,39.7864,35.9487,39.9565,88.9209
3.15,20.9041,24.282,26.3199,1172.21,1105.68,39.7829,35.9651,39.9549,88.9209
3.151,20.911,24.2862,26.3146,1172.98,1106.45,39.7794,35.9815,39.9533,88.9208
3.152,20.9178,24.2905,26.3094,1173.75,1107.23,39.7759,35.9979,39.9517,88.9208
3.153,20.9247,24.2949,26.3043,1174.51,1108,39.7723,36.0143,39.95,88.9208
3.154,20.9315,24.2992,26.2992,1175.28,1108.77,39.7688,36.0306,39.9483,88.9208
3.155,20.9383,24.3036,26.2942,1176.05,1109.54,39.7652,36.0469,39.9466,88.9208
3.156,20.9451,24.3081,26.2893,1176.82,1110.31,39.7616,36.0632,39.9449,88.9208
3.157,20.952,24.3126,26.2844,1177.59,1111.09,39.758,36.0794,39.9432,88.9208
3.158,20.9588,24.3171,26.2796,1178.36,1111.86,39.7544,36.0956,39.9414,88.9208
3.159,20.9656,24.3217,26.2749,1179.13,1112.63,39.7507,36.1118,39.9396,88.9208
3.16,20.9724,24.3263,26.2702,1179.89,1113.41,39.7471,36.1279,39.9378,88.9208
3.161,20.9792,24.3309,26.2656,1180.66,1114.18,39.7434,36.144,39.936,88.9208
3.162,20.986,24.3356,26.261,1181.43,1114.95,39.7398,36.1601,39.9341,88.9208
3.163,20.9928,24.3403,26.2565,1182.2,1115.72,39.7361,36.1762,39.9323,88.9208
3.164,20.9996,24.3451,26.2521,1182.97,1116.5,39.7324,36.1922,39.9304,88.9208
3.165,21.0064,24.3499,26.2477,1183.73,1117.27,39.7287,36.2082,39.9285,88.9208
3.166,21.0132,24.3547,26.2434,1184.5,1118.04,39.7249,36.2241,39.9265,88.9208
3.167,21.02,24.3596,26.2392,1185.27,1118.81,39.7212,36.2401,39.9246,88.9208
3.168,21.0268,24.3645,26.235,1186.04,1119.59,39.7174,36.256,39.9226,88.9208
3.169,21.0335,24.3695,26.2309,1186.8,1120.36,39.7137,36.2718,39.9206,88.9208
3.17,21.0403,24.3745,26.2268,1187.57,1121.13,39.7099,36.2877,39.9186,88.9208
3.171,21.0471,24.3795,26.2228,1188.34,1121.91,39.7061,36.3035,39.9166,88.9208
3.172,21.0538,24.3846,26.2189,1189.11,1122.68,39.7023,36.3192,39.9146,88.9208
3.173,21.0606,24.3897,26.2151,1189.87,1123.45,39.6985,36.335,39.9125,88.9208
3.174,21.0673,24.3948,26.2113,1190.64,1124.22,39.6946,36.3507,39.9104,88.9208
3.175,21.0741,24.4,26.2076,1191.41,1125,39.6908,36.3664,39.9083,88.9208
3.176,21.0808,24.4052,26.2039,1192.17,1125.77,39.6869,36.382,39.9062,88.9207
3.177,21.0875,24.4104,26.2003,1192.94,1126.54,39.683,36.3976,39.904,88.9207
3.178,21.0942,24.4157,26.1968,1193.71,1127.31,39.6791,36.4132,39.9019,88.9207
3.179,21.101,24.421,26.1933,1194.48,1128.09,39.6752,36.4288,39.8997,88.9207
3.18,21.1077,24.4264,26.1899,1195.24,1128.86,39.6713,36.4443,39.8975,88.9207
3.181,21.1144,24.4318,26.1865,1196.01,1129.63,39.6674,36.4598,39.8953,88.9207
3.182,21.1211,24.4372,26.1833,1196.78,1130.4,39.6635,36.4752,39.893,88.9207
3.183,21.1278,24.4427,26.18,1197.54,1131.18,39.6595,36.4907,39.8908,88.9207
3.184,21.1345,24.4482,26.1769,1198.31,1131.95,39.6556,36.5061,39.8885,88.9207
3.185,21.1411,24.4537,26.1738,1199.08,1132.72,39.6516,36.5214,39.8862,88.9207
3.186,21.1478,24.4593,26.1708,1199.84,1133.49,39.6476,36.5367,39.8839,88.9207
3.187,21.1545,24.4649,26.1678,1200.61,1134.27,39.6436,36.552,39.8816,88.9207
3.188,21.1612,24.4705,26.1649,1201.38,1135.04,39.6396,36.5673,39.8792,88.9207
3.189,21.1678,24.4762,26.1621,1202.14,1135.81,39.6355,36.5825,39.8768,88.9207
3.19,21.1745,24.4819,26.1593,1202.91,1136.58,39.6315,36.5977,39.8744,88.9207
3.191,21.1811,24.4877,26.1566,1203.68,1137.36,39.6275,36.6129,39.872,88.9207
3.192,21.1877,24.4935,26.154,1204.44,1138.13,39.6234,36.628,39.8696,88.9207
3.193,21.1943,24.4993,26.1514,1205.21,1138.9,39.6193,36.6431,39.8672,88.9207
3.194,21.201,24.5051,26.1489,1205.98,1139.67,39.6152,36.6582,39.8647,88.9207
3.195,21.2076,24.511,26.1465,1206.74,1140.44,39.6111,36.6732,39.8622,88.9207
3.196,21.2142,24.517,26.1441,1207.51,1141.21,39.607,36.6883,39.8597,88.9207
3.197,21.2208,24.5229,26.1418,1208.27,1141.99,39.6029,36.7032,39.8572,88.9207
3.198,21.2273,24.5289,26.1395,1209.04,1142.76,39.5988,36.7182,39.8547,88.9207
3.199,21.2339,24.5349,26.1374,1209.81,1143.53,39.5946,36.7331,39.8521,88.9207
3.2,21.2405,24.541,26.1352,1210.57,1144.3,39.5905,36.7479,39.8496,88.9207
3.201,21.2471,24.5471,26.1332,1211.34,1145.07,39.5863,36.7628,39.847,88.9207
3.202,21.2536,24.5532,26.1312,1212.11,1145.84,39.5821,36.7776,39.8444,88.9207
3.203,21.2601,24.5594,26.1292,1212.87,1146.61,39.5779,36.7924,39.8418,88.9207
3.204,21.2667,24.5656,26.1274,1213.64,1147.39,39.5737,36.8071,39.8391,88.9207
3.205,21.2732,24.5718,26.1256,1214.4,1148.16,39.5695,36.8218,39.8365,88.9206
3.206,21.2797,24.5781,26.1238,1215.17,1148.93,39.5653,36.8365,39.8338,88.9206
3.207,21.2862,24.5844,26.1222,1215.94,1149.7,39.5611,36.8511,39.8311,88.9206
3.208,21.2927,24.5907,26.1206,1216.7,1150.47,39.5568,36.8657,39.8284,88.9206
3.209,21.2992,24.5971,26.119,1217.47,1151.24,39.5526,36.8803,39.8257,88.9206
3.21,21.3057,24.6035,26.1175,1218.24,1152.01,39.5483,36.8948,39.8229,88.9206
3.211,21.3122,24.6099,26.1161,1219,1152.78,39.544,36.9093,39.8202,88.9206
3.212,21.3186,24.6164,26.1148,1219.77,1153.55,39.5397,36.9238,39.8174,88.9206
3.213,21.3251,24.6229,26.1135,1220.53,1154.32,39.5354,36.9382,39.8146,88.9206
3.214,21.3315,24.6294,26.1123,1221.3,1155.09,39.5311,36.9526,39.8118,88.9206
3.215,21.3379,24.636,26.1111,1222.07,1155.86,39.5268,36.967,39.809,88.9206
3.216,21.3444,24.6426,26.11,1222.83,1156.63,39.5225,36.9814,39.8061,88.9206
3.217,21.3508,24.6492,26.109,1223.6,1157.4,39.5181,36.9957,39.8033,88.9206
3.218,21.3572,24.6558,26.108,1224.37,1158.17,39.5138,37.0099,39.8004,88.9206
3.219,21.3636,24.6625,26.1071,1225.13,1158.94,39.5094,37.0242,39.7975,88.9206
3.22,21.3699,24.6693,26.1063,1225.9,1159.71,39.5051,37.0384,39.7946,88.9206
3.221,21.3763,24.676,26.1055,1226.67,1160.48,39.5007,37.0525,39.7917,88.9206
3.222,21.3827,24.6828,26.1048,1227.43,1161.25,39.4963,37.0667,39.7887,88.9206
3.223,21.389,24.6896,26.1042,1228.2,1162.02,39.4919,37.0808,39.7858,88.9206
3.224,21.3953,24.6965,26.1036,1228.97,1162.79,39.4875,37.0948,39.7828,88.9206
3.225,21.4017,24.7033,26.1031,1229.73,1163.56,39.4831,37.1089,39.7798,88.9206
3.226,21.408,24.7102,26.1026,1230.5,1164.33,39.4786,37.1228,39.7768,88.9206
3.227,21.4143,24.7172,26.1022,1231.27,1165.09,39.4742,37.1368,39.7738,88.9206
3.228,21.4206,24.7242,26.1019,1232.04,1165.86,39.4697,37.1507,39.7707,88.9206
3.229,21.4268,24.7312,26.1016,1232.8,1166.63,39.4653,37.1646,39.7677,88.9206
3.23,21.4331,24.7382,26.1014,1233.57,1167.4,39.4608,37.1785,39.7646,88.9206
3.231,21.4394,24.7452,26.1013,1234.34,1168.17,39.4563,37.1923,39.7615,88.9206
3.232,21.4456,24.7523,26.1012,1235.11,1168.94,39.4518,37.2061,39.7584,88.9206
3.233,21.4518,24.7595,26.1012,1235.87,1169.7,39.4473,37.2199,39.7553,88.9206
3.234,21.4581,24.7666,26.1013,1236.64,1170.47,39.4428,37.2336,39.7522,88.9206
3.235,21.4643,24.7738,26.1014,1237.41,1171.24,39.4383,37.2473,39.749,88.9206
3.236,21.4705,24.781,26.1016,1238.18,1172.01,39.4338,37.2609,39.7459,88.9206
3.237,21.4766,24.7882,26.1018,1238.94,1172.78,39.4293,37.2745,39.7427,88.9206
3.238,21.4828,24.7955,26.1021,1239.71,1173.54,39.4247,37.2881,39.7395,88.9205
3.239,21.489,24.8028,26.1025,1240.48,1174.31,39.4202,37.3017,39.7363,88.9205
3.24,21.4951,24.8101,26.1029,1241.25,1175.08,39.4156,37.3152,39.7331,88.9205
3.241,21.5013,24.8175,26.1034,1242.02,1175.85,39.411,37.3286,39.7298,88.9205
3.242,21.5074,24.8249,26.104,1242.78,1176.61,39.4064,37.3421,39.7266,88.9205
3.243,21.5135,24.8323,26.1046,1243.55,1177.38,39.4019,37.3555,39.7233,88.9205
3.244,21.5196,24.8398,26.1053,1244.32,1178.15,39.3973,37.3689,39.72,88.9205
3.245,21.5257,24.8472,26.1061,1245.09,1178.91,39.3927,37.3822,39.7167,88.9205
3.246,21.5317,24.8547,26.1069,1245.86,1179.68,39.388,37.3955,39.7134,88.9205
3.247,21.5378,24.8623,26.1078,1246.63,1180.45,39.3834,37.4088,39.7101,88.9205
3.248,21.5438,24.8698,26.1087,1247.4,1181.21,39.3788,37.422,39.7067,88.9205
3.249,21.5499,24.8774,26.1097,1248.17,1181.98,39.3742,37.4352,39.7034,88.9205
3.25,21.5559,24.885,26.1108,1248.94,1182.75,39.3695,37.4484,39.7,88.9205
3.251,21.5619,24.8926,26.1119,1249.71,1183.51,39.3649,37.4615,39.6966,88.9205
3.252,21.5679,24.9003,26.1131,1250.48,1184.28,39.3602,37.4746,39.6932,88.9205
3.253,21.5738,24.908,26.1144,1251.25,1185.04,39.3555,37.4876,39.6898,88.9205
3.254,21.5798,24.9157,26.1157,1252.02,1185.81,39.3508,37.5006,39.6864,88.9205
3.255,21.5857,24.9235,26.1171,1252.79,1186.58,39.3462,37.5136,39.683,88.9205
3.256,21.5917,24.9313,26.1186,1253.56,1187.34,39.3415,37.5266,39.6795,88.9205
3.257,21.5976,24.9391,26.1201,1254.33,1188.11,39.3368,37.5395,39.676,88.9205
3.258,21.6035,24.9469,26.1216,1255.1,1188.87,39.3321,37.5524,39.6726,88.9205
3.259,21.6094,24.9547,26.1233,1255.87,1189.64,39.3273,37.5652,39.6691,88.9205
3.26,21.6152,24.9626,26.125,1256.64,1190.4,39.3226,37.578,39.6655,88.9205
3.261,21.6211,24.9705,26.1267,1257.41,1191.17,39.3179,37.5908,39.662,88.9205
3.262,21.6269,24.9785,26.1286,1258.19,1191.93,39.3131,37.6035,39.6585,88.9205
3.263,21.6328,24.9864,26.1305,1258.96,1192.7,39.3084,37.6162,39.6549,88.9205
3.264,21.6386,24.9944,26.1324,1259.73,1193.46,39.3036,37.6289,39.6514,88.9205
3.265,21.6444,25.0024,26.1344,1260.5,1194.23,39.2989,37.6415,39.6478,88.9205
3.266,21.6502,25.0105,26.1365,1261.27,1194.99,39.2941,37.6541,39.6442,88.9205
3.267,21.6559,25.0185,26.1386,1262.05,1195.76,39.2893,37.6667,39.6406,88.9205
3.268,21.6617,25.0266,26.1408,1262.82,1196.52,39.2845,37.6792,39.637,88.9205
3.269,21.6674,25.0347,26.1431,1263.59,1197.29,39.2797,37.6917,39.6333,88.9205
3.27,21.6731,25.0429,26.1454,1264.37,1198.05,39.2749,37.7041,39.6297,88.9205
3.271,21.6789,25.051,26.1478,1265.14,1198.81,39.2701,37.7165,39.626,88.9205
3.272,21.6845,25.0592,26.1502,1265.91,1199.58,39.2653,37.7289,39.6224,88.9205
3.273,21.6902,25.0674,26.1527,1266.69,1200.34,39.2605,37.7413,39.6187,88.9205
3.274,21.6959,25.0757,26.1553,1267.46,1201.11,39.2557,37.7536,39.615,88.9205
3.275,21.7015,25.0839,26.1579,1268.24,1201.87,39.2508,37.7658,39.6113,88.9205
3.276,21.7072,25.0922,26.1606,1269.01,1202.64,39.246,37.7781,39.6076,88.9205
3.277,21.7128,25.1005,26.1634,1269.79,1203.4,39.2412,37.7903,39.6038,88.9205
3.278,21.7184,25.1089,26.1662,1270.56,1204.16,39.2363,37.8024,39.6001,88.9204
3.279,21.7239,25.1172,26.1691,1271.34,1204.93,39.2315,37.8146,39.5963,88.9204
3.28,21.7295,25.1256,26.172,1272.11,1205.69,39.2266,37.8266,39.5926,88.9204
3.281,21.7351,25.134,26.175,1272.89,1206.45,39.2217,37.8387,39.5888,88.9204
3.282,21.7406,25.1424,26.1781,1273.67,1207.22,39.2168,37.8507,39.585,88.9204
3.283,21.7461,25.1509,26.1812,1274.44,1207.98,39.212,37.8627,39.5812,88.9204
3.284,21.7516,25.1594,26.1844,1275.22,1208.75,39.2071,37.8746,39.5774,88.9204
3.285,21.7571,25.1679,26.1876,1276,1209.51,39.2022,37.8866,39.5735,88.9204
3.286,21.7625,25.1764,26.1909,1276.77,1210.27,39.1973,37.8984,39.5697,88.9204
3.287,21.768,25.1849,26.1943,1277.55,1211.04,39.1924,37.9103,39.5658,88.9204
3.288,21.7734,25.1935,26.1977,1278.33,1211.8,39.1874,37.9221,39.5619,88.9204
3.289,21.7788,25.2021,26.2012,1279.11,1212.56,39.1825,37.9338,39.5581,88.9204
3.29,21.7842,25.2107,26.2048,1279.89,1213.33,39.1776,37.9456,39.5542,88.9204
3.291,21.7896,25.2193,26.2084,1280.67,1214.09,39.1727,37.9573,39.5503,88.9204
3.292,21.795,25.228,26.212,1281.45,1214.85,39.1677,37.9689,39.5464,88.9204
3.293,21.8003,25.2366,26.2158,1282.23,1215.62,39.1628,37.9805,39.5424,88.9204
3.294,21.8056,25.2453,26.2195,1283.01,1216.38,39.1578,37.9921,39.5385,88.9204
3.295,21.8109,25.254,26.2234,1283.79,1217.14,39.1529,38.0037,39.5345,88.9204
3.296,21.8162,25.2628,26.2273,1284.57,1217.91,39.1479,38.0152,39.5306,88.9204
3.297,21.8215,25.2715,26.2313,1285.35,1218.67,39.1429,38.0267,39.5266,88.9204
3.298,21.8267,25.2803,26.2353,1286.13,1219.43,39.138,38.0381,39.5226,88.9204
3.299,21.832,25.2891,26.2394,1286.91,1220.2,39.133,38.0495,39.5186,88.9204
3.3,21.8372,25.2979,26.2435,1287.69,1220.96,39.128,38.0609,39.5146,88.9204
3.301,21.8424,25.3068,26.2477,1288.47,1221.72,39.123,38.0722,39.5106,88.9204
3.302,21.8476,25.3156,26.252,1289.26,1222.49,39.118,38.0835,39.5066,88.9204
3.303,21.8528,25.3245,26.2563,1290.04,1223.25,39.113,38.0947,39.5025,88.9204
3.304,21.8579,25.3334,26.2607,1290.82,1224.01,39.108,38.106,39.4985,88.9204
3.305,21.863,25.3423,26.2652,1291.61,1224.78,39.103,38.1171,39.4944,88.9204
3.306,21.8681,25.3513,26.2697,1292.39,1225.54,39.098,38.1283,39.4903,88.9204
3.307,21.8732,25.3602,26.2742,1293.17,1226.3,39.093,38.1394,39.4863,88.9204
3.308,21.8783,25.3692,26.2789,1293.96,1227.07,39.088,38.1505,39.4822,88.9204
3.309,21.8833,25.3782,26.2835,1294.74,1227.83,39.0829,38.1615,39.4781,88.9204
3.31,21.8884,25.3872,26.2883,1295.53,1228.59,39.0779,38.1725,39.474,88.9204
3.311,21.8934,25.3963,26.2931,1296.32,1229.36,39.0729,38.1835,39.4698,88.9204
3.312,21.8984,25.4053,26.2979,1297.1,1230.12,39.0678,38.1944,39.4657,88.9204
3.313,21.9034,25.4144,26.3028,1297.89,1230.89,39.0628,38.2053,39.4615,88.9204
3.314,21.9083,25.4235,26.3078,1298.67,1231.65,39.0577,38.2162,39.4574,88.9204
3.315,21.9133,25.4326,26.3129,1299.46,1232.41,39.0527,38.227,39.4532,88.9204
3.316,21.9182,25.4417,26.3179,1300.25,1233.18,39.0476,38.2378,39.449,88.9204
3.317,21.9231,25.4509,26.3231,1301.04,1233.94,39.0426,38.2485,39.4449,88.9204
3.318,21.928,25.46,26.3283,1301.83,1234.7,39.0375,38.2592,39.4407,88.9204
3.319,21.9328,25.4692,26.3336,1302.61,1235.47,39.0324,38.2699,39.4365,88.9204
3.32,21.9377,25.4784,26.3389,1303.4,1236.23,39.0274,38.2805,39.4322,88.9204
3.321,21.9425,25.4876,26.3443,1304.19,1237,39.0223,38.2911,39.428,88.9204
3.322,21.9473,25.4969,26.3497,1304.98,1237.76,39.0172,38.3017,39.4238,88.9204
3.323,21.9521,25.5061,26.3552,1305.77,1238.53,39.0121,38.3122,39.4195,88.9204
3.324,21.9569,25.5154,26.3607,1306.57,1239.29,39.007,38.3227,39.4153,88.9204
3.325,21.9616,25.5247,26.3664,1307.36,1240.06,39.0019,38.3332,39.411,88.9204
3.326,21.9663,25.534,26.372,1308.15,1240.82,38.9968,38.3436,39.4067,88.9204
3.327,21.971,25.5433,26.3777,1308.94,1241.58,38.9917,38.354,39.4025,88.9204
3.328,21.9757,25.5526,26.3835,1309.73,1242.35,38.9866,38.3643,39.3982,88.9203
3.329,21.9804,25.562,26.3894,1310.53,1243.11,38.9815,38.3746,39.3939,88.9203
3.33,21.985,25.5713,26.3953,1311.32,1243.88,38.9764,38.3849,39.3895,88.9203
3.331,21.9896,25.5807,26.4012,1312.11,1244.64,38.9713,38.3951,39.3852,88.9203
3.332,21.9942,25.5901,26.4072,1312.91,1245.41,38.9662,38.4053,39.3809,88.9203
3.333,21.9988,25.5995,26.4133,1313.7,1246.18,38.961,38.4155,39.3766,88.9203
3.334,22.0034,25.609,26.4194,1314.5,1246.94,38.9559,38.4256,39.3722,88.9203
3.335,22.0079,25.6184,26.4256,1315.29,1247.71,38.9508,38.4357,39.3678,88.9203
3.336,22.0125,25.6279,26.4318,1316.09,1248.47,38.9456,38.4458,39.3635,88.9203
3.337,22.017,25.6373,26.4381,1316.89,1249.24,38.9405,38.4558,39.3591,88.9203
3.338,22.0214,25.6468,26.4444,1317.68,1250.01,38.9354,38.4658,39.3547,88.9203
3.339,22.0259,25.6563,26.4508,1318.48,1250.77,38.9302,38.4757,39.3503,88.9203
3.34,22.0303,25.6658,26.4573,1319.28,1251.54,38.9251,38.4856,39.3459,88.9203
3.341,22.0347,25.6754,26.4638,1320.08,1252.31,38.9199,38.4955,39.3415,88.9203
3.342,22.0391,25.6849,26.4704,1320.87,1253.07,38.9148,38.5053,39.3371,88.9203
3.343,22.0435,25.6945,26.477,1321.67,1253.84,38.9096,38.5151,39.3327,88.9203
3.344,22.0479,25.704,26.4837,1322.47,1254.61,38.9045,38.5249,39.3282,88.9203
3.345,22.0522,25.7136,26.4904,1323.27,1255.37,38.8993,38.5346,39.3238,88.9203
3.346,22.0565,25.7232,26.4972,1324.07,1256.14,38.8941,38.5443,39.3193,88.9203
3.347,22.0608,25.7328,26.504,1324.87,1256.91,38.889,38.5539,39.3149,88.9203
3.348,22.0651,25.7425,26.5109,1325.68,1257.68,38.8838,38.5635,39.3104,88.9203
3.349,22.0693,25.7521,26.5179,1326.48,1258.45,38.8786,38.5731,39.3059,88.9203
3.35,22.0736,25.7618,26.5249,1327.28,1259.21,38.8735,38.5826,39.3015,88.9203
3.351,22.0778,25.7714,26.5319,1328.08,1259.98,38.8683,38.5921,39.297,88.9203
3.352,22.0819,25.7811,26.539,1328.89,1260.75,38.8631,38.6016,39.2925,88.9203
3.353,22.0861,25.7908,26.5462,1329.69,1261.52,38.8579,38.611,39.288,88.9203
3.354,22.0903,25.8005,26.5534,1330.49,1262.29,38.8527,38.6204,39.2834,88.9203
3.355,22.0944,25.8102,26.5607,1331.3,1263.06,38.8476,38.6298,39.2789,88.9203
3.356,22.0985,25.8199,26.568,1332.1,1263.83,38.8424,38.6391,39.2744,88.9203
3.357,22.1025,25.8297,26.5754,1332.91,1264.6,38.8372,38.6484,39.2698,88.9203
3.358,22.1066,25.8394,26.5828,1333.71,1265.37,38.832,38.6576,39.2653,88.9203
3.359,22.1106,25.8492,26.5903,1334.52,1266.14,38.8268,38.6669,39.2607,88.9203
3.36,22.1146,25.8589,26.5979,1335.33,1266.91,38.8216,38.676,39.2562,88.9203
3.361,22.1186,25.8687,26.6055,1336.14,1267.68,38.8164,38.6852,39.2516,88.9203
3.362,22.1226,25.8785,26.6131,1336.94,1268.45,38.8112,38.6943,39.247,88.9203
3.363,22.1265,25.8883,26.6208,1337.75,1269.22,38.806,38.7033,39.2424,88.9203
3.364,22.1305,25.8981,26.6286,1338.56,1269.99,38.8008,38.7124,39.2379,88.9203
3.365,22.1344,25.908,26.6364,1339.37,1270.77,38.7956,38.7214,39.2333,88.9203
3.366,22.1382,25.9178,26.6442,1340.18,1271.54,38.7904,38.7303,39.2287,88.9203
3.367,22.1421,25.9276,26.6521,1340.99,1272.31,38.7852,38.7392,39.224,88.9203
3.368,22.1459,25.9375,26.6601,1341.8,1273.08,38.78,38.7481,39.2194,88.9203
3.369,22.1497,25.9474,26.6681,1342.61,1273.86,38.7748,38.757,39.2148,88.9203
3.37,22.1535,25.9572,26.6762,1343.42,1274.63,38.7696,38.7658,39.2102,88.9203
3.371,22.1573,25.9671,26.6843,1344.24,1275.4,38.7643,38.7746,39.2055,88.9203
3.372,22.161,25.977,26.6924,1345.05,1276.18,38.7591,38.7833,39.2009,88.9203
3.373,22.1647,25.9869,26.7007,1345.86,1276.95,38.7539,38.792,39.1962,88.9203
3.374,22.1684,25.9968,26.7089,1346.68,1277.72,38.7487,38.8007,39.1916,88.9203
3.375,22.1721,26.0067,26.7172,1347.49,1278.5,38.7435,38.8093,39.1869,88.9203
3.376,22.1758,26.0167,26.7256,1348.31,1279.27,38.7383,38.8179,39.1822,88.9203
3.377,22.1794,26.0266,26.734,1349.12,1280.05,38.733,38.8264,39.1775,88.9203
3.378,22.183,26.0366,26.7425,1349.94,1280.83,38.7278,38.835,39.1729,88.9203
3.379,22.1866,26.0465,26.751,1350.75,1281.6,38.7226,38.8434,39.1682,88.9203
3.38,22.1901,26.0565,26.7596,1351.57,1282.38,38.7174,38.8519,39.1635,88.9203
3.381,22.1937,26.0664,26.7682,1352.39,1283.15,38.7122,38.8603,39.1588,88.9203
3.382,22.1972,26.0764,26.7769,1353.2,1283.93,38.7069,38.8687,39.154,88.9203
3.383,22.2007,26.0864,26.7856,1354.02,1284.71,38.7017,38.877,39.1493,88.9203
3.384,22.2042,26.0964,26.7944,1354.84,1285.49,38.6965,38.8853,39.1446,88.9203
3.385,22.2076,26.1064,26.8032,1355.66,1286.26,38.6912,38.8936,39.1399,88.9203
3.386,22.211,26.1164,26.8121,1356.48,1287.04,38.686,38.9018,39.1351,88.9203
3.387,22.2144,26.1264,26.821,1357.3,1287.82,38.6808,38.91,39.1304,88.9203
3.388,22.2178,26.1364,26.83,1358.12,1288.6,38.6756,38.9182,39.1257,88.9203
3.389,22.2211,26.1465,26.839,1358.94,1289.38,38.6703,38.9263,39.1209,88.9203
3.39,22.2245,26.1565,26.8481,1359.76,1290.16,38.6651,38.9344,39.1161,88.9203
3.391,22.2278,26.1666,26.8572,1360.58,1290.94,38.6599,38.9424,39.1114,88.9203
3.392,22.2311,26.1766,26.8663,1361.41,1291.72,38.6546,38.9504,39.1066,88.9203
3.393,22.2343,26.1867,26.8755,1362.23,1292.5,38.6494,38.9584,39.1018,88.9203
3.394,22.2376,26.1967,26.8848,1363.05,1293.28,38.6442,38.9663,39.0971,88.9203
3.395,22.2408,26.2068,26.8941,1363.88,1294.06,38.6389,38.9742,39.0923,88.9203
3.396,22.244,26.2168,26.9035,1364.7,1294.85,38.6337,38.9821,39.0875,88.9202
3.397,22.2471,26.2269,26.9129,1365.53,1295.63,38.6285,38.99,39.0827,88.9202
3.398,22.2503,26.237,26.9223,1366.35,1296.41,38.6232,38.9977,39.0779,88.9202
3.399,22.2534,26.2471,26.9318,1367.18,1297.19,38.618,39.0055,39.0731,88.9202
3.4,22.2565,26.2572,26.9414,1368,1297.98,38.6128,39.0132,39.0683,88.9202
3.401,22.2595,26.2673,26.951,1368.83,1298.76,38.6075,39.0209,39.0634,88.9202
3.402,22.2626,26.2774,26.9606,1369.66,1299.55,38.6023,39.0286,39.0586,88.9202
3.403,22.2656,26.2875,26.9703,1370.48,1300.33,38.5971,39.0362,39.0538,88.9202
3.404,22.2686,26.2976,26.98,1371.31,1301.12,38.5919,39.0438,39.049,88.9202
3.405,22.2716,26.3077,26.9898,1372.14,1301.9,38.5866,39.0513,39.0441,88.9202
3.406,22.2745,26.3178,26.9996,1372.97,1302.69,38.5814,39.0588,39.0393,88.9202
3.407,22.2774,26.3279,27.0095,1373.8,1303.48,38.5762,39.0663,39.0344,88.9202
3.408,22.2803,26.3381,27.0194,1374.63,1304.26,38.5709,39.0737,39.0296,88.9202
3.409,22.2832,26.3482,27.0294,1375.46,1305.05,38.5657,39.0812,39.0247,88.9202
3.41,22.2861,26.3583,27.0394,1376.29,1305.84,38.5605,39.0885,39.0199,88.9202
3.411,22.2889,26.3684,27.0494,1377.12,1306.63,38.5552,39.0958,39.015,88.9202
3.412,22.2917,26.3786,27.0595,1377.95,1307.41,38.55,39.1031,39.0101,88.9202
3.413,22.2945,26.3887,27.0697,1378.78,1308.2,38.5448,39.1104,39.0053,88.9202
3.414,22.2973,26.3989,27.0799,1379.62,1308.99,38.5396,39.1176,39.0004,88.9202
3.415,22.3,26.409,27.0901,1380.45,1309.78,38.5343,39.1248,38.9955,88.9202
3.416,22.3027,26.4192,27.1004,1381.28,1310.57,38.5291,39.132,38.9906,88.9202
3.417,22.3054,26.4293,27.1107,1382.12,1311.36,38.5239,39.1391,38.9857,88.9202
3.418,22.308,26.4395,27.1211,1382.95,1312.16,38.5187,39.1462,38.9808,88.9202
3.419,22.3107,26.4496,27.1315,1383.79,1312.95,38.5134,39.1532,38.9759,88.9202
3.42,22.3133,26.4598,27.1419,1384.62,1313.74,38.5082,39.1602,38.971,88.9202
3.421,22.3159,26.4699,27.1524,1385.46,1314.53,38.503,39.1672,38.9661,88.9202
3.422,22.3184,26.4801,27.163,1386.29,1315.33,38.4978,39.1742,38.9612,88.9202
3.423,22.321,26.4902,27.1736,1387.13,1316.12,38.4926,39.1811,38.9563,88.9202
3.424,22.3235,26.5004,27.1842,1387.97,1316.91,38.4873,39.1879,38.9514,88.9202
3.425,22.326,26.5106,27.1949,1388.8,1317.71,38.4821,39.1948,38.9464,88.9202
3.426,22.3284,26.5207,27.2056,1389.64,1318.5,38.4769,39.2016,38.9415,88.9202
3.427,22.3309,26.5309,27.2163,1390.48,1319.3,38.4717,39.2083,38.9366,88.9202
3.428,22.3333,26.541,27.2271,1391.32,1320.09,38.4665,39.2151,38.9317,88.9202
3.429,22.3357,26.5512,27.238,1392.16,1320.89,38.4613,39.2217,38.9267,88.9202
3.43,22.3381,26.5614,27.2489,1393,1321.69,38.4561,39.2284,38.9218,88.9202
3.431,22.3404,26.5715,27.2598,1393.84,1322.49,38.4508,39.235,38.9168,88.9202
3.432,22.3427,26.5817,27.2708,1394.68,1323.28,38.4456,39.2416,38.9119,88.9202
3.433,22.345,26.5919,27.2818,1395.52,1324.08,38.4404,39.2482,38.9069,88.9202
3.434,22.3473,26.602,27.2928,1396.36,1324.88,38.4352,39.2547,38.902,88.9202
3.435,22.3495,26.6122,27.3039,1397.2,1325.68,38.43,39.2612,38.897,88.9202
3.436,22.3517,26.6223,27.3151,1398.04,1326.48,38.4248,39.2676,38.8921,88.9202
3.437,22.3539,26.6325,27.3262,1398.88,1327.28,38.4196,39.274,38.8871,88.9202
3.438,22.3561,26.6427,27.3375,1399.73,1328.08,38.4144,39.2804,38.8821,88.9202
3.439,22.3582,26.6528,27.3487,1400.57,1328.88,38.4092,39.2868,38.8772,88.9202
3.44,22.3604,26.663,27.36,1401.41,1329.68,38.404,39.2931,38.8722,88.9202
3.441,22.3625,26.6731,27.3714,1402.26,1330.49,38.3988,39.2993,38.8672,88.9202
3.442,22.3645,26.6833,27.3827,1403.1,1331.29,38.3937,39.3056,38.8622,88.9202
3.443,22.3666,26.6934,27.3942,1403.94,1332.09,38.3885,39.3118,38.8573,88.9202
3.444,22.3686,26.7036,27.4056,1404.79,1332.9,38.3833,39.3179,38.8523,88.9202
3.445,22.3706,26.7137,27.4171,1405.63,1333.7,38.3781,39.3241,38.8473,88.9202
3.446,22.3726,26.7239,27.4286,1406.48,1334.51,38.3729,39.3302,38.8423,88.9202
3.447,22.3745,26.734,27.4402,1407.32,1335.31,38.3677,39.3362,38.8373,88.9202
3.448,22.3764,26.7442,27.4518,1408.17,1336.12,38.3626,39.3423,38.8323,88.9202
3.449,22.3783,26.7543,27.4635,1409.02,1336.92,38.3574,39.3483,38.8273,88.9202
3.45,22.3802,26.7644,27.4752,1409.86,1337.73,38.3522,39.3542,38.8223,88.9202
3.451,22.3821,26.7746,27.4869,1410.71,1338.54,38.347,39.3602,38.8173,88.9202
3.452,22.3839,26.7847,27.4987,1411.56,1339.35,38.3419,39.366,38.8123,88.9202
3.453,22.3857,26.7948,27.5105,1412.41,1340.16,38.3367,39.3719,38.8073,88.9202
3.454,22.3874,26.8049,27.5223,1413.25,1340.96,38.3315,39.3777,38.8023,88.9202
3.455,22.3892,26.8151,27.5342,1414.1,1341.77,38.3264,39.3835,38.7973,88.9202
3.456,22.3909,26.8252,27.5461,1414.95,1342.58,38.3212,39.3893,38.7923,88.9202
3.457,22.3926,26.8353,27.5581,1415.8,1343.39,38.3161,39.395,38.7872,88.9202
3.458,22.3943,26.8454,27.5701,1416.65,1344.21,38.3109,39.4007,38.7822,88.9202
3.459,22.3959,26.8555,27.5821,1417.5,1345.02,38.3058,39.4063,38.7772,88.9202
3.46,22.3976,26.8656,27.5942,1418.35,1345.83,38.3006,39.4119,38.7722,88.9202
3.461,22.3991,26.8757,27.6063,1419.2,1346.64,38.2955,39.4175,38.7672,88.9202
3.462,22.4007,26.8858,27.6185,1420.05,1347.45,38.2903,39.4231,38.7621,88.9202
3.463,22.4023,26.8959,27.6306,1420.9,1348.27,38.2852,39.4286,38.7571,88.9202
3.464,22.4038,26.9059,27.6428,1421.75,1349.08,38.28,39.4341,38.7521,88.9202
3.465,22.4053,26.916,27.6551,1422.6,1349.9,38.2749,39.4395,38.7471,88.9202
3.466,22.4068,26.9261,27.6674,1423.45,1350.71,38.2698,39.4449,38.742,88.9202
3.467,22.4082,26.9361,27.6797,1424.31,1351.53,38.2646,39.4503,38.737,88.9202
3.468,22.4096,26.9462,27.6921,1425.16,1352.34,38.2595,39.4557,38.732,88.9202
3.469,22.411,26.9562,27.7045,1426.01,1353.16,38.2544,39.461,38.7269,88.9202
3.47,22.4124,26.9663,27.7169,1426.86,1353.98,38.2493,39.4662,38.7219,88.9202
3.471,22.4137,26.9763,27.7293,1427.72,1354.8,38.2441,39.4715,38.7168,88.9202
3.472,22.4151,26.9864,27.7418,1428.57,1355.61,38.239,39.4767,38.7118,88.9202
3.473,22.4164,26.9964,27.7544,1429.42,1356.43,38.2339,39.4819,38.7068,88.9202
3.474,22.4176,27.0064,27.7669,1430.28,1357.25,38.2288,39.487,38.7017,88.9202
3.475,22.4189,27.0164,27.7795,1431.13,1358.07,38.2237,39.4921,38.6967,88.9202
3.476,22.4201,27.0264,27.7922,1431.99,1358.89,38.2186,39.4972,38.6916,88.9202
3.477,22.4213,27.0364,27.8048,1432.84,1359.71,38.2135,39.5022,38.6866,88.9202
3.478,22.4225,27.0464,27.8175,1433.69,1360.54,38.2084,39.5072,38.6815,88.9202
3.479,22.4236,27.0564,27.8303,1434.55,1361.36,38.2033,39.5122,38.6765,88.9202
3.48,22.4247,27.0664,27.843,1435.4,1362.18,38.1982,39.5172,38.6714,88.9202
3.481,22.4258,27.0763,27.8558,1436.26,1363,38.1932,39.5221,38.6664,88.9202
3.482,22.4269,27.0863,27.8687,1437.11,1363.83,38.1881,39.5269,38.6613,88.9202
3.483,22.428,27.0963,27.8815,1437.97,1364.65,38.183,39.5318,38.6563,88.9202
3.484,22.429,27.1062,27.8944,1438.83,1365.48,38.1779,39.5366,38.6512,88.9202
3.485,22.43,27.1161,27.9073,1439.68,1366.3,38.1729,39.5414,38.6462,88.9202
3.486,22.431,27.1261,27.9203,1440.54,1367.13,38.1678,39.5461,38.6411,88.9202
3.487,22.4319,27.136,27.9333,1441.39,1367.95,38.1627,39.5508,38.636,88.9202
3.488,22.4328,27.1459,27.9463,1442.25,1368.78,38.1577,39.5555,38.631,88.9202
3.489,22.4337,27.1558,27.9594,1443.11,1369.6,38.1526,39.5601,38.6259,88.9202
3.49,22.4346,27.1657,27.9725,1443.96,1370.43,38.1476,39.5647,38.6209,88.9202
3.491,22.4354,27.1756,27.9856,1444.82,1371.26,38.1425,39.5693,38.6158,88.9202
3.492,22.4363,27.1855,27.9987,1445.68,1372.09,38.1375,39.5738,38.6108,88.9202
3.493,22.4371,27.1953,28.0119,1446.54,1372.92,38.1324,39.5783,38.6057,88.9202
3.494,22.4378,27.2052,28.0251,1447.39,1373.75,38.1274,39.5828,38.6006,88.9202
3.495,22.4386,27.215,28.0383,1448.25,1374.58,38.1224,39.5873,38.5956,88.9202
3.496,22.4393,27.2249,28.0516,1449.11,1375.41,38.1173,39.5917,38.5905,88.9202
3.497,22.44,27.2347,28.0649,1449.97,1376.24,38.1123,39.596,38.5855,88.9202
3.498,22.4407,27.2445,28.0782,1450.83,1377.07,38.1073,39.6004,38.5804,88.9201
3.499,22.4413,27.2543,28.0916,1451.68,1377.9,38.1023,39.6047,38.5754,88.9201
3.5,22.4419,27.2641,28.105,1452.54,1378.73,38.0973,39.609,38.5703,88.9201
3.501,22.4425,27.2739,28.1184,1453.4,1379.57,38.0923,39.6132,38.5652,88.9201
3.502,22.4431,27.2837,28.1318,1454.26,1380.4,38.0873,39.6174,38.5602,88.9201
3.503,22.4436,27.2935,28.1453,1455.12,1381.23,38.0823,39.6216,38.5551,88.9201
3.504,22.4442,27.3032,28.1588,1455.98,1382.07,38.0773,39.6258,38.5501,88.9201
3.505,22.4447,27.313,28.1723,1456.84,1382.9,38.0723,39.6299,38.545,88.9201
3.506,22.4451,27.3227,28.1859,1457.7,1383.74,38.0673,39.634,38.5399,88.9201
3.507,22.4456,27.3324,28.1995,1458.55,1384.57,38.0623,39.638,38.5349,88.9201
3.508,22.446,27.3421,28.2131,1459.41,1385.41,38.0573,39.642,38.5298,88.9201
3.509,22.4464,27.3518,28.2267,1460.27,1386.25,38.0524,39.646,38.5248,88.9201
3.51,22.4468,27.3615,28.2404,1461.13,1387.08,38.0474,39.65,38.5197,88.9201
3.511,22.4471,27.3712,28.2541,1461.99,1387.92,38.0424,39.6539,38.5146,88.9201
3.512,22.4475,27.3809,28.2678,1462.85,1388.76,38.0375,39.6578,38.5096,88.9201
3.513,22.4478,27.3905,28.2815,1463.71,1389.6,38.0325,39.6616,38.5045,88.9201
3.514,22.448,27.4001,28.2953,1464.57,1390.44,38.0276,39.6655,38.4995,88.9201
3.515,22.4483,27.4098,28.3091,1465.43,1391.27,38.0226,39.6693,38.4944,88.9201
3.516,22.4485,27.4194,28.3229,1466.29,1392.11,38.0177,39.673,38.4894,88.9201
3.517,22.4487,27.429,28.3367,1467.15,1392.95,38.0127,39.6768,38.4843,88.9201
3.518,22.4489,27.4386,28.3506,1468.01,1393.79,38.0078,39.6805,38.4793,88.9201
3.519,22.449,27.4481,28.3645,1468.87,1394.64,38.0029,39.6841,38.4742,88.9201
3.52,22.4492,27.4577,28.3784,1469.73,1395.48,37.998,39.6878,38.4692,88.9201
3.521,22.4493,27.4673,28.3924,1470.59,1396.32,37.993,39.6914,38.4641,88.9201
3.522,22.4493,27.4768,28.4064,1471.45,1397.16,37.9881,39.6949,38.4591,88.9201
3.523,22.4494,27.4863,28.4203,1472.31,1398,37.9832,39.6985,38.454,88.9201
3.524,22.4494,27.4958,28.4344,1473.17,1398.85,37.9783,39.702,38.449,88.9201
3.525,22.4494,27.5053,28.4484,1474.03,1399.69,37.9734,39.7055,38.4439,88.9201
3.526,22.4494,27.5148,28.4625,1474.89,1400.53,37.9685,39.7089,38.4389,88.9201
3.527,22.4494,27.5243,28.4766,1475.75,1401.38,37.9637,39.7123,38.4338,88.9201
3.528,22.4493,27.5337,28.4907,1476.61,1402.22,37.9588,39.7157,38.4288,88.9201
3.529,22.4492,27.5432,28.5048,1477.47,1403.07,37.9539,39.7191,38.4238,88.9201
3.53,22.4491,27.5526,28.519,1478.33,1403.91,37.949,39.7224,38.4187,88.9201
3.531,22.4489,27.562,28.5332,1479.19,1404.76,37.9442,39.7257,38.4137,88.9201
3.532,22.4488,27.5714,28.5474,1480.05,1405.6,37.9393,39.7289,38.4086,88.9201
3.533,22.4486,27.5808,28.5616,1480.91,1406.45,37.9344,39.7321,38.4036,88.9201
3.534,22.4484,27.5901,28.5758,1481.78,1407.3,37.9296,39.7353,38.3986,88.9201
3.535,22.4481,27.5995,28.5901,1482.64,1408.14,37.9247,39.7385,38.3935,88.9201
3.536,22.4479,27.6088,28.6044,1483.5,1408.99,37.9199,39.7416,38.3885,88.9201
3.537,22.4476,27.6181,28.6187,1484.36,1409.84,37.9151,39.7447,38.3835,88.9201
3.538,22.4473,27.6274,28.6331,1485.22,1410.69,37.9102,39.7478,38.3785,88.9201
3.539,22.4469,27.6367,28.6474,1486.08,1411.54,37.9054,39.7508,38.3734,88.9201
3.54,22.4466,27.646,28.6618,1486.94,1412.39,37.9006,39.7539,38.3684,88.9201
3.541,22.4462,27.6553,28.6762,1487.8,1413.23,37.8958,39.7568,38.3634,88.9201
3.542,22.4458,27.6645,28.6906,1488.66,1414.08,37.891,39.7598,38.3584,88.9201
3.543,22.4454,27.6737,28.705,1489.52,1414.93,37.8862,39.7627,38.3533,88.9201
3.544,22.4449,27.6829,28.7195,1490.38,1415.78,37.8814,39.7656,38.3483,88.9201
3.545,22.4444,27.6921,28.734,1491.24,1416.63,37.8766,39.7684,38.3433,88.9201
3.546,22.4439,27.7013,28.7485,1492.1,1417.49,37.8718,39.7713,38.3383,88.9201
3.547,22.4434,27.7105,28.763,1492.96,1418.34,37.867,39.7741,38.3333,88.9201
3.548,22.4428,27.7196,28.7775,1493.82,1419.19,37.8623,39.7768,38.3283,88.9201
3.549,22.4423,27.7287,28.7921,1494.68,1420.04,37.8575,39.7796,38.3233,88.9201
3.55,22.4417,27.7378,28.8067,1495.54,1420.89,37.8527,39.7823,38.3183,88.9201
3.551,22.441,27.7469,28.8213,1496.4,1421.74,37.848,39.7849,38.3133,88.9201
3.552,22.4404,27.756,28.8359,1497.26,1422.6,37.8432,39.7876,38.3083,88.9201
3.553,22.4397,27.7651,28.8505,1498.12,1423.45,37.8385,39.7902,38.3033,88.9201
3.554,22.439,27.7741,28.8651,1498.98,1424.3,37.8338,39.7928,38.2983,88.9201
3.555,22.4383,27.7831,28.8798,1499.84,1425.16,37.829,39.7953,38.2933,88.9201
3.556,22.4376,27.7921,28.8945,1500.7,1426.01,37.8243,39.7979,38.2883,88.9201
3.557,22.4368,27.8011,28.9092,1501.56,1426.86,37.8196,39.8004,38.2833,88.9201
3.558,22.436,27.8101,28.9239,1502.42,1427.72,37.8149,39.8028,38.2783,88.9201
3.559,22.4352,27.819,28.9386,1503.28,1428.57,37.8102,39.8053,38.2733,88.9201
3.56,22.4344,27.8279,28.9534,1504.13,1429.43,37.8054,39.8077,38.2683,88.9201
3.561,22.4335,27.8369,28.9681,1504.99,1430.28,37.8008,39.81,38.2634,88.9201
3.562,22.4326,27.8458,28.9829,1505.85,1431.14,37.7961,39.8124,38.2584,88.9201
3.563,22.4317,27.8546,28.9977,1506.71,1431.99,37.7914,39.8147,38.2534,88.9201
3.564,22.4308,27.8635,29.0125,1507.57,1432.85,37.7867,39.817,38.2484,88.9201
3.565,22.4298,27.8723,29.0274,1508.43,1433.71,37.782,39.8192,38.2435,88.9201
3.566,22.4288,27.8811,29.0422,1509.29,1434.56,37.7774,39.8215,38.2385,88.9201
3.567,22.4278,27.8899,29.0571,1510.15,1435.42,37.7727,39.8237,38.2336,88.9201
3.568,22.4268,27.8987,29.0719,1511.01,1436.28,37.7681,39.8258,38.2286,88.9201
3.569,22.4258,27.9075,29.0868,1511.87,1437.13,37.7634,39.828,38.2236,88.9201
3.57,22.4247,27.9162,29.1017,1512.72,1437.99,37.7588,39.8301,38.2187,88.9201
3.571,22.4236,27.9249,29.1167,1513.58,1438.85,37.7541,39.8322,38.2137,88.9201
3.572,22.4225,27.9337,29.1316,1514.44,1439.7,37.7495,39.8342,38.2088,88.9201
3.573,22.4214,27.9423,29.1465,1515.3,1440.56,37.7449,39.8362,38.2038,88.9201
3.574,22.4202,27.951,29.1615,1516.16,1441.42,37.7403,39.8382,38.1989,88.9201
3.575,22.419,27.9596,29.1765,1517.02,1442.28,37.7357,39.8402,38.194,88.9201
3.576,22.4178,27.9683,29.1914,1517.87,1443.14,37.7311,39.8421,38.189,88.9201
3.577,22.4166,27.9769,29.2064,1518.73,1443.99,37.7265,39.844,38.1841,88.9201
3.578,22.4153,27.9854,29.2215,1519.59,1444.85,37.7219,39.8459,38.1792,88.9201
3.579,22.4141,27.994,29.2365,1520.45,1445.71,37.7173,39.8478,38.1742,88.9201
3.58,22.4128,28.0025,29.2515,1521.3,1446.57,37.7127,39.8496,38.1693,88.9201
3.581,22.4114,28.0111,29.2666,1522.16,1447.43,37.7082,39.8514,38.1644,88.9201
3.582,22.4101,28.0196,29.2816,1523.02,1448.29,37.7036,39.8531,38.1595,88.9201
3.583,22.4087,28.028,29.2967,1523.88,1449.15,37.699,39.8549,38.1546,88.9201
3.584,22.4073,28.0365,29.3118,1524.73,1450.01,37.6945,39.8566,38.1497,88.9201
3.585,22.4059,28.0449,29.3269,1525.59,1450.87,37.6899,39.8583,38.1447,88.9201
3.586,22.4045,28.0533,29.342,1526.45,1451.73,37.6854,39.8599,38.1398,88.9201
3.587,22.403,28.0617,29.3571,1527.31,1452.59,37.6809,39.8615,38.1349,88.9201
3.588,22.4016,28.0701,29.3722,1528.16,1453.44,37.6764,39.8631,38.13,88.9201
3.589,22.4001,28.0785,29.3873,1529.02,1454.3,37.6718,39.8647,38.1252,88.9201
3.59,22.3985,28.0868,29.4025,1529.88,1455.16,37.6673,39.8662,38.1203,88.9201
3.591,22.397,28.0951,29.4177,1530.73,1456.03,37.6628,39.8677,38.1154,88.9201
3.592,22.3954,28.1034,29.4328,1531.59,1456.89,37.6583,39.8692,38.1105,88.9201
3.593,22.3939,28.1116,29.448,1532.45,1457.75,37.6539,39.8707,38.1056,88.9201
3.594,22.3922,28.1199,29.4632,1533.3,1458.61,37.6494,39.8721,38.1008,88.9201
3.595,22.3906,28.1281,29.4784,1534.16,1459.47,37.6449,39.8735,38.0959,88.9201
3.596,22.389,28.1363,29.4936,1535.01,1460.33,37.6404,39.8749,38.091,88.9201
3.597,22.3873,28.1445,29.5088,1535.87,1461.19,37.636,39.8762,38.0862,88.9201
3.598,22.3856,28.1526,29.524,1536.73,1462.05,37.6315,39.8775,38.0813,88.9201
3.599,22.3839,28.1607,29.5392,1537.58,1462.91,37.6271,39.8788,38.0764,88.9201
3.6,22.3821,28.1688,29.5545,1538.44,1463.77,37.6226,39.8801,38.0716,88.9201
3.601,22.3804,28.1769,29.5697,1539.29,1464.63,37.6182,39.8813,38.0668,88.9201
3.602,22.3786,28.185,29.585,1540.15,1465.49,37.6138,39.8825,38.0619,88.9201
3.603,22.3768,28.193,29.6002,1541,1466.35,37.6094,39.8837,38.0571,88.9201
3.604,22.3749,28.201,29.6155,1541.86,1467.21,37.605,39.8848,38.0522,88.9201
3.605,22.3731,28.209,29.6308,1542.71,1468.08,37.6006,39.8859,38.0474,88.9201
3.606,22.3712,28.217,29.6461,1543.57,1468.94,37.5962,39.887,38.0426,88.9201
3.607,22.3693,28.2249,29.6613,1544.42,1469.8,37.5918,39.8881,38.0378,88.9201
3.608,22.3674,28.2328,29.6766,1545.28,1470.66,37.5874,39.8891,38.0329,88.9201
3.609,22.3655,28.2407,29.6919,1546.13,1471.52,37.583,39.8902,38.0281,88.9201
3.61,22.3635,28.2486,29.7072,1546.99,1472.38,37.5787,39.8911,38.0233,88.9201
3.611,22.3615,28.2564,29.7226,1547.84,1473.24,37.5743,39.8921,38.0185,88.9201
3.612,22.3595,28.2643,29.7379,1548.7,1474.1,37.5699,39.893,38.0137,88.9201
3.613,22.3575,28.2721,29.7532,1549.55,1474.97,37.5656,39.8939,38.0089,88.9201
3.614,22.3555,28.2798,29.7685,1550.41,1475.83,37.5613,39.8948,38.0041,88.9201
3.615,22.3534,28.2876,29.7838,1551.26,1476.69,37.5569,39.8957,37.9994,88.9201
3.616,22.3513,28.2953,29.7992,1552.12,1477.55,37.5526,39.8965,37.9946,88.9201
3.617,22.3492,28.303,29.8145,1552.97,1478.41,37.5483,39.8973,37.9898,88.9201
3.618,22.3471,28.3107,29.8299,1553.82,1479.27,37.544,39.8981,37.985,88.9201
3.619,22.345,28.3183,29.8452,1554.68,1480.13,37.5397,39.8988,37.9803,88.9201
3.62,22.3428,28.326,29.8606,1555.53,1480.99,37.5354,39.8995,37.9755,88.9201
3.621,22.3406,28.3336,29.8759,1556.39,1481.86,37.5311,39.9002,37.9707,88.9201
3.622,22.3384,28.3411,29.8913,1557.24,1482.72,37.5268,39.9009,37.966,88.9201
3.623,22.3362,28.3487,29.9067,1558.09,1483.58,37.5226,39.9015,37.9612,88.9201
3.624,22.3339,28.3562,29.922,1558.95,1484.44,37.5183,39.9022,37.9565,88.9201
3.625,22.3317,28.3637,29.9374,1559.8,1485.3,37.514,39.9027,37.9517,88.9201
3.626,22.3294,28.3712,29.9528,1560.65,1486.16,37.5098,39.9033,37.947,88.9201
3.627,22.3271,28.3786,29.9681,1561.51,1487.02,37.5056,39.9038,37.9423,88.9201
3.628,22.3247,28.386,29.9835,1562.36,1487.88,37.5013,39.9044,37.9376,88.9201
3.629,22.3224,28.3934,29.9989,1563.21,1488.74,37.4971,39.9048,37.9328,88.9201
3.63,22.32,28.4008,30.0143,1564.07,1489.61,37.4929,39.9053,37.9281,88.9201
3.631,22.3176,28.4082,30.0296,1564.92,1490.47,37.4887,39.9057,37.9234,88.9201
3.632,22.3152,28.4155,30.045,1565.77,1491.33,37.4845,39.9061,37.9187,88.9201
3.633,22.3128,28.4228,30.0604,1566.63,1492.19,37.4803,39.9065,37.914,88.9201
3.634,22.3104,28.43,30.0758,1567.48,1493.05,37.4761,39.9069,37.9093,88.9201
3.635,22.3079,28.4373,30.0912,1568.33,1493.91,37.4719,39.9072,37.9046,88.9201
3.636,22.3054,28.4445,30.1066,1569.19,1494.77,37.4678,39.9075,37.8999,88.9201
3.637,22.3029,28.4517,30.1219,1570.04,1495.63,37.4636,39.9078,37.8953,88.9201
3.638,22.3004,28.4588,30.1373,1570.89,1496.49,37.4594,39.9081,37.8906,88.9201
3.639,22.2978,28.466,30.1527,1571.75,1497.35,37.4553,39.9083,37.8859,88.9201
3.64,22.2953,28.4731,30.1681,1572.6,1498.21,37.4512,39.9085,37.8813,88.9201
3.641,22.2927,28.4802,30.1835,1573.45,1499.07,37.447,39.9087,37.8766,88.9201
3.642,22.2901,28.4872,30.1989,1574.3,1499.93,37.4429,39.9088,37.8719,88.9201
3.643,22.2874,28.4942,30.2142,1575.16,1500.79,37.4388,39.909,37.8673,88.9201
3.644,22.2848,28.5012,30.2296,1576.01,1501.65,37.4347,39.9091,37.8627,88.9201
3.645,22.2821,28.5082,30.245,1576.86,1502.51,37.4306,39.9091,37.858,88.9201
3.646,22.2795,28.5151,30.2604,1577.72,1503.37,37.4265,39.9092,37.8534,88.9201
3.647,22.2768,28.5221,30.2758,1578.57,1504.23,37.4224,39.9092,37.8488,88.9201
3.648,22.274,28.529,30.2911,1579.42,1505.09,37.4183,39.9092,37.8441,88.9201
3.649,22.2713,28.5358,30.3065,1580.27,1505.95,37.4143,39.9092,37.8395,88.9201
3.65,22.2685,28.5426,30.3219,1581.13,1506.81,37.4102,39.9092,37.8349,88.9201
3.651,22.2658,28.5495,30.3372,1581.98,1507.67,37.4062,39.9091,37.8303,88.9201
3.652,22.263,28.5562,30.3526,1582.83,1508.52,37.4021,39.909,37.8257,88.9201
3.653,22.2602,28.563,30.3679,1583.69,1509.38,37.3981,39.9089,37.8211,88.9201
3.654,22.2573,28.5697,30.3833,1584.54,1510.24,37.3941,39.9087,37.8165,88.9201
3.655,22.2545,28.5764,30.3987,1585.39,1511.1,37.39,39.9086,37.812,88.9201
3.656,22.2516,28.5831,30.414,1586.24,1511.96,37.386,39.9084,37.8074,88.9201
3.657,22.2487,28.5897,30.4293,1587.1,1512.82,37.382,39.9082,37.8028,88.9201
3.658,22.2458,28.5963,30.4447,1587.95,1513.68,37.378,39.9079,37.7982,88.9201
3.659,22.2429,28.6029,30.46,1588.8,1514.53,37.3741,39.9077,37.7937,88.9201
3.66,22.24,28.6095,30.4754,1589.66,1515.39,37.3701,39.9074,37.7891,88.9201
3.661,22.237,28.616,30.4907,1590.51,1516.25,37.3661,39.9071,37.7846,88.9201
3.662,22.234,28.6225,30.506,1591.36,1517.11,37.3622,39.9068,37.7801,88.9201
3.663,22.231,28.6289,30.5213,1592.22,1517.96,37.3582,39.9064,37.7755,88.9201
3.664,22.228,28.6354,30.5366,1593.07,1518.82,37.3543,39.906,37.771,88.9201
3.665,22.225,28.6418,30.5519,1593.92,1519.68,37.3503,39.9056,37.7665,88.9201
3.666,22.2219,28.6482,30.5672,1594.78,1520.54,37.3464,39.9052,37.7619,88.9201
3.667,22.2189,28.6545,30.5825,1595.63,1521.39,37.3425,39.9047,37.7574,88.9201
3.668,22.2158,28.6609,30.5978,1596.48,1522.25,37.3386,39.9043,37.7529,88.9201
3.669,22.2127,28.6671,30.6131,1597.34,1523.11,37.3347,39.9038,37.7484,88.9201
3.67,22.2096,28.6734,30.6284,1598.19,1523.96,37.3308,39.9032,37.7439,88.9201
3.671,22.2064,28.6796,30.6436,1599.04,1524.82,37.3269,39.9027,37.7395,88.9201
3.672,22.2033,28.6859,30.6589,1599.9,1525.68,37.323,39.9021,37.735,88.9201
3.673,22.2001,28.692,30.6741,1600.75,1526.53,37.3192,39.9015,37.7305,88.9201
3.674,22.1969,28.6982,30.6894,1601.61,1527.39,37.3153,39.9009,37.726,88.9201
3.675,22.1937,28.7043,30.7046,1602.46,1528.25,37.3114,39.9003,37.7216,88.9201
3.676,22.1905,28.7104,30.7198,1603.31,1529.1,37.3076,39.8996,37.7171,88.9201
3.677,22.1873,28.7164,30.7351,1604.17,1529.96,37.3038,39.8989,37.7127,88.9201
3.678,22.184,28.7225,30.7503,1605.02,1530.81,37.2999,39.8982,37.7082,88.9201
3.679,22.1807,28.7285,30.7655,1605.88,1531.67,37.2961,39.8975,37.7038,88.9201
3.68,22.1775,28.7344,30.7807,1606.73,1532.52,37.2923,39.8968,37.6994,88.9201
3.681,22.1742,28.7404,30.7959,1607.59,1533.38,37.2885,39.896,37.6949,88.9201
3.682,22.1708,28.7463,30.811,1608.44,1534.23,37.2847,39.8952,37.6905,88.9201
3.683,22.1675,28.7522,30.8262,1609.3,1535.09,37.2809,39.8944,37.6861,88.9201
3.684,22.1641,28.758,30.8414,1610.15,1535.94,37.2772,39.8935,37.6817,88.9201
3.685,22.1608,28.7638,30.8565,1611.01,1536.8,37.2734,39.8927,37.6773,88.9201
3.686,22.1574,28.7696,30.8717,1611.86,1537.65,37.2696,39.8918,37.6729,88.9201
3.687,22.154,28.7754,30.8868,1612.72,1538.51,37.2659,39.8909,37.6685,88.9201
3.688,22.1506,28.7811,30.9019,1613.57,1539.36,37.2622,39.8899,37.6642,88.9201
3.689,22.1471,28.7868,30.917,1614.43,1540.22,37.2584,39.889,37.6598,88.9201
3.69,22.1437,28.7925,30.9321,1615.29,1541.07,37.2547,39.888,37.6554,88.9201
3.691,22.1402,28.7981,30.9472,1616.14,1541.92,37.251,39.887,37.6511,88.9201
3.692,22.1367,28.8037,30.9623,1617,1542.78,37.2473,39.886,37.6467,88.9201
3.693,22.1332,28.8093,30.9773,1617.86,1543.63,37.2436,39.885,37.6424,88.9201
3.694,22.1297,28.8148,30.9924,1618.71,1544.49,37.2399,39.8839,37.638,88.9201
3.695,22.1262,28.8203,31.0074,1619.57,1545.34,37.2362,39.8828,37.6337,88.9201
3.696,22.1227,28.8258,31.0225,1620.43,1546.19,37.2326,39.8817,37.6294,88.9201
3.697,22.1191,28.8313,31.0375,1621.28,1547.05,37.2289,39.8806,37.625,88.9201
3.698,22.1155,28.8367,31.0525,1622.14,1547.9,37.2252,39.8794,37.6207,88.9201
3.699,22.1119,28.8421,31.0675,1623,1548.75,37.2216,39.8783,37.6164,88.9201
3.7,22.1083,28.8474,31.0824,1623.86,1549.6,37.218,39.8771,37.6121,88.9201
3.701,22.1047,28.8528,31.0974,1624.72,1550.46,37.2143,39.8758,37.6078,88.9201
3.702,22.1011,28.8581,31.1124,1625.57,1551.31,37.2107,39.8746,37.6036,88.9201
3.703,22.0974,28.8633,31.1273,1626.43,1552.16,37.2071,39.8734,37.5993,88.9201
3.704,22.0938,28.8686,31.1422,1627.29,1553.01,37.2035,39.8721,37.595,88.9201
3.705,22.0901,28.8738,31.1571,1628.15,1553.87,37.1999,39.8708,37.5907,88.9201
3.706,22.0864,28.8789,31.172,1629.01,1554.72,37.1963,39.8695,37.5865,88.9201
3.707,22.0827,28.8841,31.1869,1629.87,1555.57,37.1928,39.8681,37.5822,88.9201
3.708,22.0789,28.8892,31.2018,1630.73,1556.42,37.1892,39.8668,37.578,88.9201
3.709,22.0752,28.8942,31.2167,1631.59,1557.27,37.1857,39.8654,37.5738,88.9201
3.71,22.0715,28.8993,31.2315,1632.45,1558.13,37.1821,39.864,37.5695,88.9201
3.711,22.0677,28.9043,31.2463,1633.31,1558.98,37.1786,39.8626,37.5653,88.9201
3.712,22.0639,28.9093,31.2611,1634.17,1559.83,37.175,39.8611,37.5611,88.9201
3.713,22.0601,28.9142,31.2759,1635.03,1560.68,37.1715,39.8597,37.5569,88.9201
3.714,22.0563,28.9191,31.2907,1635.89,1561.53,37.168,39.8582,37.5527,88.9201
3.715,22.0525,28.924,31.3055,1636.75,1562.38,37.1645,39.8567,37.5485,88.9201
3.716,22.0487,28.9289,31.3202,1637.61,1563.23,37.161,39.8551,37.5443,88.9201
3.717,22.0448,28.9337,31.335,1638.48,1564.09,37.1575,39.8536,37.5401,88.9201
3.718,22.0409,28.9385,31.3497,1639.34,1564.94,37.1541,39.852,37.536,88.92
3.719,22.0371,28.9432,31.3644,1640.2,1565.79,37.1506,39.8504,37.5318,88.92
3.72,22.0332,28.948,31.3791,1641.06,1566.64,37.1471,39.8488,37.5276,88.92
3.721,22.0293,28.9526,31.3937,1641.93,1567.49,37.1437,39.8472,37.5235,88.92
3.722,22.0253,28.9573,31.4084,1642.79,1568.34,37.1403,39.8456,37.5193,88.92
3.723,22.0214,28.9619,31.423,1643.65,1569.19,37.1368,39.8439,37.5152,88.92
3.724,22.0175,28.9665,31.4376,1644.52,1570.04,37.1334,39.8422,37.5111,88.92
3.725,22.0135,28.9711,31.4522,1645.38,1570.89,37.13,39.8405,37.507,88.92
3.726,22.0095,28.9756,31.4668,1646.25,1571.74,37.1266,39.8388,37.5028,88.92
3.727,22.0056,28.9801,31.4814,1647.11,1572.59,37.1232,39.837,37.4987,88.92
3.728,22.0016,28.9846,31.4959,1647.98,1573.44,37.1198,39.8353,37.4946,88.92
3.729,21.9976,28.989,31.5104,1648.84,1574.29,37.1164,39.8335,37.4905,88.92
3.73,21.9935,28.9934,31.5249,1649.71,1575.15,37.1131,39.8317,37.4865,88.92
3.731,21.9895,28.9978,31.5394,1650.58,1576,37.1097,39.8299,37.4824,88.92
3.732,21.9855,29.0021,31.5539,1651.44,1576.85,37.1064,39.828,37.4783,88.92
3.733,21.9814,29.0064,31.5684,1652.31,1577.7,37.103,39.8262,37.4743,88.92
3.734,21.9773,29.0106,31.5828,1653.18,1578.55,37.0997,39.8243,37.4702,88.92
3.735,21.9732,29.0149,31.5972,1654.04,1579.4,37.0964,39.8224,37.4662,88.92
3.736,21.9691,29.0191,31.6116,1654.91,1580.25,37.0931,39.8204,37.4621,88.92
3.737,21.965,29.0232,31.626,1655.78,1581.1,37.0898,39.8185,37.4581,88.92
3.738,21.9609,29.0274,31.6403,1656.65,1581.95,37.0865,39.8166,37.4541,88.92
3.739,21.9568,29.0315,31.6547,1657.52,1582.8,37.0832,39.8146,37.45,88.92
3.74,21.9526,29.0355,31.669,1658.39,1583.65,37.0799,39.8126,37.446,88.92
3.741,21.9485,29.0396,31.6833,1659.26,1584.5,37.0767,39.8106,37.442,88.92
3.742,21.9443,29.0436,31.6975,1660.13,1585.35,37.0734,39.8085,37.438,88.92
3.743,21.9401,29.0475,31.7118,1661,1586.2,37.0701,39.8065,37.4341,88.92
3.744,21.9359,29.0515,31.726,1661.87,1587.05,37.0669,39.8044,37.4301,88.92
3.745,21.9317,29.0554,31.7402,1662.74,1587.9,37.0637,39.8023,37.4261,88.92
3.746,21.9275,29.0593,31.7544,1663.61,1588.75,37.0605,39.8002,37.4222,88.92
3.747,21.9233,29.0631,31.7686,1664.48,1589.6,37.0573,39.7981,37.4182,88.92
3.748,21.9191,29.0669,31.7827,1665.35,1590.45,37.0541,39.796,37.4143,88.92
3.749,21.9148,29.0707,31.7968,1666.23,1591.3,37.0509,39.7938,37.4103,88.92
3.75,21.9106,29.0744,31.8109,1667.1,1592.15,37.0477,39.7916,37.4064,88.92
3.751,21.9063,29.0781,31.825,1667.97,1593,37.0445,39.7894,37.4025,88.92
3.752,21.902,29.0818,31.8391,1668.85,1593.85,37.0413,39.7872,37.3985,88.92
3.753,21.8977,29.0854,31.8531,1669.72,1594.7,37.0382,39.785,37.3946,88.92
3.754,21.8934,29.089,31.8671,1670.6,1595.55,37.035,39.7827,37.3907,88.92
3.755,21.8891,29.0926,31.8811,1671.47,1596.4,37.0319,39.7804,37.3868,88.92
3.756,21.8848,29.0961,31.8951,1672.35,1597.25,37.0288,39.7782,37.383,88.92
3.757,21.8805,29.0996,31.909,1673.22,1598.1,37.0257,39.7758,37.3791,88.92
3.758,21.8761,29.1031,31.9229,1674.1,1598.95,37.0226,39.7735,37.3752,88.92
3.759,21.8718,29.1065,31.9368,1674.98,1599.8,37.0195,39.7712,37.3714,88.92
3.76,21.8674,29.1099,31.9507,1675.85,1600.66,37.0164,39.7688,37.3675,88.92
3.761,21.863,29.1132,31.9645,1676.73,1601.51,37.0133,39.7664,37.3637,88.92
3.762,21.8587,29.1166,31.9784,1677.61,1602.36,37.0102,39.7641,37.3598,88.92
3.763,21.8543,29.1199,31.9921,1678.49,1603.21,37.0072,39.7616,37.356,88.92
3.764,21.8499,29.1231,32.0059,1679.37,1604.06,37.0041,39.7592,37.3522,88.92
3.765,21.8455,29.1264,32.0197,1680.24,1604.91,37.0011,39.7568,37.3484,88.92
3.766,21.841,29.1296,32.0334,1681.12,1605.76,36.998,39.7543,37.3446,88.92
3.767,21.8366,29.1327,32.0471,1682,1606.61,36.995,39.7518,37.3408,88.92
3.768,21.8322,29.1358,32.0608,1682.88,1607.47,36.992,39.7493,37.337,88.92
3.769,21.8277,29.1389,32.0744,1683.77,1608.32,36.989,39.7468,37.3332,88.92
3.77,21.8233,29.142,32.088,1684.65,1609.17,36.986,39.7443,37.3294,88.92
3.771,21.8188,29.145,32.1016,1685.53,1610.02,36.983,39.7417,37.3257,88.92
3.772,21.8143,29.148,32.1152,1686.41,1610.87,36.98,39.7392,37.3219,88.92
3.773,21.8098,29.151,32.1287,1687.29,1611.73,36.977,39.7366,37.3182,88.92
3.774,21.8053,29.1539,32.1423,1688.18,1612.58,36.9741,39.734,37.3144,88.92
3.775,21.8008,29.1568,32.1557,1689.06,1613.43,36.9711,39.7314,37.3107,88.92
3.776,21.7963,29.1596,32.1692,1689.94,1614.28,36.9682,39.7288,37.307,88.92
3.777,21.7918,29.1624,32.1826,1690.83,1615.14,36.9653,39.7261,37.3032,88.92
3.778,21.7873,29.1652,32.1961,1691.71,1615.99,36.9623,39.7234,37.2995,88.92
3.779,21.7827,29.168,32.2094,1692.6,1616.84,36.9594,39.7208,37.2958,88.92
3.78,21.7782,29.1707,32.2228,1693.49,1617.7,36.9565,39.7181,37.2922,88.92
3.781,21.7736,29.1734,32.2361,1694.37,1618.55,36.9536,39.7154,37.2885,88.92
3.782,21.7691,29.176,32.2494,1695.26,1619.4,36.9508,39.7126,37.2848,88.92
3.783,21.7645,29.1786,32.2627,1696.15,1620.26,36.9479,39.7099,37.2811,88.92
3.784,21.7599,29.1812,32.2759,1697.03,1621.11,36.945,39.7071,37.2775,88.92
3.785,21.7553,29.1838,32.2892,1697.92,1621.97,36.9422,39.7044,37.2738,88.92
3.786,21.7507,29.1863,32.3023,1698.81,1622.82,36.9393,39.7016,37.2702,88.92
3.787,21.7461,29.1888,32.3155,1699.7,1623.68,36.9365,39.6988,37.2666,88.92
3.788,21.7415,29.1912,32.3286,1700.59,1624.53,36.9336,39.6959,37.2629,88.92
3.789,21.7369,29.1936,32.3417,1701.48,1625.39,36.9308,39.6931,37.2593,88.92
3.79,21.7323,29.196,32.3548,1702.37,1626.24,36.928,39.6902,37.2557,88.92
3.791,21.7277,29.1983,32.3679,1703.26,1627.1,36.9252,39.6874,37.2521,88.92
3.792,21.723,29.2006,32.3809,1704.15,1627.95,36.9224,39.6845,37.2485,88.92
3.793,21.7184,29.2029,32.3939,1705.04,1628.81,36.9197,39.6816,37.2449,88.92
3.794,21.7137,29.2051,32.4068,1705.94,1629.67,36.9169,39.6787,37.2414,88.92
3.795,21.7091,29.2073,32.4197,1706.83,1630.52,36.9141,39.6757,37.2378,88.92
3.796,21.7044,29.2095,32.4326,1707.72,1631.38,36.9114,39.6728,37.2342,88.92
3.797,21.6997,29.2116,32.4455,1708.62,1632.24,36.9086,39.6698,37.2307,88.92
3.798,21.695,29.2137,32.4583,1709.51,1633.09,36.9059,39.6669,37.2272,88.92
3.799,21.6904,29.2158,32.4712,1710.4,1633.95,36.9032,39.6639,37.2236,88.92
3.8,21.6857,29.2178,32.4839,1711.3,1634.81,36.9005,39.6609,37.2201,88.92
3.801,21.681,29.2198,32.4967,1712.19,1635.67,36.8977,39.6578,37.2166,88.92
3.802,21.6763,29.2218,32.5094,1713.09,1636.53,36.8951,39.6548,37.2131,88.92
3.803,21.6716,29.2237,32.5221,1713.99,1637.38,36.8924,39.6517,37.2096,88.92
3.804,21.6668,29.2256,32.5347,1714.88,1638.24,36.8897,39.6487,37.2061,88.92
3.805,21.6621,29.2275,32.5474,1715.78,1639.1,36.887,39.6456,37.2026,88.92
3.806,21.6574,29.2293,32.5599,1716.68,1639.96,36.8844,39.6425,37.1992,88.92
3.807,21.6526,29.2311,32.5725,1717.58,1640.82,36.8817,39.6394,37.1957,88.92
3.808,21.6479,29.2328,32.585,1718.48,1641.68,36.8791,39.6363,37.1922,88.92
3.809,21.6432,29.2346,32.5975,1719.38,1642.54,36.8764,39.6331,37.1888,88.92
3.81,21.6384,29.2362,32.61,1720.28,1643.4,36.8738,39.63,37.1854,88.92
3.811,21.6336,29.2379,32.6224,1721.18,1644.26,36.8712,39.6268,37.1819,88.92
3.812,21.6289,29.2395,32.6348,1722.08,1645.12,36.8686,39.6236,37.1785,88.92
3.813,21.6241,29.2411,32.6472,1722.98,1645.99,36.866,39.6204,37.1751,88.92
3.814,21.6193,29.2426,32.6595,1723.88,1646.85,36.8634,39.6172,37.1717,88.92
3.815,21.6146,29.2441,32.6718,1724.78,1647.71,36.8609,39.614,37.1683,88.92
3.816,21.6098,29.2456,32.6841,1725.68,1648.57,36.8583,39.6108,37.1649,88.92
3.817,21.605,29.2471,32.6963,1726.59,1649.44,36.8558,39.6075,37.1615,88.92
3.818,21.6002,29.2485,32.7085,1727.49,1650.3,36.8532,39.6043,37.1582,88.92
3.819,21.5954,29.2498,32.7207,1728.39,1651.16,36.8507,39.601,37.1548,88.92
3.82,21.5906,29.2512,32.7328,1729.3,1652.03,36.8481,39.5977,37.1515,88.92
3.821,21.5858,29.2525,32.7449,1730.2,1652.89,36.8456,39.5944,37.1481,88.92
3.822,21.581,29.2538,32.757,1731.11,1653.76,36.8431,39.5911,37.1448,88.92
3.823,21.5761,29.255,32.769,1732.01,1654.62,36.8406,39.5877,37.1415,88.92
3.824,21.5713,29.2562,32.781,1732.92,1655.49,36.8381,39.5844,37.1381,88.92
3.825,21.5665,29.2574,32.793,1733.83,1656.35,36.8357,39.581,37.1348,88.92
3.826,21.5617,29.2585,32.8049,1734.73,1657.22,36.8332,39.5776,37.1315,88.92
3.827,21.5568,29.2596,32.8168,1735.64,1658.09,36.8307,39.5743,37.1283,88.92
3.828,21.552,29.2607,32.8287,1736.55,1658.95,36.8283,39.5709,37.125,88.92
3.829,21.5472,29.2617,32.8405,1737.46,1659.82,36.8258,39.5674,37.1217,88.92
3.83,21.5423,29.2627,32.8523,1738.36,1660.69,36.8234,39.564,37.1184,88.92
3.831,21.5375,29.2637,32.8641,1739.27,1661.56,36.821,39.5606,37.1152,88.92
3.832,21.5326,29.2646,32.8758,1740.18,1662.42,36.8186,39.5571,37.1119,88.92
3.833,21.5278,29.2655,32.8875,1741.09,1663.29,36.8162,39.5537,37.1087,88.92
3.834,21.5229,29.2663,32.8991,1742,1664.16,36.8138,39.5502,37.1055,88.92
3.835,21.518,29.2672,32.9107,1742.91,1665.03,36.8114,39.5467,37.1023,88.92
3.836,21.5132,29.2679,32.9223,1743.82,1665.9,36.809,39.5432,37.099,88.92
3.837,21.5083,29.2687,32.9339,1744.74,1666.77,36.8067,39.5397,37.0958,88.92
3.838,21.5034,29.2694,32.9454,1745.65,1667.64,36.8043,39.5361,37.0927,88.92
3.839,21.4986,29.2701,32.9568,1746.56,1668.52,36.802,39.5326,37.0895,88.92
3.84,21.4937,29.2708,32.9683,1747.47,1669.39,36.7996,39.5291,37.0863,88.92
3.841,21.4888,29.2714,32.9797,1748.39,1670.26,36.7973,39.5255,37.0831,88.92
3.842,21.4839,29.272,32.991,1749.3,1671.13,36.795,39.5219,37.08,88.92
3.843,21.479,29.2725,33.0024,1750.21,1672.01,36.7927,39.5183,37.0768,88.92
3.844,21.4741,29.273,33.0137,1751.13,1672.88,36.7904,39.5147,37.0737,88.92
3.845,21.4692,29.2735,33.0249,1752.04,1673.75,36.7881,39.5111,37.0706,88.92
3.846,21.4643,29.274,33.0361,1752.96,1674.63,36.7858,39.5075,37.0674,88.92
3.847,21.4595,29.2744,33.0473,1753.87,1675.5,36.7835,39.5038,37.0643,88.92
3.848,21.4546,29.2747,33.0584,1754.79,1676.38,36.7813,39.5002,37.0612,88.92
3.849,21.4497,29.2751,33.0695,1755.71,1677.25,36.779,39.4965,37.0581,88.92
3.85,21.4448,29.2754,33.0806,1756.62,1678.13,36.7768,39.4929,37.055,88.92
3.851,21.4399,29.2757,33.0916,1757.54,1679.01,36.7745,39.4892,37.052,88.92
3.852,21.4349,29.2759,33.1026,1758.46,1679.88,36.7723,39.4855,37.0489,88.92
3.853,21.43,29.2761,33.1136,1759.37,1680.76,36.7701,39.4818,37.0458,88.92
3.854,21.4251,29.2763,33.1245,1760.29,1681.64,36.7679,39.478,37.0428,88.92
3.855,21.4202,29.2764,33.1354,1761.21,1682.52,36.7657,39.4743,37.0397,88.92
3.856,21.4153,29.2765,33.1462,1762.13,1683.4,36.7635,39.4706,37.0367,88.92
3.857,21.4104,29.2766,33.157,1763.05,1684.28,36.7613,39.4668,37.0337,88.92
3.858,21.4055,29.2767,33.1678,1763.97,1685.16,36.7592,39.4631,37.0307,88.92
3.859,21.4006,29.2767,33.1785,1764.89,1686.04,36.757,39.4593,37.0277,88.92
3.86,21.3957,29.2766,33.1892,1765.81,1686.92,36.7549,39.4555,37.0247,88.92
3.861,21.3907,29.2766,33.1998,1766.73,1687.8,36.7527,39.4517,37.0217,88.92
3.862,21.3858,29.2765,33.2104,1767.65,1688.68,36.7506,39.4479,37.0187,88.92
3.863,21.3809,29.2763,33.221,1768.57,1689.56,36.7485,39.4441,37.0157,88.92
3.864,21.376,29.2762,33.2315,1769.49,1690.45,36.7464,39.4402,37.0128,88.92
3.865,21.3711,29.276,33.242,1770.41,1691.33,36.7443,39.4364,37.0098,88.92
3.866,21.3661,29.2757,33.2525,1771.34,1692.21,36.7422,39.4325,37.0069,88.92
3.867,21.3612,29.2755,33.2629,1772.26,1693.1,36.7401,39.4287,37.004,88.92
3.868,21.3563,29.2752,33.2732,1773.18,1693.98,36.738,39.4248,37.001,88.92
3.869,21.3514,29.2748,33.2836,1774.1,1694.87,36.736,39.4209,36.9981,88.92
3.87,21.3465,29.2745,33.2938,1775.03,1695.75,36.7339,39.417,36.9952,88.92
3.871,21.3415,29.2741,33.3041,1775.95,1696.64,36.7319,39.4131,36.9923,88.92
3.872,21.3366,29.2736,33.3143,1776.87,1697.53,36.7298,39.4092,36.9894,88.92
3.873,21.3317,29.2732,33.3245,1777.8,1698.41,36.7278,39.4053,36.9866,88.92
3.874,21.3268,29.2727,33.3346,1778.72,1699.3,36.7258,39.4013,36.9837,88.92
3.875,21.3219,29.2721,33.3447,1779.65,1700.19,36.7238,39.3974,36.9808,88.92
3.876,21.3169,29.2715,33.3547,1780.57,1701.08,36.7218,39.3934,36.978,88.92
3.877,21.312,29.2709,33.3647,1781.5,1701.97,36.7198,39.3894,36.9751,88.92
3.878,21.3071,29.2703,33.3747,1782.42,1702.86,36.7178,39.3855,36.9723,88.92
3.879,21.3022,29.2696,33.3846,1783.35,1703.75,36.7158,39.3815,36.9695,88.92
3.88,21.2973,29.2689,33.3945,1784.27,1704.64,36.7139,39.3775,36.9667,88.92
3.881,21.2923,29.2682,33.4043,1785.2,1705.53,36.7119,39.3735,36.9639,88.92
3.882,21.2874,29.2674,33.4141,1786.13,1706.42,36.71,39.3695,36.9611,88.92
3.883,21.2825,29.2666,33.4239,1787.05,1707.31,36.708,39.3654,36.9583,88.92
3.884,21.2776,29.2658,33.4336,1787.98,1708.2,36.7061,39.3614,36.9555,88.92
3.885,21.2727,29.2649,33.4433,1788.91,1709.1,36.7042,39.3573,36.9527,88.92
3.886,21.2678,29.264,33.4529,1789.84,1709.99,36.7023,39.3533,36.95,88.92
3.887,21.2629,29.2631,33.4625,1790.76,1710.89,36.7004,39.3492,36.9472,88.92
3.888,21.258,29.2621,33.4721,1791.69,1711.78,36.6985,39.3451,36.9445,88.92
3.889,21.2531,29.2611,33.4816,1792.62,1712.68,36.6966,39.3411,36.9417,88.92
3.89,21.2482,29.2601,33.491,1793.55,1713.57,36.6948,39.337,36.939,88.92
3.891,21.2432,29.259,33.5005,1794.48,1714.47,36.6929,39.3329,36.9363,88.92
3.892,21.2383,29.2579,33.5098,1795.4,1715.36,36.691,39.3287,36.9336,88.92
3.893,21.2334,29.2568,33.5192,1796.33,1716.26,36.6892,39.3246,36.9309,88.92
3.894,21.2286,29.2556,33.5285,1797.26,1717.16,36.6874,39.3205,36.9282,88.92
3.895,21.2237,29.2544,33.5377,1798.19,1718.06,36.6855,39.3163,36.9255,88.92
3.896,21.2188,29.2532,33.5469,1799.12,1718.96,36.6837,39.3122,36.9229,88.92
3.897,21.2139,29.2519,33.5561,1800.05,1719.85,36.6819,39.308,36.9202,88.92
3.898,21.209,29.2506,33.5652,1800.98,1720.75,36.6801,39.3039,36.9175,88.92
3.899,21.2041,29.2493,33.5743,1801.91,1721.65,36.6783,39.2997,36.9149,88.92
3.9,21.1992,29.2479,33.5833,1802.84,1722.55,36.6766,39.2955,36.9123,88.92
3.901,21.1943,29.2465,33.5923,1803.77,1723.46,36.6748,39.2913,36.9096,88.92
3.902,21.1895,29.2451,33.6013,1804.7,1724.36,36.673,39.2871,36.907,88.92
3.903,21.1846,29.2437,33.6102,1805.63,1725.26,36.6713,39.2829,36.9044,88.92
3.904,21.1797,29.2422,33.619,1806.56,1726.16,36.6696,39.2787,36.9018,88.92
3.905,21.1748,29.2406,33.6279,1807.49,1727.06,36.6678,39.2745,36.8992,88.92
3.906,21.17,29.2391,33.6366,1808.42,1727.97,36.6661,39.2702,36.8967,88.92
3.907,21.1651,29.2375,33.6454,1809.36,1728.87,36.6644,39.266,36.8941,88.92
3.908,21.1602,29.2359,33.6541,1810.29,1729.78,36.6627,39.2617,36.8915,88.92
3.909,21.1554,29.2342,33.6627,1811.22,1730.68,36.661,39.2575,36.889,88.92
3.91,21.1505,29.2325,33.6713,1812.15,1731.59,36.6593,39.2532,36.8864,88.92
3.911,21.1457,29.2308,33.6798,1813.08,1732.49,36.6576,39.2489,36.8839,88.92
3.912,21.1408,29.2291,33.6884,1814.01,1733.4,36.656,39.2446,36.8814,88.92
3.913,21.136,29.2273,33.6968,1814.94,1734.31,36.6543,39.2403,36.8789,88.92
3.914,21.1312,29.2255,33.7052,1815.88,1735.21,36.6527,39.236,36.8764,88.92
3.915,21.1263,29.2236,33.7136,1816.81,1736.12,36.651,39.2317,36.8739,88.92
3.916,21.1215,29.2217,33.722,1817.74,1737.03,36.6494,39.2274,36.8714,88.92
3.917,21.1167,29.2198,33.7302,1818.67,1737.94,36.6478,39.2231,36.8689,88.92
3.918,21.1118,29.2179,33.7385,1819.6,1738.85,36.6461,39.2188,36.8664,88.92
3.919,21.107,29.2159,33.7467,1820.54,1739.76,36.6445,39.2144,36.864,88.92
3.92,21.1022,29.2139,33.7548,1821.47,1740.67,36.6429,39.2101,36.8615,88.92
3.921,21.0974,29.2119,33.7629,1822.4,1741.58,36.6414,39.2057,36.8591,88.92
3.922,21.0926,29.2098,33.771,1823.33,1742.49,36.6398,39.2014,36.8567,88.92
3.923,21.0878,29.2077,33.779,1824.27,1743.4,36.6382,39.197,36.8542,88.92
3.924,21.083,29.2056,33.787,1825.2,1744.31,36.6367,39.1926,36.8518,88.92
3.925,21.0782,29.2034,33.7949,1826.13,1745.22,36.6351,39.1882,36.8494,88.92
3.926,21.0734,29.2012,33.8028,1827.06,1746.14,36.6336,39.1838,36.847,88.92
3.927,21.0686,29.199,33.8106,1828,1747.05,36.632,39.1794,36.8446,88.92
3.928,21.0638,29.1968,33.8184,1828.93,1747.96,36.6305,39.175,36.8423,88.92
3.929,21.0591,29.1945,33.8262,1829.86,1748.88,36.629,39.1706,36.8399,88.92
3.93,21.0543,29.1922,33.8339,1830.79,1749.79,36.6275,39.1662,36.8375,88.92
3.931,21.0495,29.1898,33.8415,1831.73,1750.71,36.626,39.1618,36.8352,88.92
3.932,21.0448,29.1874,33.8491,1832.66,1751.62,36.6245,39.1573,36.8328,88.92
3.933,21.04,29.185,33.8567,1833.59,1752.54,36.623,39.1529,36.8305,88.92
3.934,21.0353,29.1826,33.8642,1834.52,1753.45,36.6216,39.1484,36.8282,88.92
3.935,21.0305,29.1801,33.8716,1835.46,1754.37,36.6201,39.144,36.8259,88.92
3.936,21.0258,29.1776,33.8791,1836.39,1755.29,36.6187,39.1395,36.8236,88.92
3.937,21.0211,29.1751,33.8864,1837.32,1756.2,36.6172,39.1351,36.8213,88.92
3.938,21.0164,29.1725,33.8938,1838.26,1757.12,36.6158,39.1306,36.819,88.92
3.939,21.0116,29.1699,33.9011,1839.19,1758.04,36.6144,39.1261,36.8167,88.92
3.94,21.0069,29.1673,33.9083,1840.12,1758.96,36.6129,39.1216,36.8144,88.92
3.941,21.0022,29.1646,33.9155,1841.05,1759.88,36.6115,39.1171,36.8122,88.92
3.942,20.9975,29.1619,33.9226,1841.99,1760.8,36.6101,39.1126,36.8099,88.92
3.943,20.9928,29.1592,33.9297,1842.92,1761.72,36.6087,39.1081,36.8077,88.92
3.944,20.9881,29.1565,33.9368,1843.85,1762.64,36.6074,39.1036,36.8055,88.92
3.945,20.9835,29.1537,33.9438,1844.78,1763.56,36.606,39.0991,36.8032,88.92
3.946,20.9788,29.1509,33.9507,1845.72,1764.48,36.6046,39.0946,36.801,88.92
3.947,20.9741,29.1481,33.9576,1846.65,1765.4,36.6033,39.09,36.7988,88.92
3.948,20.9694,29.1452,33.9645,1847.58,1766.32,36.6019,39.0855,36.7966,88.92
3.949,20.9648,29.1423,33.9713,1848.51,1767.24,36.6006,39.081,36.7944,88.92
3.95,20.9601,29.1394,33.978,1849.45,1768.16,36.5993,39.0764,36.7923,88.92
3.951,20.9555,29.1364,33.9848,1850.38,1769.08,36.5979,39.0719,36.7901,88.92
3.952,20.9509,29.1334,33.9914,1851.31,1770.01,36.5966,39.0673,36.7879,88.92
3.953,20.9462,29.1304,33.9981,1852.24,1770.93,36.5953,39.0627,36.7858,88.92
3.954,20.9416,29.1274,34.0046,1853.18,1771.85,36.594,39.0582,36.7836,88.92
3.955,20.937,29.1243,34.0112,1854.11,1772.78,36.5928,39.0536,36.7815,88.92
3.956,20.9324,29.1212,34.0176,1855.04,1773.7,36.5915,39.049,36.7794,88.92
3.957,20.9278,29.118,34.0241,1855.97,1774.63,36.5902,39.0444,36.7773,88.92
3.958,20.9232,29.1149,34.0304,1856.9,1775.55,36.589,39.0398,36.7752,88.92
3.959,20.9186,29.1117,34.0368,1857.84,1776.48,36.5877,39.0352,36.7731,88.92
3.96,20.914,29.1085,34.0431,1858.77,1777.4,36.5865,39.0306,36.771,88.92
3.961,20.9095,29.1052,34.0493,1859.7,1778.33,36.5852,39.026,36.7689,88.92
3.962,20.9049,29.1019,34.0555,1860.63,1779.25,36.584,39.0214,36.7669,88.92
3.963,20.9003,29.0986,34.0616,1861.56,1780.18,36.5828,39.0168,36.7648,88.92
3.964,20.8958,29.0953,34.0677,1862.49,1781.1,36.5816,39.0122,36.7627,88.92
3.965,20.8912,29.0919,34.0738,1863.43,1782.03,36.5804,39.0075,36.7607,88.92
3.966,20.8867,29.0885,34.0798,1864.36,1782.96,36.5792,39.0029,36.7587,88.92
3.967,20.8822,29.0851,34.0857,1865.29,1783.89,36.578,38.9982,36.7567,88.92
3.968,20.8777,29.0816,34.0916,1866.22,1784.81,36.5769,38.9936,36.7546,88.92
3.969,20.8732,29.0782,34.0975,1867.15,1785.74,36.5757,38.989,36.7526,88.92
3.97,20.8687,29.0747,34.1033,1868.08,1786.67,36.5745,38.9843,36.7506,88.92
3.971,20.8642,29.0711,34.109,1869.01,1787.6,36.5734,38.9796,36.7487,88.92
3.972,20.8597,29.0675,34.1148,1869.94,1788.53,36.5723,38.975,36.7467,88.92
3.973,20.8552,29.064,34.1204,1870.87,1789.45,36.5711,38.9703,36.7447,88.92
3.974,20.8508,29.0603,34.126,1871.8,1790.38,36.57,38.9656,36.7428,88.92
3.975,20.8463,29.0567,34.1316,1872.73,1791.31,36.5689,38.961,36.7408,88.92
3.976,20.8418,29.053,34.1371,1873.67,1792.24,36.5678,38.9563,36.7389,88.92
3.977,20.8374,29.0493,34.1426,1874.6,1793.17,36.5667,38.9516,36.7369,88.92
3.978,20.833,29.0456,34.148,1875.53,1794.1,36.5656,38.9469,36.735,88.92
3.979,20.8286,29.0418,34.1533,1876.46,1795.03,36.5645,38.9422,36.7331,88.92
3.98,20.8241,29.038,34.1587,1877.39,1795.96,36.5635,38.9375,36.7312,88.92
3.981,20.8197,29.0342,34.1639,1878.32,1796.89,36.5624,38.9328,36.7293,88.92
3.982,20.8153,29.0303,34.1691,1879.24,1797.82,36.5613,38.9281,36.7274,88.92
3.983,20.811,29.0265,34.1743,1880.17,1798.75,36.5603,38.9234,36.7255,88.92
3.984,20.8066,29.0226,34.1794,1881.1,1799.68,36.5593,38.9187,36.7237,88.92
3.985,20.8022,29.0186,34.1845,1882.03,1800.61,36.5582,38.914,36.7218,88.92
3.986,20.7979,29.0147,34.1895,1882.96,1801.55,36.5572,38.9092,36.7199,88.92
3.987,20.7935,29.0107,34.1945,1883.89,1802.48,36.5562,38.9045,36.7181,88.92
3.988,20.7892,29.0067,34.1994,1884.82,1803.41,36.5552,38.8998,36.7163,88.92
3.989,20.7848,29.0026,34.2043,1885.75,1804.34,36.5542,38.895,36.7144,88.92
3.99,20.7805,28.9986,34.2091,1886.68,1805.27,36.5532,38.8903,36.7126,88.92
3.991,20.7762,28.9945,34.2139,1887.61,1806.2,36.5523,38.8856,36.7108,88.92
3.992,20.7719,28.9904,34.2186,1888.54,1807.14,36.5513,38.8808,36.709,88.92
3.993,20.7676,28.9862,34.2233,1889.46,1808.07,36.5503,38.8761,36.7072,88.92
3.994,20.7633,28.982,34.2279,1890.39,1809,36.5494,38.8713,36.7055,88.92
3.995,20.7591,28.9778,34.2325,1891.32,1809.93,36.5484,38.8666,36.7037,88.92
3.996,20.7548,28.9736,34.237,1892.25,1810.87,36.5475,38.8618,36.7019,88.92
3.997,20.7506,28.9694,34.2415,1893.18,1811.8,36.5466,38.857,36.7002,88.92
3.998,20.7463,28.9651,34.2459,1894.1,1812.73,36.5457,38.8523,36.6984,88.92
3.999,20.7421,28.9608,34.2503,1895.03,1813.66,36.5447,38.8475,36.6967,88.92
4,20.7379,28.9565,34.2546,1895.96,1814.6,36.5438,38.8427,36.695,88.92
